Netgen 1.5.318 compiled on Thu Apr 16 09:02:45 PM CEST 2026
Warning: netgen command 'format' use fully-qualified name '::netgen::format'
Warning: netgen command 'global' use fully-qualified name '::netgen::global'
Warning:  A case-insensitive file has been read and so the	verilog file must be treated case-insensitive to match.
Reading SPICE netlist file '/foss/pdks/gf180mcuD/libs.ref/gf180mcu_fd_sc_mcu7t5v0/spice/gf180mcu_fd_sc_mcu7t5v0.spice'...
Call to undefined subcircuit nfet_05v0
Creating placeholder cell definition.
Call to undefined subcircuit pfet_05v0
Creating placeholder cell definition.
Reading Verilog netlist file '/foss/runs/pnr-5357/grouper/librelane/classic/runs/sdc_falsepath_fix/50-openroad-fillinsertion/grouper_soc_chip_core.pnl.v'...
Warning:  A case-insensitive file has been read and so the	verilog file must be treated case-insensitive to match.
Note:  Implicit pin VNW in instance PHY_EDGE_ROW_0_Left_275 of gf180mcu_fd_sc_mcu7t5v0__endcap in cell grouper_soc_chip_core
Note:  Implicit pin VPW in instance PHY_EDGE_ROW_0_Left_275 of gf180mcu_fd_sc_mcu7t5v0__endcap in cell grouper_soc_chip_core
Note:  Implicit pin VNW in instance PHY_EDGE_ROW_0_Right_0 of gf180mcu_fd_sc_mcu7t5v0__endcap in cell grouper_soc_chip_core
Note:  Implicit pin VPW in instance PHY_EDGE_ROW_0_Right_0 of gf180mcu_fd_sc_mcu7t5v0__endcap in cell grouper_soc_chip_core
Note:  Implicit pin VNW in instance PHY_EDGE_ROW_100_1_Left_374 of gf180mcu_fd_sc_mcu7t5v0__endcap in cell grouper_soc_chip_core
Note:  Implicit pin VPW in instance PHY_EDGE_ROW_100_1_Left_374 of gf180mcu_fd_sc_mcu7t5v0__endcap in cell grouper_soc_chip_core
Note:  Implicit pin VNW in instance PHY_EDGE_ROW_100_1_Right_743 of gf180mcu_fd_sc_mcu7t5v0__endcap in cell grouper_soc_chip_core
Note:  Implicit pin VPW in instance PHY_EDGE_ROW_100_1_Right_743 of gf180mcu_fd_sc_mcu7t5v0__endcap in cell grouper_soc_chip_core
Note:  Implicit pin VNW in instance PHY_EDGE_ROW_100_5_Left_606 of gf180mcu_fd_sc_mcu7t5v0__endcap in cell grouper_soc_chip_core
Note:  Implicit pin VPW in instance PHY_EDGE_ROW_100_5_Left_606 of gf180mcu_fd_sc_mcu7t5v0__endcap in cell grouper_soc_chip_core
Note:  Implicit pin VNW in instance PHY_EDGE_ROW_100_5_Right_193 of gf180mcu_fd_sc_mcu7t5v0__endcap in cell grouper_soc_chip_core
Note:  Implicit pin VPW in instance PHY_EDGE_ROW_100_5_Right_193 of gf180mcu_fd_sc_mcu7t5v0__endcap in cell grouper_soc_chip_core
Note:  Implicit pin VNW in instance PHY_EDGE_ROW_101_1_Left_375 of gf180mcu_fd_sc_mcu7t5v0__endcap in cell grouper_soc_chip_core
Note:  Implicit pin VPW in instance PHY_EDGE_ROW_101_1_Left_375 of gf180mcu_fd_sc_mcu7t5v0__endcap in cell grouper_soc_chip_core
Note:  Implicit pin VNW in instance PHY_EDGE_ROW_101_1_Right_744 of gf180mcu_fd_sc_mcu7t5v0__endcap in cell grouper_soc_chip_core
Note:  Implicit pin VPW in instance PHY_EDGE_ROW_101_1_Right_744 of gf180mcu_fd_sc_mcu7t5v0__endcap in cell grouper_soc_chip_core
Note:  Implicit pin VNW in instance PHY_EDGE_ROW_101_5_Left_607 of gf180mcu_fd_sc_mcu7t5v0__endcap in cell grouper_soc_chip_core
Note:  Implicit pin VPW in instance PHY_EDGE_ROW_101_5_Left_607 of gf180mcu_fd_sc_mcu7t5v0__endcap in cell grouper_soc_chip_core
Note:  Implicit pin VNW in instance PHY_EDGE_ROW_101_5_Right_194 of gf180mcu_fd_sc_mcu7t5v0__endcap in cell grouper_soc_chip_core
Note:  Implicit pin VPW in instance PHY_EDGE_ROW_101_5_Right_194 of gf180mcu_fd_sc_mcu7t5v0__endcap in cell grouper_soc_chip_core
Note:  Implicit pin VNW in instance PHY_EDGE_ROW_102_1_Left_376 of gf180mcu_fd_sc_mcu7t5v0__endcap in cell grouper_soc_chip_core
Note:  Implicit pin VPW in instance PHY_EDGE_ROW_102_1_Left_376 of gf180mcu_fd_sc_mcu7t5v0__endcap in cell grouper_soc_chip_core
Note:  Implicit pin VNW in instance PHY_EDGE_ROW_102_1_Right_745 of gf180mcu_fd_sc_mcu7t5v0__endcap in cell grouper_soc_chip_core
Note:  Implicit pin VPW in instance PHY_EDGE_ROW_102_1_Right_745 of gf180mcu_fd_sc_mcu7t5v0__endcap in cell grouper_soc_chip_core
Note:  Implicit pin VNW in instance PHY_EDGE_ROW_102_5_Left_608 of gf180mcu_fd_sc_mcu7t5v0__endcap in cell grouper_soc_chip_core
Note:  Implicit pin VPW in instance PHY_EDGE_ROW_102_5_Left_608 of gf180mcu_fd_sc_mcu7t5v0__endcap in cell grouper_soc_chip_core
Note:  Implicit pin VNW in instance PHY_EDGE_ROW_102_5_Right_195 of gf180mcu_fd_sc_mcu7t5v0__endcap in cell grouper_soc_chip_core
Note:  Implicit pin VPW in instance PHY_EDGE_ROW_102_5_Right_195 of gf180mcu_fd_sc_mcu7t5v0__endcap in cell grouper_soc_chip_core
Note:  Implicit pin VNW in instance PHY_EDGE_ROW_103_1_Left_377 of gf180mcu_fd_sc_mcu7t5v0__endcap in cell grouper_soc_chip_core
Note:  Implicit pin VPW in instance PHY_EDGE_ROW_103_1_Left_377 of gf180mcu_fd_sc_mcu7t5v0__endcap in cell grouper_soc_chip_core
Note:  Implicit pin VNW in instance PHY_EDGE_ROW_103_1_Right_746 of gf180mcu_fd_sc_mcu7t5v0__endcap in cell grouper_soc_chip_core
Note:  Implicit pin VPW in instance PHY_EDGE_ROW_103_1_Right_746 of gf180mcu_fd_sc_mcu7t5v0__endcap in cell grouper_soc_chip_core
Note:  Implicit pin VNW in instance PHY_EDGE_ROW_103_5_Left_609 of gf180mcu_fd_sc_mcu7t5v0__endcap in cell grouper_soc_chip_core
Note:  Implicit pin VPW in instance PHY_EDGE_ROW_103_5_Left_609 of gf180mcu_fd_sc_mcu7t5v0__endcap in cell grouper_soc_chip_core
Note:  Implicit pin VNW in instance PHY_EDGE_ROW_103_5_Right_196 of gf180mcu_fd_sc_mcu7t5v0__endcap in cell grouper_soc_chip_core
Note:  Implicit pin VPW in instance PHY_EDGE_ROW_103_5_Right_196 of gf180mcu_fd_sc_mcu7t5v0__endcap in cell grouper_soc_chip_core
Note:  Implicit pin VNW in instance PHY_EDGE_ROW_104_1_Left_378 of gf180mcu_fd_sc_mcu7t5v0__endcap in cell grouper_soc_chip_core
Note:  Implicit pin VPW in instance PHY_EDGE_ROW_104_1_Left_378 of gf180mcu_fd_sc_mcu7t5v0__endcap in cell grouper_soc_chip_core
Note:  Implicit pin VNW in instance PHY_EDGE_ROW_104_1_Right_747 of gf180mcu_fd_sc_mcu7t5v0__endcap in cell grouper_soc_chip_core
Note:  Implicit pin VPW in instance PHY_EDGE_ROW_104_1_Right_747 of gf180mcu_fd_sc_mcu7t5v0__endcap in cell grouper_soc_chip_core
Note:  Implicit pin VNW in instance PHY_EDGE_ROW_104_5_Left_610 of gf180mcu_fd_sc_mcu7t5v0__endcap in cell grouper_soc_chip_core
Note:  Implicit pin VPW in instance PHY_EDGE_ROW_104_5_Left_610 of gf180mcu_fd_sc_mcu7t5v0__endcap in cell grouper_soc_chip_core
Note:  Implicit pin VNW in instance PHY_EDGE_ROW_104_5_Right_197 of gf180mcu_fd_sc_mcu7t5v0__endcap in cell grouper_soc_chip_core
Note:  Implicit pin VPW in instance PHY_EDGE_ROW_104_5_Right_197 of gf180mcu_fd_sc_mcu7t5v0__endcap in cell grouper_soc_chip_core
Note:  Implicit pin VNW in instance PHY_EDGE_ROW_105_1_Left_379 of gf180mcu_fd_sc_mcu7t5v0__endcap in cell grouper_soc_chip_core
Note:  Implicit pin VPW in instance PHY_EDGE_ROW_105_1_Left_379 of gf180mcu_fd_sc_mcu7t5v0__endcap in cell grouper_soc_chip_core
Note:  Implicit pin VNW in instance PHY_EDGE_ROW_105_1_Right_748 of gf180mcu_fd_sc_mcu7t5v0__endcap in cell grouper_soc_chip_core
Note:  Implicit pin VPW in instance PHY_EDGE_ROW_105_1_Right_748 of gf180mcu_fd_sc_mcu7t5v0__endcap in cell grouper_soc_chip_core
Note:  Implicit pin VNW in instance PHY_EDGE_ROW_105_5_Left_611 of gf180mcu_fd_sc_mcu7t5v0__endcap in cell grouper_soc_chip_core
Note:  Implicit pin VPW in instance PHY_EDGE_ROW_105_5_Left_611 of gf180mcu_fd_sc_mcu7t5v0__endcap in cell grouper_soc_chip_core
Note:  Implicit pin VNW in instance PHY_EDGE_ROW_105_5_Right_198 of gf180mcu_fd_sc_mcu7t5v0__endcap in cell grouper_soc_chip_core
Note:  Implicit pin VPW in instance PHY_EDGE_ROW_105_5_Right_198 of gf180mcu_fd_sc_mcu7t5v0__endcap in cell grouper_soc_chip_core
Note:  Implicit pin VNW in instance PHY_EDGE_ROW_106_1_Left_380 of gf180mcu_fd_sc_mcu7t5v0__endcap in cell grouper_soc_chip_core
Note:  Implicit pin VPW in instance PHY_EDGE_ROW_106_1_Left_380 of gf180mcu_fd_sc_mcu7t5v0__endcap in cell grouper_soc_chip_core
Note:  Implicit pin VNW in instance PHY_EDGE_ROW_106_1_Right_749 of gf180mcu_fd_sc_mcu7t5v0__endcap in cell grouper_soc_chip_core
Note:  Implicit pin VPW in instance PHY_EDGE_ROW_106_1_Right_749 of gf180mcu_fd_sc_mcu7t5v0__endcap in cell grouper_soc_chip_core
Note:  Implicit pin VNW in instance PHY_EDGE_ROW_106_5_Left_612 of gf180mcu_fd_sc_mcu7t5v0__endcap in cell grouper_soc_chip_core
Note:  Implicit pin VPW in instance PHY_EDGE_ROW_106_5_Left_612 of gf180mcu_fd_sc_mcu7t5v0__endcap in cell grouper_soc_chip_core
Note:  Implicit pin VNW in instance PHY_EDGE_ROW_106_5_Right_199 of gf180mcu_fd_sc_mcu7t5v0__endcap in cell grouper_soc_chip_core
Note:  Implicit pin VPW in instance PHY_EDGE_ROW_106_5_Right_199 of gf180mcu_fd_sc_mcu7t5v0__endcap in cell grouper_soc_chip_core
Note:  Implicit pin VNW in instance PHY_EDGE_ROW_107_1_Left_381 of gf180mcu_fd_sc_mcu7t5v0__endcap in cell grouper_soc_chip_core
Note:  Implicit pin VPW in instance PHY_EDGE_ROW_107_1_Left_381 of gf180mcu_fd_sc_mcu7t5v0__endcap in cell grouper_soc_chip_core
Note:  Implicit pin VNW in instance PHY_EDGE_ROW_107_1_Right_750 of gf180mcu_fd_sc_mcu7t5v0__endcap in cell grouper_soc_chip_core
Note:  Implicit pin VPW in instance PHY_EDGE_ROW_107_1_Right_750 of gf180mcu_fd_sc_mcu7t5v0__endcap in cell grouper_soc_chip_core
Note:  Implicit pin VNW in instance PHY_EDGE_ROW_107_5_Left_613 of gf180mcu_fd_sc_mcu7t5v0__endcap in cell grouper_soc_chip_core
Note:  Implicit pin VPW in instance PHY_EDGE_ROW_107_5_Left_613 of gf180mcu_fd_sc_mcu7t5v0__endcap in cell grouper_soc_chip_core
Note:  Implicit pin VNW in instance PHY_EDGE_ROW_107_5_Right_200 of gf180mcu_fd_sc_mcu7t5v0__endcap in cell grouper_soc_chip_core
Note:  Implicit pin VPW in instance PHY_EDGE_ROW_107_5_Right_200 of gf180mcu_fd_sc_mcu7t5v0__endcap in cell grouper_soc_chip_core
Note:  Implicit pin VNW in instance PHY_EDGE_ROW_108_1_Left_382 of gf180mcu_fd_sc_mcu7t5v0__endcap in cell grouper_soc_chip_core
Note:  Implicit pin VPW in instance PHY_EDGE_ROW_108_1_Left_382 of gf180mcu_fd_sc_mcu7t5v0__endcap in cell grouper_soc_chip_core
Note:  Implicit pin VNW in instance PHY_EDGE_ROW_108_1_Right_751 of gf180mcu_fd_sc_mcu7t5v0__endcap in cell grouper_soc_chip_core
Note:  Implicit pin VPW in instance PHY_EDGE_ROW_108_1_Right_751 of gf180mcu_fd_sc_mcu7t5v0__endcap in cell grouper_soc_chip_core
Note:  Implicit pin VNW in instance PHY_EDGE_ROW_108_5_Left_614 of gf180mcu_fd_sc_mcu7t5v0__endcap in cell grouper_soc_chip_core
Note:  Implicit pin VPW in instance PHY_EDGE_ROW_108_5_Left_614 of gf180mcu_fd_sc_mcu7t5v0__endcap in cell grouper_soc_chip_core
Note:  Implicit pin VNW in instance PHY_EDGE_ROW_108_5_Right_201 of gf180mcu_fd_sc_mcu7t5v0__endcap in cell grouper_soc_chip_core
Note:  Implicit pin VPW in instance PHY_EDGE_ROW_108_5_Right_201 of gf180mcu_fd_sc_mcu7t5v0__endcap in cell grouper_soc_chip_core
Note:  Implicit pin VNW in instance PHY_EDGE_ROW_109_1_Left_383 of gf180mcu_fd_sc_mcu7t5v0__endcap in cell grouper_soc_chip_core
Note:  Implicit pin VPW in instance PHY_EDGE_ROW_109_1_Left_383 of gf180mcu_fd_sc_mcu7t5v0__endcap in cell grouper_soc_chip_core
Note:  Implicit pin VNW in instance PHY_EDGE_ROW_109_1_Right_752 of gf180mcu_fd_sc_mcu7t5v0__endcap in cell grouper_soc_chip_core
Note:  Implicit pin VPW in instance PHY_EDGE_ROW_109_1_Right_752 of gf180mcu_fd_sc_mcu7t5v0__endcap in cell grouper_soc_chip_core
Note:  Implicit pin VNW in instance PHY_EDGE_ROW_109_5_Left_615 of gf180mcu_fd_sc_mcu7t5v0__endcap in cell grouper_soc_chip_core
Note:  Implicit pin VPW in instance PHY_EDGE_ROW_109_5_Left_615 of gf180mcu_fd_sc_mcu7t5v0__endcap in cell grouper_soc_chip_core
Note:  Implicit pin VNW in instance PHY_EDGE_ROW_109_5_Right_202 of gf180mcu_fd_sc_mcu7t5v0__endcap in cell grouper_soc_chip_core
Note:  Implicit pin VPW in instance PHY_EDGE_ROW_109_5_Right_202 of gf180mcu_fd_sc_mcu7t5v0__endcap in cell grouper_soc_chip_core
Note:  Implicit pin VNW in instance PHY_EDGE_ROW_10_Left_285 of gf180mcu_fd_sc_mcu7t5v0__endcap in cell grouper_soc_chip_core
Note:  Implicit pin VPW in instance PHY_EDGE_ROW_10_Left_285 of gf180mcu_fd_sc_mcu7t5v0__endcap in cell grouper_soc_chip_core
Note:  Implicit pin VNW in instance PHY_EDGE_ROW_10_Right_10 of gf180mcu_fd_sc_mcu7t5v0__endcap in cell grouper_soc_chip_core
Note:  Implicit pin VPW in instance PHY_EDGE_ROW_10_Right_10 of gf180mcu_fd_sc_mcu7t5v0__endcap in cell grouper_soc_chip_core
Note:  Implicit pin VNW in instance PHY_EDGE_ROW_110_1_Left_384 of gf180mcu_fd_sc_mcu7t5v0__endcap in cell grouper_soc_chip_core
Note:  Implicit pin VPW in instance PHY_EDGE_ROW_110_1_Left_384 of gf180mcu_fd_sc_mcu7t5v0__endcap in cell grouper_soc_chip_core
Note:  Implicit pin VNW in instance PHY_EDGE_ROW_110_1_Right_753 of gf180mcu_fd_sc_mcu7t5v0__endcap in cell grouper_soc_chip_core
Note:  Implicit pin VPW in instance PHY_EDGE_ROW_110_1_Right_753 of gf180mcu_fd_sc_mcu7t5v0__endcap in cell grouper_soc_chip_core
Note:  Implicit pin VNW in instance PHY_EDGE_ROW_110_5_Left_616 of gf180mcu_fd_sc_mcu7t5v0__endcap in cell grouper_soc_chip_core
Note:  Implicit pin VPW in instance PHY_EDGE_ROW_110_5_Left_616 of gf180mcu_fd_sc_mcu7t5v0__endcap in cell grouper_soc_chip_core
Note:  Implicit pin VNW in instance PHY_EDGE_ROW_110_5_Right_203 of gf180mcu_fd_sc_mcu7t5v0__endcap in cell grouper_soc_chip_core
Note:  Implicit pin VPW in instance PHY_EDGE_ROW_110_5_Right_203 of gf180mcu_fd_sc_mcu7t5v0__endcap in cell grouper_soc_chip_core
Note:  Implicit pin VNW in instance PHY_EDGE_ROW_111_1_Left_385 of gf180mcu_fd_sc_mcu7t5v0__endcap in cell grouper_soc_chip_core
Note:  Implicit pin VPW in instance PHY_EDGE_ROW_111_1_Left_385 of gf180mcu_fd_sc_mcu7t5v0__endcap in cell grouper_soc_chip_core
Note:  Implicit pin VNW in instance PHY_EDGE_ROW_111_1_Right_754 of gf180mcu_fd_sc_mcu7t5v0__endcap in cell grouper_soc_chip_core
Note:  Implicit pin VPW in instance PHY_EDGE_ROW_111_1_Right_754 of gf180mcu_fd_sc_mcu7t5v0__endcap in cell grouper_soc_chip_core
Note:  Implicit pin VNW in instance PHY_EDGE_ROW_111_5_Left_617 of gf180mcu_fd_sc_mcu7t5v0__endcap in cell grouper_soc_chip_core
Note:  Implicit pin VPW in instance PHY_EDGE_ROW_111_5_Left_617 of gf180mcu_fd_sc_mcu7t5v0__endcap in cell grouper_soc_chip_core
Note:  Implicit pin VNW in instance PHY_EDGE_ROW_111_5_Right_204 of gf180mcu_fd_sc_mcu7t5v0__endcap in cell grouper_soc_chip_core
Note:  Implicit pin VPW in instance PHY_EDGE_ROW_111_5_Right_204 of gf180mcu_fd_sc_mcu7t5v0__endcap in cell grouper_soc_chip_core
Note:  Implicit pin VNW in instance PHY_EDGE_ROW_112_1_Left_386 of gf180mcu_fd_sc_mcu7t5v0__endcap in cell grouper_soc_chip_core
Note:  Implicit pin VPW in instance PHY_EDGE_ROW_112_1_Left_386 of gf180mcu_fd_sc_mcu7t5v0__endcap in cell grouper_soc_chip_core
Note:  Implicit pin VNW in instance PHY_EDGE_ROW_112_1_Right_755 of gf180mcu_fd_sc_mcu7t5v0__endcap in cell grouper_soc_chip_core
Note:  Implicit pin VPW in instance PHY_EDGE_ROW_112_1_Right_755 of gf180mcu_fd_sc_mcu7t5v0__endcap in cell grouper_soc_chip_core
Note:  Implicit pin VNW in instance PHY_EDGE_ROW_112_5_Left_618 of gf180mcu_fd_sc_mcu7t5v0__endcap in cell grouper_soc_chip_core
Note:  Implicit pin VPW in instance PHY_EDGE_ROW_112_5_Left_618 of gf180mcu_fd_sc_mcu7t5v0__endcap in cell grouper_soc_chip_core
Note:  Implicit pin VNW in instance PHY_EDGE_ROW_112_5_Right_205 of gf180mcu_fd_sc_mcu7t5v0__endcap in cell grouper_soc_chip_core
Note:  Implicit pin VPW in instance PHY_EDGE_ROW_112_5_Right_205 of gf180mcu_fd_sc_mcu7t5v0__endcap in cell grouper_soc_chip_core
Note:  Implicit pin VNW in instance PHY_EDGE_ROW_113_1_Left_387 of gf180mcu_fd_sc_mcu7t5v0__endcap in cell grouper_soc_chip_core
Note:  Implicit pin VPW in instance PHY_EDGE_ROW_113_1_Left_387 of gf180mcu_fd_sc_mcu7t5v0__endcap in cell grouper_soc_chip_core
Note:  Implicit pin VNW in instance PHY_EDGE_ROW_113_1_Right_756 of gf180mcu_fd_sc_mcu7t5v0__endcap in cell grouper_soc_chip_core
Note:  Implicit pin VPW in instance PHY_EDGE_ROW_113_1_Right_756 of gf180mcu_fd_sc_mcu7t5v0__endcap in cell grouper_soc_chip_core
Note:  Implicit pin VNW in instance PHY_EDGE_ROW_113_5_Left_619 of gf180mcu_fd_sc_mcu7t5v0__endcap in cell grouper_soc_chip_core
Note:  Implicit pin VPW in instance PHY_EDGE_ROW_113_5_Left_619 of gf180mcu_fd_sc_mcu7t5v0__endcap in cell grouper_soc_chip_core
Note:  Implicit pin VNW in instance PHY_EDGE_ROW_113_5_Right_206 of gf180mcu_fd_sc_mcu7t5v0__endcap in cell grouper_soc_chip_core
Note:  Implicit pin VPW in instance PHY_EDGE_ROW_113_5_Right_206 of gf180mcu_fd_sc_mcu7t5v0__endcap in cell grouper_soc_chip_core
Note:  Implicit pin VNW in instance PHY_EDGE_ROW_114_1_Left_388 of gf180mcu_fd_sc_mcu7t5v0__endcap in cell grouper_soc_chip_core
Note:  Implicit pin VPW in instance PHY_EDGE_ROW_114_1_Left_388 of gf180mcu_fd_sc_mcu7t5v0__endcap in cell grouper_soc_chip_core
Note:  Implicit pin VNW in instance PHY_EDGE_ROW_114_1_Right_757 of gf180mcu_fd_sc_mcu7t5v0__endcap in cell grouper_soc_chip_core
Note:  Implicit pin VPW in instance PHY_EDGE_ROW_114_1_Right_757 of gf180mcu_fd_sc_mcu7t5v0__endcap in cell grouper_soc_chip_core
Note:  Implicit pin VNW in instance PHY_EDGE_ROW_114_5_Left_620 of gf180mcu_fd_sc_mcu7t5v0__endcap in cell grouper_soc_chip_core
Note:  Implicit pin VPW in instance PHY_EDGE_ROW_114_5_Left_620 of gf180mcu_fd_sc_mcu7t5v0__endcap in cell grouper_soc_chip_core
Note:  Implicit pin VNW in instance PHY_EDGE_ROW_114_5_Right_207 of gf180mcu_fd_sc_mcu7t5v0__endcap in cell grouper_soc_chip_core
Note:  Implicit pin VPW in instance PHY_EDGE_ROW_114_5_Right_207 of gf180mcu_fd_sc_mcu7t5v0__endcap in cell grouper_soc_chip_core
Note:  Implicit pin VNW in instance PHY_EDGE_ROW_115_1_Left_389 of gf180mcu_fd_sc_mcu7t5v0__endcap in cell grouper_soc_chip_core
Note:  Implicit pin VPW in instance PHY_EDGE_ROW_115_1_Left_389 of gf180mcu_fd_sc_mcu7t5v0__endcap in cell grouper_soc_chip_core
Note:  Implicit pin VNW in instance PHY_EDGE_ROW_115_1_Right_758 of gf180mcu_fd_sc_mcu7t5v0__endcap in cell grouper_soc_chip_core
Note:  Implicit pin VPW in instance PHY_EDGE_ROW_115_1_Right_758 of gf180mcu_fd_sc_mcu7t5v0__endcap in cell grouper_soc_chip_core
Note:  Implicit pin VNW in instance PHY_EDGE_ROW_115_5_Left_621 of gf180mcu_fd_sc_mcu7t5v0__endcap in cell grouper_soc_chip_core
Note:  Implicit pin VPW in instance PHY_EDGE_ROW_115_5_Left_621 of gf180mcu_fd_sc_mcu7t5v0__endcap in cell grouper_soc_chip_core
Note:  Implicit pin VNW in instance PHY_EDGE_ROW_115_5_Right_208 of gf180mcu_fd_sc_mcu7t5v0__endcap in cell grouper_soc_chip_core
Note:  Implicit pin VPW in instance PHY_EDGE_ROW_115_5_Right_208 of gf180mcu_fd_sc_mcu7t5v0__endcap in cell grouper_soc_chip_core
Note:  Implicit pin VNW in instance PHY_EDGE_ROW_116_1_Left_390 of gf180mcu_fd_sc_mcu7t5v0__endcap in cell grouper_soc_chip_core
Note:  Implicit pin VPW in instance PHY_EDGE_ROW_116_1_Left_390 of gf180mcu_fd_sc_mcu7t5v0__endcap in cell grouper_soc_chip_core
Note:  Implicit pin VNW in instance PHY_EDGE_ROW_116_1_Right_759 of gf180mcu_fd_sc_mcu7t5v0__endcap in cell grouper_soc_chip_core
Note:  Implicit pin VPW in instance PHY_EDGE_ROW_116_1_Right_759 of gf180mcu_fd_sc_mcu7t5v0__endcap in cell grouper_soc_chip_core
Note:  Implicit pin VNW in instance PHY_EDGE_ROW_116_5_Left_622 of gf180mcu_fd_sc_mcu7t5v0__endcap in cell grouper_soc_chip_core
Note:  Implicit pin VPW in instance PHY_EDGE_ROW_116_5_Left_622 of gf180mcu_fd_sc_mcu7t5v0__endcap in cell grouper_soc_chip_core
Note:  Implicit pin VNW in instance PHY_EDGE_ROW_116_5_Right_209 of gf180mcu_fd_sc_mcu7t5v0__endcap in cell grouper_soc_chip_core
Note:  Implicit pin VPW in instance PHY_EDGE_ROW_116_5_Right_209 of gf180mcu_fd_sc_mcu7t5v0__endcap in cell grouper_soc_chip_core
Note:  Implicit pin VNW in instance PHY_EDGE_ROW_117_1_Left_391 of gf180mcu_fd_sc_mcu7t5v0__endcap in cell grouper_soc_chip_core
Note:  Implicit pin VPW in instance PHY_EDGE_ROW_117_1_Left_391 of gf180mcu_fd_sc_mcu7t5v0__endcap in cell grouper_soc_chip_core
Note:  Implicit pin VNW in instance PHY_EDGE_ROW_117_1_Right_760 of gf180mcu_fd_sc_mcu7t5v0__endcap in cell grouper_soc_chip_core
Note:  Implicit pin VPW in instance PHY_EDGE_ROW_117_1_Right_760 of gf180mcu_fd_sc_mcu7t5v0__endcap in cell grouper_soc_chip_core
Note:  Implicit pin VNW in instance PHY_EDGE_ROW_117_5_Left_623 of gf180mcu_fd_sc_mcu7t5v0__endcap in cell grouper_soc_chip_core
Note:  Implicit pin VPW in instance PHY_EDGE_ROW_117_5_Left_623 of gf180mcu_fd_sc_mcu7t5v0__endcap in cell grouper_soc_chip_core
Note:  Implicit pin VNW in instance PHY_EDGE_ROW_117_5_Right_210 of gf180mcu_fd_sc_mcu7t5v0__endcap in cell grouper_soc_chip_core
Note:  Implicit pin VPW in instance PHY_EDGE_ROW_117_5_Right_210 of gf180mcu_fd_sc_mcu7t5v0__endcap in cell grouper_soc_chip_core
Note:  Implicit pin VNW in instance PHY_EDGE_ROW_118_1_Left_392 of gf180mcu_fd_sc_mcu7t5v0__endcap in cell grouper_soc_chip_core
Note:  Implicit pin VPW in instance PHY_EDGE_ROW_118_1_Left_392 of gf180mcu_fd_sc_mcu7t5v0__endcap in cell grouper_soc_chip_core
Note:  Implicit pin VNW in instance PHY_EDGE_ROW_118_1_Right_761 of gf180mcu_fd_sc_mcu7t5v0__endcap in cell grouper_soc_chip_core
Note:  Implicit pin VPW in instance PHY_EDGE_ROW_118_1_Right_761 of gf180mcu_fd_sc_mcu7t5v0__endcap in cell grouper_soc_chip_core
Note:  Implicit pin VNW in instance PHY_EDGE_ROW_118_5_Left_624 of gf180mcu_fd_sc_mcu7t5v0__endcap in cell grouper_soc_chip_core
Note:  Implicit pin VPW in instance PHY_EDGE_ROW_118_5_Left_624 of gf180mcu_fd_sc_mcu7t5v0__endcap in cell grouper_soc_chip_core
Note:  Implicit pin VNW in instance PHY_EDGE_ROW_118_5_Right_211 of gf180mcu_fd_sc_mcu7t5v0__endcap in cell grouper_soc_chip_core
Note:  Implicit pin VPW in instance PHY_EDGE_ROW_118_5_Right_211 of gf180mcu_fd_sc_mcu7t5v0__endcap in cell grouper_soc_chip_core
Note:  Implicit pin VNW in instance PHY_EDGE_ROW_119_1_Left_393 of gf180mcu_fd_sc_mcu7t5v0__endcap in cell grouper_soc_chip_core
Note:  Implicit pin VPW in instance PHY_EDGE_ROW_119_1_Left_393 of gf180mcu_fd_sc_mcu7t5v0__endcap in cell grouper_soc_chip_core
Note:  Implicit pin VNW in instance PHY_EDGE_ROW_119_1_Right_762 of gf180mcu_fd_sc_mcu7t5v0__endcap in cell grouper_soc_chip_core
Note:  Implicit pin VPW in instance PHY_EDGE_ROW_119_1_Right_762 of gf180mcu_fd_sc_mcu7t5v0__endcap in cell grouper_soc_chip_core
Note:  Implicit pin VNW in instance PHY_EDGE_ROW_119_5_Left_625 of gf180mcu_fd_sc_mcu7t5v0__endcap in cell grouper_soc_chip_core
Note:  Implicit pin VPW in instance PHY_EDGE_ROW_119_5_Left_625 of gf180mcu_fd_sc_mcu7t5v0__endcap in cell grouper_soc_chip_core
Note:  Implicit pin VNW in instance PHY_EDGE_ROW_119_5_Right_212 of gf180mcu_fd_sc_mcu7t5v0__endcap in cell grouper_soc_chip_core
Note:  Implicit pin VPW in instance PHY_EDGE_ROW_119_5_Right_212 of gf180mcu_fd_sc_mcu7t5v0__endcap in cell grouper_soc_chip_core
Note:  Implicit pin VNW in instance PHY_EDGE_ROW_11_Left_286 of gf180mcu_fd_sc_mcu7t5v0__endcap in cell grouper_soc_chip_core
Note:  Implicit pin VPW in instance PHY_EDGE_ROW_11_Left_286 of gf180mcu_fd_sc_mcu7t5v0__endcap in cell grouper_soc_chip_core
Note:  Implicit pin VNW in instance PHY_EDGE_ROW_11_Right_11 of gf180mcu_fd_sc_mcu7t5v0__endcap in cell grouper_soc_chip_core
Note:  Implicit pin VPW in instance PHY_EDGE_ROW_11_Right_11 of gf180mcu_fd_sc_mcu7t5v0__endcap in cell grouper_soc_chip_core
Note:  Implicit pin VNW in instance PHY_EDGE_ROW_120_1_Left_394 of gf180mcu_fd_sc_mcu7t5v0__endcap in cell grouper_soc_chip_core
Note:  Implicit pin VPW in instance PHY_EDGE_ROW_120_1_Left_394 of gf180mcu_fd_sc_mcu7t5v0__endcap in cell grouper_soc_chip_core
Note:  Implicit pin VNW in instance PHY_EDGE_ROW_120_1_Right_763 of gf180mcu_fd_sc_mcu7t5v0__endcap in cell grouper_soc_chip_core
Note:  Implicit pin VPW in instance PHY_EDGE_ROW_120_1_Right_763 of gf180mcu_fd_sc_mcu7t5v0__endcap in cell grouper_soc_chip_core
Note:  Implicit pin VNW in instance PHY_EDGE_ROW_120_5_Left_626 of gf180mcu_fd_sc_mcu7t5v0__endcap in cell grouper_soc_chip_core
Note:  Implicit pin VPW in instance PHY_EDGE_ROW_120_5_Left_626 of gf180mcu_fd_sc_mcu7t5v0__endcap in cell grouper_soc_chip_core
Note:  Implicit pin VNW in instance PHY_EDGE_ROW_120_5_Right_213 of gf180mcu_fd_sc_mcu7t5v0__endcap in cell grouper_soc_chip_core
Note:  Implicit pin VPW in instance PHY_EDGE_ROW_120_5_Right_213 of gf180mcu_fd_sc_mcu7t5v0__endcap in cell grouper_soc_chip_core
Note:  Implicit pin VNW in instance PHY_EDGE_ROW_121_1_Left_395 of gf180mcu_fd_sc_mcu7t5v0__endcap in cell grouper_soc_chip_core
Note:  Implicit pin VPW in instance PHY_EDGE_ROW_121_1_Left_395 of gf180mcu_fd_sc_mcu7t5v0__endcap in cell grouper_soc_chip_core
Note:  Implicit pin VNW in instance PHY_EDGE_ROW_121_1_Right_764 of gf180mcu_fd_sc_mcu7t5v0__endcap in cell grouper_soc_chip_core
Note:  Implicit pin VPW in instance PHY_EDGE_ROW_121_1_Right_764 of gf180mcu_fd_sc_mcu7t5v0__endcap in cell grouper_soc_chip_core
Note:  Implicit pin VNW in instance PHY_EDGE_ROW_121_5_Left_627 of gf180mcu_fd_sc_mcu7t5v0__endcap in cell grouper_soc_chip_core
Note:  Implicit pin VPW in instance PHY_EDGE_ROW_121_5_Left_627 of gf180mcu_fd_sc_mcu7t5v0__endcap in cell grouper_soc_chip_core
Note:  Implicit pin VNW in instance PHY_EDGE_ROW_121_5_Right_214 of gf180mcu_fd_sc_mcu7t5v0__endcap in cell grouper_soc_chip_core
Note:  Implicit pin VPW in instance PHY_EDGE_ROW_121_5_Right_214 of gf180mcu_fd_sc_mcu7t5v0__endcap in cell grouper_soc_chip_core
Note:  Implicit pin VNW in instance PHY_EDGE_ROW_122_1_Left_396 of gf180mcu_fd_sc_mcu7t5v0__endcap in cell grouper_soc_chip_core
Note:  Implicit pin VPW in instance PHY_EDGE_ROW_122_1_Left_396 of gf180mcu_fd_sc_mcu7t5v0__endcap in cell grouper_soc_chip_core
Note:  Implicit pin VNW in instance PHY_EDGE_ROW_122_1_Right_765 of gf180mcu_fd_sc_mcu7t5v0__endcap in cell grouper_soc_chip_core
Note:  Implicit pin VPW in instance PHY_EDGE_ROW_122_1_Right_765 of gf180mcu_fd_sc_mcu7t5v0__endcap in cell grouper_soc_chip_core
Note:  Implicit pin VNW in instance PHY_EDGE_ROW_122_5_Left_628 of gf180mcu_fd_sc_mcu7t5v0__endcap in cell grouper_soc_chip_core
Note:  Implicit pin VPW in instance PHY_EDGE_ROW_122_5_Left_628 of gf180mcu_fd_sc_mcu7t5v0__endcap in cell grouper_soc_chip_core
Note:  Implicit pin VNW in instance PHY_EDGE_ROW_122_5_Right_215 of gf180mcu_fd_sc_mcu7t5v0__endcap in cell grouper_soc_chip_core
Note:  Implicit pin VPW in instance PHY_EDGE_ROW_122_5_Right_215 of gf180mcu_fd_sc_mcu7t5v0__endcap in cell grouper_soc_chip_core
Note:  Implicit pin VNW in instance PHY_EDGE_ROW_123_1_Left_397 of gf180mcu_fd_sc_mcu7t5v0__endcap in cell grouper_soc_chip_core
Note:  Implicit pin VPW in instance PHY_EDGE_ROW_123_1_Left_397 of gf180mcu_fd_sc_mcu7t5v0__endcap in cell grouper_soc_chip_core
Note:  Implicit pin VNW in instance PHY_EDGE_ROW_123_1_Right_766 of gf180mcu_fd_sc_mcu7t5v0__endcap in cell grouper_soc_chip_core
Note:  Implicit pin VPW in instance PHY_EDGE_ROW_123_1_Right_766 of gf180mcu_fd_sc_mcu7t5v0__endcap in cell grouper_soc_chip_core
Note:  Implicit pin VNW in instance PHY_EDGE_ROW_123_5_Left_629 of gf180mcu_fd_sc_mcu7t5v0__endcap in cell grouper_soc_chip_core
Note:  Implicit pin VPW in instance PHY_EDGE_ROW_123_5_Left_629 of gf180mcu_fd_sc_mcu7t5v0__endcap in cell grouper_soc_chip_core
Note:  Implicit pin VNW in instance PHY_EDGE_ROW_123_5_Right_216 of gf180mcu_fd_sc_mcu7t5v0__endcap in cell grouper_soc_chip_core
Note:  Implicit pin VPW in instance PHY_EDGE_ROW_123_5_Right_216 of gf180mcu_fd_sc_mcu7t5v0__endcap in cell grouper_soc_chip_core
Note:  Implicit pin VNW in instance PHY_EDGE_ROW_124_1_Left_398 of gf180mcu_fd_sc_mcu7t5v0__endcap in cell grouper_soc_chip_core
Note:  Implicit pin VPW in instance PHY_EDGE_ROW_124_1_Left_398 of gf180mcu_fd_sc_mcu7t5v0__endcap in cell grouper_soc_chip_core
Note:  Implicit pin VNW in instance PHY_EDGE_ROW_124_1_Right_767 of gf180mcu_fd_sc_mcu7t5v0__endcap in cell grouper_soc_chip_core
Note:  Implicit pin VPW in instance PHY_EDGE_ROW_124_1_Right_767 of gf180mcu_fd_sc_mcu7t5v0__endcap in cell grouper_soc_chip_core
Note:  Implicit pin VNW in instance PHY_EDGE_ROW_124_5_Left_630 of gf180mcu_fd_sc_mcu7t5v0__endcap in cell grouper_soc_chip_core
Note:  Implicit pin VPW in instance PHY_EDGE_ROW_124_5_Left_630 of gf180mcu_fd_sc_mcu7t5v0__endcap in cell grouper_soc_chip_core
Note:  Implicit pin VNW in instance PHY_EDGE_ROW_124_5_Right_217 of gf180mcu_fd_sc_mcu7t5v0__endcap in cell grouper_soc_chip_core
Note:  Implicit pin VPW in instance PHY_EDGE_ROW_124_5_Right_217 of gf180mcu_fd_sc_mcu7t5v0__endcap in cell grouper_soc_chip_core
Note:  Implicit pin VNW in instance PHY_EDGE_ROW_125_1_Left_399 of gf180mcu_fd_sc_mcu7t5v0__endcap in cell grouper_soc_chip_core
Note:  Implicit pin VPW in instance PHY_EDGE_ROW_125_1_Left_399 of gf180mcu_fd_sc_mcu7t5v0__endcap in cell grouper_soc_chip_core
Note:  Implicit pin VNW in instance PHY_EDGE_ROW_125_1_Right_768 of gf180mcu_fd_sc_mcu7t5v0__endcap in cell grouper_soc_chip_core
Note:  Implicit pin VPW in instance PHY_EDGE_ROW_125_1_Right_768 of gf180mcu_fd_sc_mcu7t5v0__endcap in cell grouper_soc_chip_core
Note:  Implicit pin VNW in instance PHY_EDGE_ROW_125_5_Left_631 of gf180mcu_fd_sc_mcu7t5v0__endcap in cell grouper_soc_chip_core
Note:  Implicit pin VPW in instance PHY_EDGE_ROW_125_5_Left_631 of gf180mcu_fd_sc_mcu7t5v0__endcap in cell grouper_soc_chip_core
Note:  Implicit pin VNW in instance PHY_EDGE_ROW_125_5_Right_218 of gf180mcu_fd_sc_mcu7t5v0__endcap in cell grouper_soc_chip_core
Note:  Implicit pin VPW in instance PHY_EDGE_ROW_125_5_Right_218 of gf180mcu_fd_sc_mcu7t5v0__endcap in cell grouper_soc_chip_core
Note:  Implicit pin VNW in instance PHY_EDGE_ROW_126_1_Left_400 of gf180mcu_fd_sc_mcu7t5v0__endcap in cell grouper_soc_chip_core
Note:  Implicit pin VPW in instance PHY_EDGE_ROW_126_1_Left_400 of gf180mcu_fd_sc_mcu7t5v0__endcap in cell grouper_soc_chip_core
Note:  Implicit pin VNW in instance PHY_EDGE_ROW_126_1_Right_769 of gf180mcu_fd_sc_mcu7t5v0__endcap in cell grouper_soc_chip_core
Note:  Implicit pin VPW in instance PHY_EDGE_ROW_126_1_Right_769 of gf180mcu_fd_sc_mcu7t5v0__endcap in cell grouper_soc_chip_core
Note:  Implicit pin VNW in instance PHY_EDGE_ROW_126_5_Left_632 of gf180mcu_fd_sc_mcu7t5v0__endcap in cell grouper_soc_chip_core
Note:  Implicit pin VPW in instance PHY_EDGE_ROW_126_5_Left_632 of gf180mcu_fd_sc_mcu7t5v0__endcap in cell grouper_soc_chip_core
Note:  Implicit pin VNW in instance PHY_EDGE_ROW_126_5_Right_219 of gf180mcu_fd_sc_mcu7t5v0__endcap in cell grouper_soc_chip_core
Note:  Implicit pin VPW in instance PHY_EDGE_ROW_126_5_Right_219 of gf180mcu_fd_sc_mcu7t5v0__endcap in cell grouper_soc_chip_core
Note:  Implicit pin VNW in instance PHY_EDGE_ROW_127_1_Left_401 of gf180mcu_fd_sc_mcu7t5v0__endcap in cell grouper_soc_chip_core
Note:  Implicit pin VPW in instance PHY_EDGE_ROW_127_1_Left_401 of gf180mcu_fd_sc_mcu7t5v0__endcap in cell grouper_soc_chip_core
Note:  Implicit pin VNW in instance PHY_EDGE_ROW_127_1_Right_770 of gf180mcu_fd_sc_mcu7t5v0__endcap in cell grouper_soc_chip_core
Note:  Implicit pin VPW in instance PHY_EDGE_ROW_127_1_Right_770 of gf180mcu_fd_sc_mcu7t5v0__endcap in cell grouper_soc_chip_core
Note:  Implicit pin VNW in instance PHY_EDGE_ROW_127_5_Left_633 of gf180mcu_fd_sc_mcu7t5v0__endcap in cell grouper_soc_chip_core
Note:  Implicit pin VPW in instance PHY_EDGE_ROW_127_5_Left_633 of gf180mcu_fd_sc_mcu7t5v0__endcap in cell grouper_soc_chip_core
Note:  Implicit pin VNW in instance PHY_EDGE_ROW_127_5_Right_220 of gf180mcu_fd_sc_mcu7t5v0__endcap in cell grouper_soc_chip_core
Note:  Implicit pin VPW in instance PHY_EDGE_ROW_127_5_Right_220 of gf180mcu_fd_sc_mcu7t5v0__endcap in cell grouper_soc_chip_core
Note:  Implicit pin VNW in instance PHY_EDGE_ROW_128_1_Left_402 of gf180mcu_fd_sc_mcu7t5v0__endcap in cell grouper_soc_chip_core
Note:  Implicit pin VPW in instance PHY_EDGE_ROW_128_1_Left_402 of gf180mcu_fd_sc_mcu7t5v0__endcap in cell grouper_soc_chip_core
Note:  Implicit pin VNW in instance PHY_EDGE_ROW_128_1_Right_771 of gf180mcu_fd_sc_mcu7t5v0__endcap in cell grouper_soc_chip_core
Note:  Implicit pin VPW in instance PHY_EDGE_ROW_128_1_Right_771 of gf180mcu_fd_sc_mcu7t5v0__endcap in cell grouper_soc_chip_core
Note:  Implicit pin VNW in instance PHY_EDGE_ROW_128_5_Left_634 of gf180mcu_fd_sc_mcu7t5v0__endcap in cell grouper_soc_chip_core
Note:  Implicit pin VPW in instance PHY_EDGE_ROW_128_5_Left_634 of gf180mcu_fd_sc_mcu7t5v0__endcap in cell grouper_soc_chip_core
Note:  Implicit pin VNW in instance PHY_EDGE_ROW_128_5_Right_221 of gf180mcu_fd_sc_mcu7t5v0__endcap in cell grouper_soc_chip_core
Note:  Implicit pin VPW in instance PHY_EDGE_ROW_128_5_Right_221 of gf180mcu_fd_sc_mcu7t5v0__endcap in cell grouper_soc_chip_core
Note:  Implicit pin VNW in instance PHY_EDGE_ROW_129_1_Left_403 of gf180mcu_fd_sc_mcu7t5v0__endcap in cell grouper_soc_chip_core
Note:  Implicit pin VPW in instance PHY_EDGE_ROW_129_1_Left_403 of gf180mcu_fd_sc_mcu7t5v0__endcap in cell grouper_soc_chip_core
Note:  Implicit pin VNW in instance PHY_EDGE_ROW_129_1_Right_772 of gf180mcu_fd_sc_mcu7t5v0__endcap in cell grouper_soc_chip_core
Note:  Implicit pin VPW in instance PHY_EDGE_ROW_129_1_Right_772 of gf180mcu_fd_sc_mcu7t5v0__endcap in cell grouper_soc_chip_core
Note:  Implicit pin VNW in instance PHY_EDGE_ROW_129_5_Left_635 of gf180mcu_fd_sc_mcu7t5v0__endcap in cell grouper_soc_chip_core
Note:  Implicit pin VPW in instance PHY_EDGE_ROW_129_5_Left_635 of gf180mcu_fd_sc_mcu7t5v0__endcap in cell grouper_soc_chip_core
Note:  Implicit pin VNW in instance PHY_EDGE_ROW_129_5_Right_222 of gf180mcu_fd_sc_mcu7t5v0__endcap in cell grouper_soc_chip_core
Note:  Implicit pin VPW in instance PHY_EDGE_ROW_129_5_Right_222 of gf180mcu_fd_sc_mcu7t5v0__endcap in cell grouper_soc_chip_core
Note:  Implicit pin VNW in instance PHY_EDGE_ROW_12_Left_287 of gf180mcu_fd_sc_mcu7t5v0__endcap in cell grouper_soc_chip_core
Note:  Implicit pin VPW in instance PHY_EDGE_ROW_12_Left_287 of gf180mcu_fd_sc_mcu7t5v0__endcap in cell grouper_soc_chip_core
Note:  Implicit pin VNW in instance PHY_EDGE_ROW_12_Right_12 of gf180mcu_fd_sc_mcu7t5v0__endcap in cell grouper_soc_chip_core
Note:  Implicit pin VPW in instance PHY_EDGE_ROW_12_Right_12 of gf180mcu_fd_sc_mcu7t5v0__endcap in cell grouper_soc_chip_core
Note:  Implicit pin VNW in instance PHY_EDGE_ROW_130_1_Left_404 of gf180mcu_fd_sc_mcu7t5v0__endcap in cell grouper_soc_chip_core
Note:  Implicit pin VPW in instance PHY_EDGE_ROW_130_1_Left_404 of gf180mcu_fd_sc_mcu7t5v0__endcap in cell grouper_soc_chip_core
Note:  Implicit pin VNW in instance PHY_EDGE_ROW_130_1_Right_773 of gf180mcu_fd_sc_mcu7t5v0__endcap in cell grouper_soc_chip_core
Note:  Implicit pin VPW in instance PHY_EDGE_ROW_130_1_Right_773 of gf180mcu_fd_sc_mcu7t5v0__endcap in cell grouper_soc_chip_core
Note:  Implicit pin VNW in instance PHY_EDGE_ROW_130_5_Left_636 of gf180mcu_fd_sc_mcu7t5v0__endcap in cell grouper_soc_chip_core
Note:  Implicit pin VPW in instance PHY_EDGE_ROW_130_5_Left_636 of gf180mcu_fd_sc_mcu7t5v0__endcap in cell grouper_soc_chip_core
Note:  Implicit pin VNW in instance PHY_EDGE_ROW_130_5_Right_223 of gf180mcu_fd_sc_mcu7t5v0__endcap in cell grouper_soc_chip_core
Note:  Implicit pin VPW in instance PHY_EDGE_ROW_130_5_Right_223 of gf180mcu_fd_sc_mcu7t5v0__endcap in cell grouper_soc_chip_core
Note:  Implicit pin VNW in instance PHY_EDGE_ROW_131_1_Left_405 of gf180mcu_fd_sc_mcu7t5v0__endcap in cell grouper_soc_chip_core
Note:  Implicit pin VPW in instance PHY_EDGE_ROW_131_1_Left_405 of gf180mcu_fd_sc_mcu7t5v0__endcap in cell grouper_soc_chip_core
Note:  Implicit pin VNW in instance PHY_EDGE_ROW_131_1_Right_774 of gf180mcu_fd_sc_mcu7t5v0__endcap in cell grouper_soc_chip_core
Note:  Implicit pin VPW in instance PHY_EDGE_ROW_131_1_Right_774 of gf180mcu_fd_sc_mcu7t5v0__endcap in cell grouper_soc_chip_core
Note:  Implicit pin VNW in instance PHY_EDGE_ROW_131_5_Left_637 of gf180mcu_fd_sc_mcu7t5v0__endcap in cell grouper_soc_chip_core
Note:  Implicit pin VPW in instance PHY_EDGE_ROW_131_5_Left_637 of gf180mcu_fd_sc_mcu7t5v0__endcap in cell grouper_soc_chip_core
Note:  Implicit pin VNW in instance PHY_EDGE_ROW_131_5_Right_224 of gf180mcu_fd_sc_mcu7t5v0__endcap in cell grouper_soc_chip_core
Note:  Implicit pin VPW in instance PHY_EDGE_ROW_131_5_Right_224 of gf180mcu_fd_sc_mcu7t5v0__endcap in cell grouper_soc_chip_core
Note:  Implicit pin VNW in instance PHY_EDGE_ROW_132_1_Left_406 of gf180mcu_fd_sc_mcu7t5v0__endcap in cell grouper_soc_chip_core
Note:  Implicit pin VPW in instance PHY_EDGE_ROW_132_1_Left_406 of gf180mcu_fd_sc_mcu7t5v0__endcap in cell grouper_soc_chip_core
Note:  Implicit pin VNW in instance PHY_EDGE_ROW_132_1_Right_775 of gf180mcu_fd_sc_mcu7t5v0__endcap in cell grouper_soc_chip_core
Note:  Implicit pin VPW in instance PHY_EDGE_ROW_132_1_Right_775 of gf180mcu_fd_sc_mcu7t5v0__endcap in cell grouper_soc_chip_core
Note:  Implicit pin VNW in instance PHY_EDGE_ROW_132_5_Left_638 of gf180mcu_fd_sc_mcu7t5v0__endcap in cell grouper_soc_chip_core
Note:  Implicit pin VPW in instance PHY_EDGE_ROW_132_5_Left_638 of gf180mcu_fd_sc_mcu7t5v0__endcap in cell grouper_soc_chip_core
Note:  Implicit pin VNW in instance PHY_EDGE_ROW_132_5_Right_225 of gf180mcu_fd_sc_mcu7t5v0__endcap in cell grouper_soc_chip_core
Note:  Implicit pin VPW in instance PHY_EDGE_ROW_132_5_Right_225 of gf180mcu_fd_sc_mcu7t5v0__endcap in cell grouper_soc_chip_core
Note:  Implicit pin VNW in instance PHY_EDGE_ROW_133_1_Left_407 of gf180mcu_fd_sc_mcu7t5v0__endcap in cell grouper_soc_chip_core
Note:  Implicit pin VPW in instance PHY_EDGE_ROW_133_1_Left_407 of gf180mcu_fd_sc_mcu7t5v0__endcap in cell grouper_soc_chip_core
Note:  Implicit pin VNW in instance PHY_EDGE_ROW_133_1_Right_776 of gf180mcu_fd_sc_mcu7t5v0__endcap in cell grouper_soc_chip_core
Note:  Implicit pin VPW in instance PHY_EDGE_ROW_133_1_Right_776 of gf180mcu_fd_sc_mcu7t5v0__endcap in cell grouper_soc_chip_core
Note:  Implicit pin VNW in instance PHY_EDGE_ROW_133_5_Left_639 of gf180mcu_fd_sc_mcu7t5v0__endcap in cell grouper_soc_chip_core
Note:  Implicit pin VPW in instance PHY_EDGE_ROW_133_5_Left_639 of gf180mcu_fd_sc_mcu7t5v0__endcap in cell grouper_soc_chip_core
Note:  Implicit pin VNW in instance PHY_EDGE_ROW_133_5_Right_226 of gf180mcu_fd_sc_mcu7t5v0__endcap in cell grouper_soc_chip_core
Note:  Implicit pin VPW in instance PHY_EDGE_ROW_133_5_Right_226 of gf180mcu_fd_sc_mcu7t5v0__endcap in cell grouper_soc_chip_core
Note:  Implicit pin VNW in instance PHY_EDGE_ROW_134_1_Left_408 of gf180mcu_fd_sc_mcu7t5v0__endcap in cell grouper_soc_chip_core
Note:  Implicit pin VPW in instance PHY_EDGE_ROW_134_1_Left_408 of gf180mcu_fd_sc_mcu7t5v0__endcap in cell grouper_soc_chip_core
Note:  Implicit pin VNW in instance PHY_EDGE_ROW_134_1_Right_777 of gf180mcu_fd_sc_mcu7t5v0__endcap in cell grouper_soc_chip_core
Note:  Implicit pin VPW in instance PHY_EDGE_ROW_134_1_Right_777 of gf180mcu_fd_sc_mcu7t5v0__endcap in cell grouper_soc_chip_core
Note:  Implicit pin VNW in instance PHY_EDGE_ROW_134_5_Left_640 of gf180mcu_fd_sc_mcu7t5v0__endcap in cell grouper_soc_chip_core
Note:  Implicit pin VPW in instance PHY_EDGE_ROW_134_5_Left_640 of gf180mcu_fd_sc_mcu7t5v0__endcap in cell grouper_soc_chip_core
Note:  Implicit pin VNW in instance PHY_EDGE_ROW_134_5_Right_227 of gf180mcu_fd_sc_mcu7t5v0__endcap in cell grouper_soc_chip_core
Note:  Implicit pin VPW in instance PHY_EDGE_ROW_134_5_Right_227 of gf180mcu_fd_sc_mcu7t5v0__endcap in cell grouper_soc_chip_core
Note:  Implicit pin VNW in instance PHY_EDGE_ROW_135_1_Left_409 of gf180mcu_fd_sc_mcu7t5v0__endcap in cell grouper_soc_chip_core
Note:  Implicit pin VPW in instance PHY_EDGE_ROW_135_1_Left_409 of gf180mcu_fd_sc_mcu7t5v0__endcap in cell grouper_soc_chip_core
Note:  Implicit pin VNW in instance PHY_EDGE_ROW_135_1_Right_778 of gf180mcu_fd_sc_mcu7t5v0__endcap in cell grouper_soc_chip_core
Note:  Implicit pin VPW in instance PHY_EDGE_ROW_135_1_Right_778 of gf180mcu_fd_sc_mcu7t5v0__endcap in cell grouper_soc_chip_core
Note:  Implicit pin VNW in instance PHY_EDGE_ROW_135_5_Left_641 of gf180mcu_fd_sc_mcu7t5v0__endcap in cell grouper_soc_chip_core
Note:  Implicit pin VPW in instance PHY_EDGE_ROW_135_5_Left_641 of gf180mcu_fd_sc_mcu7t5v0__endcap in cell grouper_soc_chip_core
Note:  Implicit pin VNW in instance PHY_EDGE_ROW_135_5_Right_228 of gf180mcu_fd_sc_mcu7t5v0__endcap in cell grouper_soc_chip_core
Note:  Implicit pin VPW in instance PHY_EDGE_ROW_135_5_Right_228 of gf180mcu_fd_sc_mcu7t5v0__endcap in cell grouper_soc_chip_core
Note:  Implicit pin VNW in instance PHY_EDGE_ROW_136_1_Left_410 of gf180mcu_fd_sc_mcu7t5v0__endcap in cell grouper_soc_chip_core
Note:  Implicit pin VPW in instance PHY_EDGE_ROW_136_1_Left_410 of gf180mcu_fd_sc_mcu7t5v0__endcap in cell grouper_soc_chip_core
Note:  Implicit pin VNW in instance PHY_EDGE_ROW_136_1_Right_779 of gf180mcu_fd_sc_mcu7t5v0__endcap in cell grouper_soc_chip_core
Note:  Implicit pin VPW in instance PHY_EDGE_ROW_136_1_Right_779 of gf180mcu_fd_sc_mcu7t5v0__endcap in cell grouper_soc_chip_core
Note:  Implicit pin VNW in instance PHY_EDGE_ROW_136_5_Left_642 of gf180mcu_fd_sc_mcu7t5v0__endcap in cell grouper_soc_chip_core
Note:  Implicit pin VPW in instance PHY_EDGE_ROW_136_5_Left_642 of gf180mcu_fd_sc_mcu7t5v0__endcap in cell grouper_soc_chip_core
Note:  Implicit pin VNW in instance PHY_EDGE_ROW_136_5_Right_229 of gf180mcu_fd_sc_mcu7t5v0__endcap in cell grouper_soc_chip_core
Note:  Implicit pin VPW in instance PHY_EDGE_ROW_136_5_Right_229 of gf180mcu_fd_sc_mcu7t5v0__endcap in cell grouper_soc_chip_core
Note:  Implicit pin VNW in instance PHY_EDGE_ROW_137_1_Left_411 of gf180mcu_fd_sc_mcu7t5v0__endcap in cell grouper_soc_chip_core
Note:  Implicit pin VPW in instance PHY_EDGE_ROW_137_1_Left_411 of gf180mcu_fd_sc_mcu7t5v0__endcap in cell grouper_soc_chip_core
Note:  Implicit pin VNW in instance PHY_EDGE_ROW_137_1_Right_780 of gf180mcu_fd_sc_mcu7t5v0__endcap in cell grouper_soc_chip_core
Note:  Implicit pin VPW in instance PHY_EDGE_ROW_137_1_Right_780 of gf180mcu_fd_sc_mcu7t5v0__endcap in cell grouper_soc_chip_core
Note:  Implicit pin VNW in instance PHY_EDGE_ROW_137_5_Left_643 of gf180mcu_fd_sc_mcu7t5v0__endcap in cell grouper_soc_chip_core
Note:  Implicit pin VPW in instance PHY_EDGE_ROW_137_5_Left_643 of gf180mcu_fd_sc_mcu7t5v0__endcap in cell grouper_soc_chip_core
Note:  Implicit pin VNW in instance PHY_EDGE_ROW_137_5_Right_230 of gf180mcu_fd_sc_mcu7t5v0__endcap in cell grouper_soc_chip_core
Note:  Implicit pin VPW in instance PHY_EDGE_ROW_137_5_Right_230 of gf180mcu_fd_sc_mcu7t5v0__endcap in cell grouper_soc_chip_core
Note:  Implicit pin VNW in instance PHY_EDGE_ROW_138_1_Left_412 of gf180mcu_fd_sc_mcu7t5v0__endcap in cell grouper_soc_chip_core
Note:  Implicit pin VPW in instance PHY_EDGE_ROW_138_1_Left_412 of gf180mcu_fd_sc_mcu7t5v0__endcap in cell grouper_soc_chip_core
Note:  Implicit pin VNW in instance PHY_EDGE_ROW_138_1_Right_781 of gf180mcu_fd_sc_mcu7t5v0__endcap in cell grouper_soc_chip_core
Note:  Implicit pin VPW in instance PHY_EDGE_ROW_138_1_Right_781 of gf180mcu_fd_sc_mcu7t5v0__endcap in cell grouper_soc_chip_core
Note:  Implicit pin VNW in instance PHY_EDGE_ROW_138_5_Left_644 of gf180mcu_fd_sc_mcu7t5v0__endcap in cell grouper_soc_chip_core
Note:  Implicit pin VPW in instance PHY_EDGE_ROW_138_5_Left_644 of gf180mcu_fd_sc_mcu7t5v0__endcap in cell grouper_soc_chip_core
Note:  Implicit pin VNW in instance PHY_EDGE_ROW_138_5_Right_231 of gf180mcu_fd_sc_mcu7t5v0__endcap in cell grouper_soc_chip_core
Note:  Implicit pin VPW in instance PHY_EDGE_ROW_138_5_Right_231 of gf180mcu_fd_sc_mcu7t5v0__endcap in cell grouper_soc_chip_core
Note:  Implicit pin VNW in instance PHY_EDGE_ROW_139_1_Left_413 of gf180mcu_fd_sc_mcu7t5v0__endcap in cell grouper_soc_chip_core
Note:  Implicit pin VPW in instance PHY_EDGE_ROW_139_1_Left_413 of gf180mcu_fd_sc_mcu7t5v0__endcap in cell grouper_soc_chip_core
Note:  Implicit pin VNW in instance PHY_EDGE_ROW_139_1_Right_782 of gf180mcu_fd_sc_mcu7t5v0__endcap in cell grouper_soc_chip_core
Note:  Implicit pin VPW in instance PHY_EDGE_ROW_139_1_Right_782 of gf180mcu_fd_sc_mcu7t5v0__endcap in cell grouper_soc_chip_core
Note:  Implicit pin VNW in instance PHY_EDGE_ROW_139_5_Left_645 of gf180mcu_fd_sc_mcu7t5v0__endcap in cell grouper_soc_chip_core
Note:  Implicit pin VPW in instance PHY_EDGE_ROW_139_5_Left_645 of gf180mcu_fd_sc_mcu7t5v0__endcap in cell grouper_soc_chip_core
Note:  Implicit pin VNW in instance PHY_EDGE_ROW_139_5_Right_232 of gf180mcu_fd_sc_mcu7t5v0__endcap in cell grouper_soc_chip_core
Note:  Implicit pin VPW in instance PHY_EDGE_ROW_139_5_Right_232 of gf180mcu_fd_sc_mcu7t5v0__endcap in cell grouper_soc_chip_core
Note:  Implicit pin VNW in instance PHY_EDGE_ROW_13_Left_288 of gf180mcu_fd_sc_mcu7t5v0__endcap in cell grouper_soc_chip_core
Note:  Implicit pin VPW in instance PHY_EDGE_ROW_13_Left_288 of gf180mcu_fd_sc_mcu7t5v0__endcap in cell grouper_soc_chip_core
Note:  Implicit pin VNW in instance PHY_EDGE_ROW_13_Right_13 of gf180mcu_fd_sc_mcu7t5v0__endcap in cell grouper_soc_chip_core
Note:  Implicit pin VPW in instance PHY_EDGE_ROW_13_Right_13 of gf180mcu_fd_sc_mcu7t5v0__endcap in cell grouper_soc_chip_core
Note:  Implicit pin VNW in instance PHY_EDGE_ROW_140_1_Left_414 of gf180mcu_fd_sc_mcu7t5v0__endcap in cell grouper_soc_chip_core
Note:  Implicit pin VPW in instance PHY_EDGE_ROW_140_1_Left_414 of gf180mcu_fd_sc_mcu7t5v0__endcap in cell grouper_soc_chip_core
Note:  Implicit pin VNW in instance PHY_EDGE_ROW_140_1_Right_783 of gf180mcu_fd_sc_mcu7t5v0__endcap in cell grouper_soc_chip_core
Note:  Implicit pin VPW in instance PHY_EDGE_ROW_140_1_Right_783 of gf180mcu_fd_sc_mcu7t5v0__endcap in cell grouper_soc_chip_core
Note:  Implicit pin VNW in instance PHY_EDGE_ROW_140_5_Left_646 of gf180mcu_fd_sc_mcu7t5v0__endcap in cell grouper_soc_chip_core
Note:  Implicit pin VPW in instance PHY_EDGE_ROW_140_5_Left_646 of gf180mcu_fd_sc_mcu7t5v0__endcap in cell grouper_soc_chip_core
Note:  Implicit pin VNW in instance PHY_EDGE_ROW_140_5_Right_233 of gf180mcu_fd_sc_mcu7t5v0__endcap in cell grouper_soc_chip_core
Note:  Implicit pin VPW in instance PHY_EDGE_ROW_140_5_Right_233 of gf180mcu_fd_sc_mcu7t5v0__endcap in cell grouper_soc_chip_core
Note:  Implicit pin VNW in instance PHY_EDGE_ROW_141_1_Left_415 of gf180mcu_fd_sc_mcu7t5v0__endcap in cell grouper_soc_chip_core
Note:  Implicit pin VPW in instance PHY_EDGE_ROW_141_1_Left_415 of gf180mcu_fd_sc_mcu7t5v0__endcap in cell grouper_soc_chip_core
Note:  Implicit pin VNW in instance PHY_EDGE_ROW_141_1_Right_784 of gf180mcu_fd_sc_mcu7t5v0__endcap in cell grouper_soc_chip_core
Note:  Implicit pin VPW in instance PHY_EDGE_ROW_141_1_Right_784 of gf180mcu_fd_sc_mcu7t5v0__endcap in cell grouper_soc_chip_core
Note:  Implicit pin VNW in instance PHY_EDGE_ROW_141_5_Left_647 of gf180mcu_fd_sc_mcu7t5v0__endcap in cell grouper_soc_chip_core
Note:  Implicit pin VPW in instance PHY_EDGE_ROW_141_5_Left_647 of gf180mcu_fd_sc_mcu7t5v0__endcap in cell grouper_soc_chip_core
Note:  Implicit pin VNW in instance PHY_EDGE_ROW_141_5_Right_234 of gf180mcu_fd_sc_mcu7t5v0__endcap in cell grouper_soc_chip_core
Note:  Implicit pin VPW in instance PHY_EDGE_ROW_141_5_Right_234 of gf180mcu_fd_sc_mcu7t5v0__endcap in cell grouper_soc_chip_core
Note:  Implicit pin VNW in instance PHY_EDGE_ROW_142_1_Left_416 of gf180mcu_fd_sc_mcu7t5v0__endcap in cell grouper_soc_chip_core
Note:  Implicit pin VPW in instance PHY_EDGE_ROW_142_1_Left_416 of gf180mcu_fd_sc_mcu7t5v0__endcap in cell grouper_soc_chip_core
Note:  Implicit pin VNW in instance PHY_EDGE_ROW_142_1_Right_785 of gf180mcu_fd_sc_mcu7t5v0__endcap in cell grouper_soc_chip_core
Note:  Implicit pin VPW in instance PHY_EDGE_ROW_142_1_Right_785 of gf180mcu_fd_sc_mcu7t5v0__endcap in cell grouper_soc_chip_core
Note:  Implicit pin VNW in instance PHY_EDGE_ROW_142_5_Left_648 of gf180mcu_fd_sc_mcu7t5v0__endcap in cell grouper_soc_chip_core
Note:  Implicit pin VPW in instance PHY_EDGE_ROW_142_5_Left_648 of gf180mcu_fd_sc_mcu7t5v0__endcap in cell grouper_soc_chip_core
Note:  Implicit pin VNW in instance PHY_EDGE_ROW_142_5_Right_235 of gf180mcu_fd_sc_mcu7t5v0__endcap in cell grouper_soc_chip_core
Note:  Implicit pin VPW in instance PHY_EDGE_ROW_142_5_Right_235 of gf180mcu_fd_sc_mcu7t5v0__endcap in cell grouper_soc_chip_core
Note:  Implicit pin VNW in instance PHY_EDGE_ROW_143_1_Left_417 of gf180mcu_fd_sc_mcu7t5v0__endcap in cell grouper_soc_chip_core
Note:  Implicit pin VPW in instance PHY_EDGE_ROW_143_1_Left_417 of gf180mcu_fd_sc_mcu7t5v0__endcap in cell grouper_soc_chip_core
Note:  Implicit pin VNW in instance PHY_EDGE_ROW_143_1_Right_786 of gf180mcu_fd_sc_mcu7t5v0__endcap in cell grouper_soc_chip_core
Note:  Implicit pin VPW in instance PHY_EDGE_ROW_143_1_Right_786 of gf180mcu_fd_sc_mcu7t5v0__endcap in cell grouper_soc_chip_core
Note:  Implicit pin VNW in instance PHY_EDGE_ROW_143_5_Left_649 of gf180mcu_fd_sc_mcu7t5v0__endcap in cell grouper_soc_chip_core
Note:  Implicit pin VPW in instance PHY_EDGE_ROW_143_5_Left_649 of gf180mcu_fd_sc_mcu7t5v0__endcap in cell grouper_soc_chip_core
Note:  Implicit pin VNW in instance PHY_EDGE_ROW_143_5_Right_236 of gf180mcu_fd_sc_mcu7t5v0__endcap in cell grouper_soc_chip_core
Note:  Implicit pin VPW in instance PHY_EDGE_ROW_143_5_Right_236 of gf180mcu_fd_sc_mcu7t5v0__endcap in cell grouper_soc_chip_core
Note:  Implicit pin VNW in instance PHY_EDGE_ROW_144_1_Left_418 of gf180mcu_fd_sc_mcu7t5v0__endcap in cell grouper_soc_chip_core
Note:  Implicit pin VPW in instance PHY_EDGE_ROW_144_1_Left_418 of gf180mcu_fd_sc_mcu7t5v0__endcap in cell grouper_soc_chip_core
Note:  Implicit pin VNW in instance PHY_EDGE_ROW_144_1_Right_787 of gf180mcu_fd_sc_mcu7t5v0__endcap in cell grouper_soc_chip_core
Note:  Implicit pin VPW in instance PHY_EDGE_ROW_144_1_Right_787 of gf180mcu_fd_sc_mcu7t5v0__endcap in cell grouper_soc_chip_core
Note:  Implicit pin VNW in instance PHY_EDGE_ROW_144_5_Left_650 of gf180mcu_fd_sc_mcu7t5v0__endcap in cell grouper_soc_chip_core
Note:  Implicit pin VPW in instance PHY_EDGE_ROW_144_5_Left_650 of gf180mcu_fd_sc_mcu7t5v0__endcap in cell grouper_soc_chip_core
Note:  Implicit pin VNW in instance PHY_EDGE_ROW_144_5_Right_237 of gf180mcu_fd_sc_mcu7t5v0__endcap in cell grouper_soc_chip_core
Note:  Implicit pin VPW in instance PHY_EDGE_ROW_144_5_Right_237 of gf180mcu_fd_sc_mcu7t5v0__endcap in cell grouper_soc_chip_core
Note:  Implicit pin VNW in instance PHY_EDGE_ROW_145_1_Left_419 of gf180mcu_fd_sc_mcu7t5v0__endcap in cell grouper_soc_chip_core
Note:  Implicit pin VPW in instance PHY_EDGE_ROW_145_1_Left_419 of gf180mcu_fd_sc_mcu7t5v0__endcap in cell grouper_soc_chip_core
Note:  Implicit pin VNW in instance PHY_EDGE_ROW_145_1_Right_788 of gf180mcu_fd_sc_mcu7t5v0__endcap in cell grouper_soc_chip_core
Note:  Implicit pin VPW in instance PHY_EDGE_ROW_145_1_Right_788 of gf180mcu_fd_sc_mcu7t5v0__endcap in cell grouper_soc_chip_core
Note:  Implicit pin VNW in instance PHY_EDGE_ROW_145_5_Left_651 of gf180mcu_fd_sc_mcu7t5v0__endcap in cell grouper_soc_chip_core
Note:  Implicit pin VPW in instance PHY_EDGE_ROW_145_5_Left_651 of gf180mcu_fd_sc_mcu7t5v0__endcap in cell grouper_soc_chip_core
Note:  Implicit pin VNW in instance PHY_EDGE_ROW_145_5_Right_238 of gf180mcu_fd_sc_mcu7t5v0__endcap in cell grouper_soc_chip_core
Note:  Implicit pin VPW in instance PHY_EDGE_ROW_145_5_Right_238 of gf180mcu_fd_sc_mcu7t5v0__endcap in cell grouper_soc_chip_core
Note:  Implicit pin VNW in instance PHY_EDGE_ROW_146_1_Left_420 of gf180mcu_fd_sc_mcu7t5v0__endcap in cell grouper_soc_chip_core
Note:  Implicit pin VPW in instance PHY_EDGE_ROW_146_1_Left_420 of gf180mcu_fd_sc_mcu7t5v0__endcap in cell grouper_soc_chip_core
Note:  Implicit pin VNW in instance PHY_EDGE_ROW_146_1_Right_789 of gf180mcu_fd_sc_mcu7t5v0__endcap in cell grouper_soc_chip_core
Note:  Implicit pin VPW in instance PHY_EDGE_ROW_146_1_Right_789 of gf180mcu_fd_sc_mcu7t5v0__endcap in cell grouper_soc_chip_core
Note:  Implicit pin VNW in instance PHY_EDGE_ROW_146_5_Left_652 of gf180mcu_fd_sc_mcu7t5v0__endcap in cell grouper_soc_chip_core
Note:  Implicit pin VPW in instance PHY_EDGE_ROW_146_5_Left_652 of gf180mcu_fd_sc_mcu7t5v0__endcap in cell grouper_soc_chip_core
Note:  Implicit pin VNW in instance PHY_EDGE_ROW_146_5_Right_239 of gf180mcu_fd_sc_mcu7t5v0__endcap in cell grouper_soc_chip_core
Note:  Implicit pin VPW in instance PHY_EDGE_ROW_146_5_Right_239 of gf180mcu_fd_sc_mcu7t5v0__endcap in cell grouper_soc_chip_core
Note:  Implicit pin VNW in instance PHY_EDGE_ROW_147_1_Left_421 of gf180mcu_fd_sc_mcu7t5v0__endcap in cell grouper_soc_chip_core
Note:  Implicit pin VPW in instance PHY_EDGE_ROW_147_1_Left_421 of gf180mcu_fd_sc_mcu7t5v0__endcap in cell grouper_soc_chip_core
Note:  Implicit pin VNW in instance PHY_EDGE_ROW_147_1_Right_790 of gf180mcu_fd_sc_mcu7t5v0__endcap in cell grouper_soc_chip_core
Note:  Implicit pin VPW in instance PHY_EDGE_ROW_147_1_Right_790 of gf180mcu_fd_sc_mcu7t5v0__endcap in cell grouper_soc_chip_core
Note:  Implicit pin VNW in instance PHY_EDGE_ROW_147_5_Left_653 of gf180mcu_fd_sc_mcu7t5v0__endcap in cell grouper_soc_chip_core
Note:  Implicit pin VPW in instance PHY_EDGE_ROW_147_5_Left_653 of gf180mcu_fd_sc_mcu7t5v0__endcap in cell grouper_soc_chip_core
Note:  Implicit pin VNW in instance PHY_EDGE_ROW_147_5_Right_240 of gf180mcu_fd_sc_mcu7t5v0__endcap in cell grouper_soc_chip_core
Note:  Implicit pin VPW in instance PHY_EDGE_ROW_147_5_Right_240 of gf180mcu_fd_sc_mcu7t5v0__endcap in cell grouper_soc_chip_core
Note:  Implicit pin VNW in instance PHY_EDGE_ROW_148_1_Left_422 of gf180mcu_fd_sc_mcu7t5v0__endcap in cell grouper_soc_chip_core
Note:  Implicit pin VPW in instance PHY_EDGE_ROW_148_1_Left_422 of gf180mcu_fd_sc_mcu7t5v0__endcap in cell grouper_soc_chip_core
Note:  Implicit pin VNW in instance PHY_EDGE_ROW_148_1_Right_791 of gf180mcu_fd_sc_mcu7t5v0__endcap in cell grouper_soc_chip_core
Note:  Implicit pin VPW in instance PHY_EDGE_ROW_148_1_Right_791 of gf180mcu_fd_sc_mcu7t5v0__endcap in cell grouper_soc_chip_core
Note:  Implicit pin VNW in instance PHY_EDGE_ROW_148_5_Left_654 of gf180mcu_fd_sc_mcu7t5v0__endcap in cell grouper_soc_chip_core
Note:  Implicit pin VPW in instance PHY_EDGE_ROW_148_5_Left_654 of gf180mcu_fd_sc_mcu7t5v0__endcap in cell grouper_soc_chip_core
Note:  Implicit pin VNW in instance PHY_EDGE_ROW_148_5_Right_241 of gf180mcu_fd_sc_mcu7t5v0__endcap in cell grouper_soc_chip_core
Note:  Implicit pin VPW in instance PHY_EDGE_ROW_148_5_Right_241 of gf180mcu_fd_sc_mcu7t5v0__endcap in cell grouper_soc_chip_core
Note:  Implicit pin VNW in instance PHY_EDGE_ROW_149_1_Left_423 of gf180mcu_fd_sc_mcu7t5v0__endcap in cell grouper_soc_chip_core
Note:  Implicit pin VPW in instance PHY_EDGE_ROW_149_1_Left_423 of gf180mcu_fd_sc_mcu7t5v0__endcap in cell grouper_soc_chip_core
Note:  Implicit pin VNW in instance PHY_EDGE_ROW_149_1_Right_792 of gf180mcu_fd_sc_mcu7t5v0__endcap in cell grouper_soc_chip_core
Note:  Implicit pin VPW in instance PHY_EDGE_ROW_149_1_Right_792 of gf180mcu_fd_sc_mcu7t5v0__endcap in cell grouper_soc_chip_core
Note:  Implicit pin VNW in instance PHY_EDGE_ROW_149_5_Left_655 of gf180mcu_fd_sc_mcu7t5v0__endcap in cell grouper_soc_chip_core
Note:  Implicit pin VPW in instance PHY_EDGE_ROW_149_5_Left_655 of gf180mcu_fd_sc_mcu7t5v0__endcap in cell grouper_soc_chip_core
Note:  Implicit pin VNW in instance PHY_EDGE_ROW_149_5_Right_242 of gf180mcu_fd_sc_mcu7t5v0__endcap in cell grouper_soc_chip_core
Note:  Implicit pin VPW in instance PHY_EDGE_ROW_149_5_Right_242 of gf180mcu_fd_sc_mcu7t5v0__endcap in cell grouper_soc_chip_core
Note:  Implicit pin VNW in instance PHY_EDGE_ROW_14_Left_289 of gf180mcu_fd_sc_mcu7t5v0__endcap in cell grouper_soc_chip_core
Note:  Implicit pin VPW in instance PHY_EDGE_ROW_14_Left_289 of gf180mcu_fd_sc_mcu7t5v0__endcap in cell grouper_soc_chip_core
Note:  Implicit pin VNW in instance PHY_EDGE_ROW_14_Right_14 of gf180mcu_fd_sc_mcu7t5v0__endcap in cell grouper_soc_chip_core
Note:  Implicit pin VPW in instance PHY_EDGE_ROW_14_Right_14 of gf180mcu_fd_sc_mcu7t5v0__endcap in cell grouper_soc_chip_core
Note:  Implicit pin VNW in instance PHY_EDGE_ROW_150_1_Left_424 of gf180mcu_fd_sc_mcu7t5v0__endcap in cell grouper_soc_chip_core
Note:  Implicit pin VPW in instance PHY_EDGE_ROW_150_1_Left_424 of gf180mcu_fd_sc_mcu7t5v0__endcap in cell grouper_soc_chip_core
Note:  Implicit pin VNW in instance PHY_EDGE_ROW_150_1_Right_793 of gf180mcu_fd_sc_mcu7t5v0__endcap in cell grouper_soc_chip_core
Note:  Implicit pin VPW in instance PHY_EDGE_ROW_150_1_Right_793 of gf180mcu_fd_sc_mcu7t5v0__endcap in cell grouper_soc_chip_core
Note:  Implicit pin VNW in instance PHY_EDGE_ROW_150_5_Left_656 of gf180mcu_fd_sc_mcu7t5v0__endcap in cell grouper_soc_chip_core
Note:  Implicit pin VPW in instance PHY_EDGE_ROW_150_5_Left_656 of gf180mcu_fd_sc_mcu7t5v0__endcap in cell grouper_soc_chip_core
Note:  Implicit pin VNW in instance PHY_EDGE_ROW_150_5_Right_243 of gf180mcu_fd_sc_mcu7t5v0__endcap in cell grouper_soc_chip_core
Note:  Implicit pin VPW in instance PHY_EDGE_ROW_150_5_Right_243 of gf180mcu_fd_sc_mcu7t5v0__endcap in cell grouper_soc_chip_core
Note:  Implicit pin VNW in instance PHY_EDGE_ROW_151_1_Left_425 of gf180mcu_fd_sc_mcu7t5v0__endcap in cell grouper_soc_chip_core
Note:  Implicit pin VPW in instance PHY_EDGE_ROW_151_1_Left_425 of gf180mcu_fd_sc_mcu7t5v0__endcap in cell grouper_soc_chip_core
Note:  Implicit pin VNW in instance PHY_EDGE_ROW_151_1_Right_794 of gf180mcu_fd_sc_mcu7t5v0__endcap in cell grouper_soc_chip_core
Note:  Implicit pin VPW in instance PHY_EDGE_ROW_151_1_Right_794 of gf180mcu_fd_sc_mcu7t5v0__endcap in cell grouper_soc_chip_core
Note:  Implicit pin VNW in instance PHY_EDGE_ROW_151_5_Left_657 of gf180mcu_fd_sc_mcu7t5v0__endcap in cell grouper_soc_chip_core
Note:  Implicit pin VPW in instance PHY_EDGE_ROW_151_5_Left_657 of gf180mcu_fd_sc_mcu7t5v0__endcap in cell grouper_soc_chip_core
Note:  Implicit pin VNW in instance PHY_EDGE_ROW_151_5_Right_244 of gf180mcu_fd_sc_mcu7t5v0__endcap in cell grouper_soc_chip_core
Note:  Implicit pin VPW in instance PHY_EDGE_ROW_151_5_Right_244 of gf180mcu_fd_sc_mcu7t5v0__endcap in cell grouper_soc_chip_core
Note:  Implicit pin VNW in instance PHY_EDGE_ROW_152_1_Left_426 of gf180mcu_fd_sc_mcu7t5v0__endcap in cell grouper_soc_chip_core
Note:  Implicit pin VPW in instance PHY_EDGE_ROW_152_1_Left_426 of gf180mcu_fd_sc_mcu7t5v0__endcap in cell grouper_soc_chip_core
Note:  Implicit pin VNW in instance PHY_EDGE_ROW_152_1_Right_795 of gf180mcu_fd_sc_mcu7t5v0__endcap in cell grouper_soc_chip_core
Note:  Implicit pin VPW in instance PHY_EDGE_ROW_152_1_Right_795 of gf180mcu_fd_sc_mcu7t5v0__endcap in cell grouper_soc_chip_core
Note:  Implicit pin VNW in instance PHY_EDGE_ROW_152_5_Left_658 of gf180mcu_fd_sc_mcu7t5v0__endcap in cell grouper_soc_chip_core
Note:  Implicit pin VPW in instance PHY_EDGE_ROW_152_5_Left_658 of gf180mcu_fd_sc_mcu7t5v0__endcap in cell grouper_soc_chip_core
Note:  Implicit pin VNW in instance PHY_EDGE_ROW_152_5_Right_245 of gf180mcu_fd_sc_mcu7t5v0__endcap in cell grouper_soc_chip_core
Note:  Implicit pin VPW in instance PHY_EDGE_ROW_152_5_Right_245 of gf180mcu_fd_sc_mcu7t5v0__endcap in cell grouper_soc_chip_core
Note:  Implicit pin VNW in instance PHY_EDGE_ROW_153_1_Left_427 of gf180mcu_fd_sc_mcu7t5v0__endcap in cell grouper_soc_chip_core
Note:  Implicit pin VPW in instance PHY_EDGE_ROW_153_1_Left_427 of gf180mcu_fd_sc_mcu7t5v0__endcap in cell grouper_soc_chip_core
Note:  Implicit pin VNW in instance PHY_EDGE_ROW_153_1_Right_796 of gf180mcu_fd_sc_mcu7t5v0__endcap in cell grouper_soc_chip_core
Note:  Implicit pin VPW in instance PHY_EDGE_ROW_153_1_Right_796 of gf180mcu_fd_sc_mcu7t5v0__endcap in cell grouper_soc_chip_core
Note:  Implicit pin VNW in instance PHY_EDGE_ROW_153_5_Left_659 of gf180mcu_fd_sc_mcu7t5v0__endcap in cell grouper_soc_chip_core
Note:  Implicit pin VPW in instance PHY_EDGE_ROW_153_5_Left_659 of gf180mcu_fd_sc_mcu7t5v0__endcap in cell grouper_soc_chip_core
Note:  Implicit pin VNW in instance PHY_EDGE_ROW_153_5_Right_246 of gf180mcu_fd_sc_mcu7t5v0__endcap in cell grouper_soc_chip_core
Note:  Implicit pin VPW in instance PHY_EDGE_ROW_153_5_Right_246 of gf180mcu_fd_sc_mcu7t5v0__endcap in cell grouper_soc_chip_core
Note:  Implicit pin VNW in instance PHY_EDGE_ROW_154_1_Left_428 of gf180mcu_fd_sc_mcu7t5v0__endcap in cell grouper_soc_chip_core
Note:  Implicit pin VPW in instance PHY_EDGE_ROW_154_1_Left_428 of gf180mcu_fd_sc_mcu7t5v0__endcap in cell grouper_soc_chip_core
Note:  Implicit pin VNW in instance PHY_EDGE_ROW_154_1_Right_797 of gf180mcu_fd_sc_mcu7t5v0__endcap in cell grouper_soc_chip_core
Note:  Implicit pin VPW in instance PHY_EDGE_ROW_154_1_Right_797 of gf180mcu_fd_sc_mcu7t5v0__endcap in cell grouper_soc_chip_core
Note:  Implicit pin VNW in instance PHY_EDGE_ROW_154_5_Left_660 of gf180mcu_fd_sc_mcu7t5v0__endcap in cell grouper_soc_chip_core
Note:  Implicit pin VPW in instance PHY_EDGE_ROW_154_5_Left_660 of gf180mcu_fd_sc_mcu7t5v0__endcap in cell grouper_soc_chip_core
Note:  Implicit pin VNW in instance PHY_EDGE_ROW_154_5_Right_247 of gf180mcu_fd_sc_mcu7t5v0__endcap in cell grouper_soc_chip_core
Note:  Implicit pin VPW in instance PHY_EDGE_ROW_154_5_Right_247 of gf180mcu_fd_sc_mcu7t5v0__endcap in cell grouper_soc_chip_core
Note:  Implicit pin VNW in instance PHY_EDGE_ROW_155_1_Left_429 of gf180mcu_fd_sc_mcu7t5v0__endcap in cell grouper_soc_chip_core
Note:  Implicit pin VPW in instance PHY_EDGE_ROW_155_1_Left_429 of gf180mcu_fd_sc_mcu7t5v0__endcap in cell grouper_soc_chip_core
Note:  Implicit pin VNW in instance PHY_EDGE_ROW_155_1_Right_798 of gf180mcu_fd_sc_mcu7t5v0__endcap in cell grouper_soc_chip_core
Note:  Implicit pin VPW in instance PHY_EDGE_ROW_155_1_Right_798 of gf180mcu_fd_sc_mcu7t5v0__endcap in cell grouper_soc_chip_core
Note:  Implicit pin VNW in instance PHY_EDGE_ROW_155_5_Left_661 of gf180mcu_fd_sc_mcu7t5v0__endcap in cell grouper_soc_chip_core
Note:  Implicit pin VPW in instance PHY_EDGE_ROW_155_5_Left_661 of gf180mcu_fd_sc_mcu7t5v0__endcap in cell grouper_soc_chip_core
Note:  Implicit pin VNW in instance PHY_EDGE_ROW_155_5_Right_248 of gf180mcu_fd_sc_mcu7t5v0__endcap in cell grouper_soc_chip_core
Note:  Implicit pin VPW in instance PHY_EDGE_ROW_155_5_Right_248 of gf180mcu_fd_sc_mcu7t5v0__endcap in cell grouper_soc_chip_core
Note:  Implicit pin VNW in instance PHY_EDGE_ROW_156_1_Left_430 of gf180mcu_fd_sc_mcu7t5v0__endcap in cell grouper_soc_chip_core
Note:  Implicit pin VPW in instance PHY_EDGE_ROW_156_1_Left_430 of gf180mcu_fd_sc_mcu7t5v0__endcap in cell grouper_soc_chip_core
Note:  Implicit pin VNW in instance PHY_EDGE_ROW_156_1_Right_799 of gf180mcu_fd_sc_mcu7t5v0__endcap in cell grouper_soc_chip_core
Note:  Implicit pin VPW in instance PHY_EDGE_ROW_156_1_Right_799 of gf180mcu_fd_sc_mcu7t5v0__endcap in cell grouper_soc_chip_core
Note:  Implicit pin VNW in instance PHY_EDGE_ROW_156_5_Left_662 of gf180mcu_fd_sc_mcu7t5v0__endcap in cell grouper_soc_chip_core
Note:  Implicit pin VPW in instance PHY_EDGE_ROW_156_5_Left_662 of gf180mcu_fd_sc_mcu7t5v0__endcap in cell grouper_soc_chip_core
Note:  Implicit pin VNW in instance PHY_EDGE_ROW_156_5_Right_249 of gf180mcu_fd_sc_mcu7t5v0__endcap in cell grouper_soc_chip_core
Note:  Implicit pin VPW in instance PHY_EDGE_ROW_156_5_Right_249 of gf180mcu_fd_sc_mcu7t5v0__endcap in cell grouper_soc_chip_core
Note:  Implicit pin VNW in instance PHY_EDGE_ROW_157_1_Left_431 of gf180mcu_fd_sc_mcu7t5v0__endcap in cell grouper_soc_chip_core
Note:  Implicit pin VPW in instance PHY_EDGE_ROW_157_1_Left_431 of gf180mcu_fd_sc_mcu7t5v0__endcap in cell grouper_soc_chip_core
Note:  Implicit pin VNW in instance PHY_EDGE_ROW_157_1_Right_800 of gf180mcu_fd_sc_mcu7t5v0__endcap in cell grouper_soc_chip_core
Note:  Implicit pin VPW in instance PHY_EDGE_ROW_157_1_Right_800 of gf180mcu_fd_sc_mcu7t5v0__endcap in cell grouper_soc_chip_core
Note:  Implicit pin VNW in instance PHY_EDGE_ROW_157_5_Left_663 of gf180mcu_fd_sc_mcu7t5v0__endcap in cell grouper_soc_chip_core
Note:  Implicit pin VPW in instance PHY_EDGE_ROW_157_5_Left_663 of gf180mcu_fd_sc_mcu7t5v0__endcap in cell grouper_soc_chip_core
Note:  Implicit pin VNW in instance PHY_EDGE_ROW_157_5_Right_250 of gf180mcu_fd_sc_mcu7t5v0__endcap in cell grouper_soc_chip_core
Note:  Implicit pin VPW in instance PHY_EDGE_ROW_157_5_Right_250 of gf180mcu_fd_sc_mcu7t5v0__endcap in cell grouper_soc_chip_core
Note:  Implicit pin VNW in instance PHY_EDGE_ROW_158_1_Left_432 of gf180mcu_fd_sc_mcu7t5v0__endcap in cell grouper_soc_chip_core
Note:  Implicit pin VPW in instance PHY_EDGE_ROW_158_1_Left_432 of gf180mcu_fd_sc_mcu7t5v0__endcap in cell grouper_soc_chip_core
Note:  Implicit pin VNW in instance PHY_EDGE_ROW_158_1_Right_801 of gf180mcu_fd_sc_mcu7t5v0__endcap in cell grouper_soc_chip_core
Note:  Implicit pin VPW in instance PHY_EDGE_ROW_158_1_Right_801 of gf180mcu_fd_sc_mcu7t5v0__endcap in cell grouper_soc_chip_core
Note:  Implicit pin VNW in instance PHY_EDGE_ROW_158_5_Left_664 of gf180mcu_fd_sc_mcu7t5v0__endcap in cell grouper_soc_chip_core
Note:  Implicit pin VPW in instance PHY_EDGE_ROW_158_5_Left_664 of gf180mcu_fd_sc_mcu7t5v0__endcap in cell grouper_soc_chip_core
Note:  Implicit pin VNW in instance PHY_EDGE_ROW_158_5_Right_251 of gf180mcu_fd_sc_mcu7t5v0__endcap in cell grouper_soc_chip_core
Note:  Implicit pin VPW in instance PHY_EDGE_ROW_158_5_Right_251 of gf180mcu_fd_sc_mcu7t5v0__endcap in cell grouper_soc_chip_core
Note:  Implicit pin VNW in instance PHY_EDGE_ROW_159_1_Left_433 of gf180mcu_fd_sc_mcu7t5v0__endcap in cell grouper_soc_chip_core
Note:  Implicit pin VPW in instance PHY_EDGE_ROW_159_1_Left_433 of gf180mcu_fd_sc_mcu7t5v0__endcap in cell grouper_soc_chip_core
Note:  Implicit pin VNW in instance PHY_EDGE_ROW_159_1_Right_802 of gf180mcu_fd_sc_mcu7t5v0__endcap in cell grouper_soc_chip_core
Note:  Implicit pin VPW in instance PHY_EDGE_ROW_159_1_Right_802 of gf180mcu_fd_sc_mcu7t5v0__endcap in cell grouper_soc_chip_core
Note:  Implicit pin VNW in instance PHY_EDGE_ROW_159_5_Left_665 of gf180mcu_fd_sc_mcu7t5v0__endcap in cell grouper_soc_chip_core
Note:  Implicit pin VPW in instance PHY_EDGE_ROW_159_5_Left_665 of gf180mcu_fd_sc_mcu7t5v0__endcap in cell grouper_soc_chip_core
Note:  Implicit pin VNW in instance PHY_EDGE_ROW_159_5_Right_252 of gf180mcu_fd_sc_mcu7t5v0__endcap in cell grouper_soc_chip_core
Note:  Implicit pin VPW in instance PHY_EDGE_ROW_159_5_Right_252 of gf180mcu_fd_sc_mcu7t5v0__endcap in cell grouper_soc_chip_core
Note:  Implicit pin VNW in instance PHY_EDGE_ROW_15_Left_290 of gf180mcu_fd_sc_mcu7t5v0__endcap in cell grouper_soc_chip_core
Note:  Implicit pin VPW in instance PHY_EDGE_ROW_15_Left_290 of gf180mcu_fd_sc_mcu7t5v0__endcap in cell grouper_soc_chip_core
Note:  Implicit pin VNW in instance PHY_EDGE_ROW_15_Right_15 of gf180mcu_fd_sc_mcu7t5v0__endcap in cell grouper_soc_chip_core
Note:  Implicit pin VPW in instance PHY_EDGE_ROW_15_Right_15 of gf180mcu_fd_sc_mcu7t5v0__endcap in cell grouper_soc_chip_core
Note:  Implicit pin VNW in instance PHY_EDGE_ROW_160_1_Left_434 of gf180mcu_fd_sc_mcu7t5v0__endcap in cell grouper_soc_chip_core
Note:  Implicit pin VPW in instance PHY_EDGE_ROW_160_1_Left_434 of gf180mcu_fd_sc_mcu7t5v0__endcap in cell grouper_soc_chip_core
Note:  Implicit pin VNW in instance PHY_EDGE_ROW_160_1_Right_803 of gf180mcu_fd_sc_mcu7t5v0__endcap in cell grouper_soc_chip_core
Note:  Implicit pin VPW in instance PHY_EDGE_ROW_160_1_Right_803 of gf180mcu_fd_sc_mcu7t5v0__endcap in cell grouper_soc_chip_core
Note:  Implicit pin VNW in instance PHY_EDGE_ROW_160_5_Left_666 of gf180mcu_fd_sc_mcu7t5v0__endcap in cell grouper_soc_chip_core
Note:  Implicit pin VPW in instance PHY_EDGE_ROW_160_5_Left_666 of gf180mcu_fd_sc_mcu7t5v0__endcap in cell grouper_soc_chip_core
Note:  Implicit pin VNW in instance PHY_EDGE_ROW_160_5_Right_253 of gf180mcu_fd_sc_mcu7t5v0__endcap in cell grouper_soc_chip_core
Note:  Implicit pin VPW in instance PHY_EDGE_ROW_160_5_Right_253 of gf180mcu_fd_sc_mcu7t5v0__endcap in cell grouper_soc_chip_core
Note:  Implicit pin VNW in instance PHY_EDGE_ROW_161_1_Left_435 of gf180mcu_fd_sc_mcu7t5v0__endcap in cell grouper_soc_chip_core
Note:  Implicit pin VPW in instance PHY_EDGE_ROW_161_1_Left_435 of gf180mcu_fd_sc_mcu7t5v0__endcap in cell grouper_soc_chip_core
Note:  Implicit pin VNW in instance PHY_EDGE_ROW_161_1_Right_804 of gf180mcu_fd_sc_mcu7t5v0__endcap in cell grouper_soc_chip_core
Note:  Implicit pin VPW in instance PHY_EDGE_ROW_161_1_Right_804 of gf180mcu_fd_sc_mcu7t5v0__endcap in cell grouper_soc_chip_core
Note:  Implicit pin VNW in instance PHY_EDGE_ROW_161_5_Left_667 of gf180mcu_fd_sc_mcu7t5v0__endcap in cell grouper_soc_chip_core
Note:  Implicit pin VPW in instance PHY_EDGE_ROW_161_5_Left_667 of gf180mcu_fd_sc_mcu7t5v0__endcap in cell grouper_soc_chip_core
Note:  Implicit pin VNW in instance PHY_EDGE_ROW_161_5_Right_254 of gf180mcu_fd_sc_mcu7t5v0__endcap in cell grouper_soc_chip_core
Note:  Implicit pin VPW in instance PHY_EDGE_ROW_161_5_Right_254 of gf180mcu_fd_sc_mcu7t5v0__endcap in cell grouper_soc_chip_core
Note:  Implicit pin VNW in instance PHY_EDGE_ROW_162_1_Left_436 of gf180mcu_fd_sc_mcu7t5v0__endcap in cell grouper_soc_chip_core
Note:  Implicit pin VPW in instance PHY_EDGE_ROW_162_1_Left_436 of gf180mcu_fd_sc_mcu7t5v0__endcap in cell grouper_soc_chip_core
Note:  Implicit pin VNW in instance PHY_EDGE_ROW_162_1_Right_805 of gf180mcu_fd_sc_mcu7t5v0__endcap in cell grouper_soc_chip_core
Note:  Implicit pin VPW in instance PHY_EDGE_ROW_162_1_Right_805 of gf180mcu_fd_sc_mcu7t5v0__endcap in cell grouper_soc_chip_core
Note:  Implicit pin VNW in instance PHY_EDGE_ROW_162_5_Left_668 of gf180mcu_fd_sc_mcu7t5v0__endcap in cell grouper_soc_chip_core
Note:  Implicit pin VPW in instance PHY_EDGE_ROW_162_5_Left_668 of gf180mcu_fd_sc_mcu7t5v0__endcap in cell grouper_soc_chip_core
Note:  Implicit pin VNW in instance PHY_EDGE_ROW_162_5_Right_255 of gf180mcu_fd_sc_mcu7t5v0__endcap in cell grouper_soc_chip_core
Note:  Implicit pin VPW in instance PHY_EDGE_ROW_162_5_Right_255 of gf180mcu_fd_sc_mcu7t5v0__endcap in cell grouper_soc_chip_core
Note:  Implicit pin VNW in instance PHY_EDGE_ROW_163_1_Left_437 of gf180mcu_fd_sc_mcu7t5v0__endcap in cell grouper_soc_chip_core
Note:  Implicit pin VPW in instance PHY_EDGE_ROW_163_1_Left_437 of gf180mcu_fd_sc_mcu7t5v0__endcap in cell grouper_soc_chip_core
Note:  Implicit pin VNW in instance PHY_EDGE_ROW_163_1_Right_806 of gf180mcu_fd_sc_mcu7t5v0__endcap in cell grouper_soc_chip_core
Note:  Implicit pin VPW in instance PHY_EDGE_ROW_163_1_Right_806 of gf180mcu_fd_sc_mcu7t5v0__endcap in cell grouper_soc_chip_core
Note:  Implicit pin VNW in instance PHY_EDGE_ROW_163_5_Left_669 of gf180mcu_fd_sc_mcu7t5v0__endcap in cell grouper_soc_chip_core
Note:  Implicit pin VPW in instance PHY_EDGE_ROW_163_5_Left_669 of gf180mcu_fd_sc_mcu7t5v0__endcap in cell grouper_soc_chip_core
Note:  Implicit pin VNW in instance PHY_EDGE_ROW_163_5_Right_256 of gf180mcu_fd_sc_mcu7t5v0__endcap in cell grouper_soc_chip_core
Note:  Implicit pin VPW in instance PHY_EDGE_ROW_163_5_Right_256 of gf180mcu_fd_sc_mcu7t5v0__endcap in cell grouper_soc_chip_core
Note:  Implicit pin VNW in instance PHY_EDGE_ROW_164_1_Left_438 of gf180mcu_fd_sc_mcu7t5v0__endcap in cell grouper_soc_chip_core
Note:  Implicit pin VPW in instance PHY_EDGE_ROW_164_1_Left_438 of gf180mcu_fd_sc_mcu7t5v0__endcap in cell grouper_soc_chip_core
Note:  Implicit pin VNW in instance PHY_EDGE_ROW_164_1_Right_807 of gf180mcu_fd_sc_mcu7t5v0__endcap in cell grouper_soc_chip_core
Note:  Implicit pin VPW in instance PHY_EDGE_ROW_164_1_Right_807 of gf180mcu_fd_sc_mcu7t5v0__endcap in cell grouper_soc_chip_core
Note:  Implicit pin VNW in instance PHY_EDGE_ROW_164_5_Left_670 of gf180mcu_fd_sc_mcu7t5v0__endcap in cell grouper_soc_chip_core
Note:  Implicit pin VPW in instance PHY_EDGE_ROW_164_5_Left_670 of gf180mcu_fd_sc_mcu7t5v0__endcap in cell grouper_soc_chip_core
Note:  Implicit pin VNW in instance PHY_EDGE_ROW_164_5_Right_257 of gf180mcu_fd_sc_mcu7t5v0__endcap in cell grouper_soc_chip_core
Note:  Implicit pin VPW in instance PHY_EDGE_ROW_164_5_Right_257 of gf180mcu_fd_sc_mcu7t5v0__endcap in cell grouper_soc_chip_core
Note:  Implicit pin VNW in instance PHY_EDGE_ROW_165_1_Left_439 of gf180mcu_fd_sc_mcu7t5v0__endcap in cell grouper_soc_chip_core
Note:  Implicit pin VPW in instance PHY_EDGE_ROW_165_1_Left_439 of gf180mcu_fd_sc_mcu7t5v0__endcap in cell grouper_soc_chip_core
Note:  Implicit pin VNW in instance PHY_EDGE_ROW_165_1_Right_808 of gf180mcu_fd_sc_mcu7t5v0__endcap in cell grouper_soc_chip_core
Note:  Implicit pin VPW in instance PHY_EDGE_ROW_165_1_Right_808 of gf180mcu_fd_sc_mcu7t5v0__endcap in cell grouper_soc_chip_core
Note:  Implicit pin VNW in instance PHY_EDGE_ROW_165_5_Left_671 of gf180mcu_fd_sc_mcu7t5v0__endcap in cell grouper_soc_chip_core
Note:  Implicit pin VPW in instance PHY_EDGE_ROW_165_5_Left_671 of gf180mcu_fd_sc_mcu7t5v0__endcap in cell grouper_soc_chip_core
Note:  Implicit pin VNW in instance PHY_EDGE_ROW_165_5_Right_258 of gf180mcu_fd_sc_mcu7t5v0__endcap in cell grouper_soc_chip_core
Note:  Implicit pin VPW in instance PHY_EDGE_ROW_165_5_Right_258 of gf180mcu_fd_sc_mcu7t5v0__endcap in cell grouper_soc_chip_core
Note:  Implicit pin VNW in instance PHY_EDGE_ROW_166_1_Left_440 of gf180mcu_fd_sc_mcu7t5v0__endcap in cell grouper_soc_chip_core
Note:  Implicit pin VPW in instance PHY_EDGE_ROW_166_1_Left_440 of gf180mcu_fd_sc_mcu7t5v0__endcap in cell grouper_soc_chip_core
Note:  Implicit pin VNW in instance PHY_EDGE_ROW_166_1_Right_809 of gf180mcu_fd_sc_mcu7t5v0__endcap in cell grouper_soc_chip_core
Note:  Implicit pin VPW in instance PHY_EDGE_ROW_166_1_Right_809 of gf180mcu_fd_sc_mcu7t5v0__endcap in cell grouper_soc_chip_core
Note:  Implicit pin VNW in instance PHY_EDGE_ROW_166_5_Left_672 of gf180mcu_fd_sc_mcu7t5v0__endcap in cell grouper_soc_chip_core
Note:  Implicit pin VPW in instance PHY_EDGE_ROW_166_5_Left_672 of gf180mcu_fd_sc_mcu7t5v0__endcap in cell grouper_soc_chip_core
Note:  Implicit pin VNW in instance PHY_EDGE_ROW_166_5_Right_259 of gf180mcu_fd_sc_mcu7t5v0__endcap in cell grouper_soc_chip_core
Note:  Implicit pin VPW in instance PHY_EDGE_ROW_166_5_Right_259 of gf180mcu_fd_sc_mcu7t5v0__endcap in cell grouper_soc_chip_core
Note:  Implicit pin VNW in instance PHY_EDGE_ROW_167_1_Left_441 of gf180mcu_fd_sc_mcu7t5v0__endcap in cell grouper_soc_chip_core
Note:  Implicit pin VPW in instance PHY_EDGE_ROW_167_1_Left_441 of gf180mcu_fd_sc_mcu7t5v0__endcap in cell grouper_soc_chip_core
Note:  Implicit pin VNW in instance PHY_EDGE_ROW_167_1_Right_810 of gf180mcu_fd_sc_mcu7t5v0__endcap in cell grouper_soc_chip_core
Note:  Implicit pin VPW in instance PHY_EDGE_ROW_167_1_Right_810 of gf180mcu_fd_sc_mcu7t5v0__endcap in cell grouper_soc_chip_core
Note:  Implicit pin VNW in instance PHY_EDGE_ROW_167_5_Left_673 of gf180mcu_fd_sc_mcu7t5v0__endcap in cell grouper_soc_chip_core
Note:  Implicit pin VPW in instance PHY_EDGE_ROW_167_5_Left_673 of gf180mcu_fd_sc_mcu7t5v0__endcap in cell grouper_soc_chip_core
Note:  Implicit pin VNW in instance PHY_EDGE_ROW_167_5_Right_260 of gf180mcu_fd_sc_mcu7t5v0__endcap in cell grouper_soc_chip_core
Note:  Implicit pin VPW in instance PHY_EDGE_ROW_167_5_Right_260 of gf180mcu_fd_sc_mcu7t5v0__endcap in cell grouper_soc_chip_core
Note:  Implicit pin VNW in instance PHY_EDGE_ROW_168_1_Left_442 of gf180mcu_fd_sc_mcu7t5v0__endcap in cell grouper_soc_chip_core
Note:  Implicit pin VPW in instance PHY_EDGE_ROW_168_1_Left_442 of gf180mcu_fd_sc_mcu7t5v0__endcap in cell grouper_soc_chip_core
Note:  Implicit pin VNW in instance PHY_EDGE_ROW_168_1_Right_811 of gf180mcu_fd_sc_mcu7t5v0__endcap in cell grouper_soc_chip_core
Note:  Implicit pin VPW in instance PHY_EDGE_ROW_168_1_Right_811 of gf180mcu_fd_sc_mcu7t5v0__endcap in cell grouper_soc_chip_core
Note:  Implicit pin VNW in instance PHY_EDGE_ROW_168_5_Left_674 of gf180mcu_fd_sc_mcu7t5v0__endcap in cell grouper_soc_chip_core
Note:  Implicit pin VPW in instance PHY_EDGE_ROW_168_5_Left_674 of gf180mcu_fd_sc_mcu7t5v0__endcap in cell grouper_soc_chip_core
Note:  Implicit pin VNW in instance PHY_EDGE_ROW_168_5_Right_261 of gf180mcu_fd_sc_mcu7t5v0__endcap in cell grouper_soc_chip_core
Note:  Implicit pin VPW in instance PHY_EDGE_ROW_168_5_Right_261 of gf180mcu_fd_sc_mcu7t5v0__endcap in cell grouper_soc_chip_core
Note:  Implicit pin VNW in instance PHY_EDGE_ROW_169_1_Left_443 of gf180mcu_fd_sc_mcu7t5v0__endcap in cell grouper_soc_chip_core
Note:  Implicit pin VPW in instance PHY_EDGE_ROW_169_1_Left_443 of gf180mcu_fd_sc_mcu7t5v0__endcap in cell grouper_soc_chip_core
Note:  Implicit pin VNW in instance PHY_EDGE_ROW_169_1_Right_812 of gf180mcu_fd_sc_mcu7t5v0__endcap in cell grouper_soc_chip_core
Note:  Implicit pin VPW in instance PHY_EDGE_ROW_169_1_Right_812 of gf180mcu_fd_sc_mcu7t5v0__endcap in cell grouper_soc_chip_core
Note:  Implicit pin VNW in instance PHY_EDGE_ROW_169_5_Left_675 of gf180mcu_fd_sc_mcu7t5v0__endcap in cell grouper_soc_chip_core
Note:  Implicit pin VPW in instance PHY_EDGE_ROW_169_5_Left_675 of gf180mcu_fd_sc_mcu7t5v0__endcap in cell grouper_soc_chip_core
Note:  Implicit pin VNW in instance PHY_EDGE_ROW_169_5_Right_262 of gf180mcu_fd_sc_mcu7t5v0__endcap in cell grouper_soc_chip_core
Note:  Implicit pin VPW in instance PHY_EDGE_ROW_169_5_Right_262 of gf180mcu_fd_sc_mcu7t5v0__endcap in cell grouper_soc_chip_core
Note:  Implicit pin VNW in instance PHY_EDGE_ROW_16_Left_291 of gf180mcu_fd_sc_mcu7t5v0__endcap in cell grouper_soc_chip_core
Note:  Implicit pin VPW in instance PHY_EDGE_ROW_16_Left_291 of gf180mcu_fd_sc_mcu7t5v0__endcap in cell grouper_soc_chip_core
Note:  Implicit pin VNW in instance PHY_EDGE_ROW_16_Right_16 of gf180mcu_fd_sc_mcu7t5v0__endcap in cell grouper_soc_chip_core
Note:  Implicit pin VPW in instance PHY_EDGE_ROW_16_Right_16 of gf180mcu_fd_sc_mcu7t5v0__endcap in cell grouper_soc_chip_core
Note:  Implicit pin VNW in instance PHY_EDGE_ROW_170_1_Left_444 of gf180mcu_fd_sc_mcu7t5v0__endcap in cell grouper_soc_chip_core
Note:  Implicit pin VPW in instance PHY_EDGE_ROW_170_1_Left_444 of gf180mcu_fd_sc_mcu7t5v0__endcap in cell grouper_soc_chip_core
Note:  Implicit pin VNW in instance PHY_EDGE_ROW_170_1_Right_813 of gf180mcu_fd_sc_mcu7t5v0__endcap in cell grouper_soc_chip_core
Note:  Implicit pin VPW in instance PHY_EDGE_ROW_170_1_Right_813 of gf180mcu_fd_sc_mcu7t5v0__endcap in cell grouper_soc_chip_core
Note:  Implicit pin VNW in instance PHY_EDGE_ROW_170_5_Left_676 of gf180mcu_fd_sc_mcu7t5v0__endcap in cell grouper_soc_chip_core
Note:  Implicit pin VPW in instance PHY_EDGE_ROW_170_5_Left_676 of gf180mcu_fd_sc_mcu7t5v0__endcap in cell grouper_soc_chip_core
Note:  Implicit pin VNW in instance PHY_EDGE_ROW_170_5_Right_263 of gf180mcu_fd_sc_mcu7t5v0__endcap in cell grouper_soc_chip_core
Note:  Implicit pin VPW in instance PHY_EDGE_ROW_170_5_Right_263 of gf180mcu_fd_sc_mcu7t5v0__endcap in cell grouper_soc_chip_core
Note:  Implicit pin VNW in instance PHY_EDGE_ROW_171_1_Left_445 of gf180mcu_fd_sc_mcu7t5v0__endcap in cell grouper_soc_chip_core
Note:  Implicit pin VPW in instance PHY_EDGE_ROW_171_1_Left_445 of gf180mcu_fd_sc_mcu7t5v0__endcap in cell grouper_soc_chip_core
Note:  Implicit pin VNW in instance PHY_EDGE_ROW_171_1_Right_814 of gf180mcu_fd_sc_mcu7t5v0__endcap in cell grouper_soc_chip_core
Note:  Implicit pin VPW in instance PHY_EDGE_ROW_171_1_Right_814 of gf180mcu_fd_sc_mcu7t5v0__endcap in cell grouper_soc_chip_core
Note:  Implicit pin VNW in instance PHY_EDGE_ROW_171_5_Left_677 of gf180mcu_fd_sc_mcu7t5v0__endcap in cell grouper_soc_chip_core
Note:  Implicit pin VPW in instance PHY_EDGE_ROW_171_5_Left_677 of gf180mcu_fd_sc_mcu7t5v0__endcap in cell grouper_soc_chip_core
Note:  Implicit pin VNW in instance PHY_EDGE_ROW_171_5_Right_264 of gf180mcu_fd_sc_mcu7t5v0__endcap in cell grouper_soc_chip_core
Note:  Implicit pin VPW in instance PHY_EDGE_ROW_171_5_Right_264 of gf180mcu_fd_sc_mcu7t5v0__endcap in cell grouper_soc_chip_core
Note:  Implicit pin VNW in instance PHY_EDGE_ROW_172_1_Left_446 of gf180mcu_fd_sc_mcu7t5v0__endcap in cell grouper_soc_chip_core
Note:  Implicit pin VPW in instance PHY_EDGE_ROW_172_1_Left_446 of gf180mcu_fd_sc_mcu7t5v0__endcap in cell grouper_soc_chip_core
Note:  Implicit pin VNW in instance PHY_EDGE_ROW_172_1_Right_815 of gf180mcu_fd_sc_mcu7t5v0__endcap in cell grouper_soc_chip_core
Note:  Implicit pin VPW in instance PHY_EDGE_ROW_172_1_Right_815 of gf180mcu_fd_sc_mcu7t5v0__endcap in cell grouper_soc_chip_core
Note:  Implicit pin VNW in instance PHY_EDGE_ROW_172_5_Left_678 of gf180mcu_fd_sc_mcu7t5v0__endcap in cell grouper_soc_chip_core
Note:  Implicit pin VPW in instance PHY_EDGE_ROW_172_5_Left_678 of gf180mcu_fd_sc_mcu7t5v0__endcap in cell grouper_soc_chip_core
Note:  Implicit pin VNW in instance PHY_EDGE_ROW_172_5_Right_265 of gf180mcu_fd_sc_mcu7t5v0__endcap in cell grouper_soc_chip_core
Note:  Implicit pin VPW in instance PHY_EDGE_ROW_172_5_Right_265 of gf180mcu_fd_sc_mcu7t5v0__endcap in cell grouper_soc_chip_core
Note:  Implicit pin VNW in instance PHY_EDGE_ROW_173_1_Left_447 of gf180mcu_fd_sc_mcu7t5v0__endcap in cell grouper_soc_chip_core
Note:  Implicit pin VPW in instance PHY_EDGE_ROW_173_1_Left_447 of gf180mcu_fd_sc_mcu7t5v0__endcap in cell grouper_soc_chip_core
Note:  Implicit pin VNW in instance PHY_EDGE_ROW_173_1_Right_816 of gf180mcu_fd_sc_mcu7t5v0__endcap in cell grouper_soc_chip_core
Note:  Implicit pin VPW in instance PHY_EDGE_ROW_173_1_Right_816 of gf180mcu_fd_sc_mcu7t5v0__endcap in cell grouper_soc_chip_core
Note:  Implicit pin VNW in instance PHY_EDGE_ROW_173_5_Left_679 of gf180mcu_fd_sc_mcu7t5v0__endcap in cell grouper_soc_chip_core
Note:  Implicit pin VPW in instance PHY_EDGE_ROW_173_5_Left_679 of gf180mcu_fd_sc_mcu7t5v0__endcap in cell grouper_soc_chip_core
Note:  Implicit pin VNW in instance PHY_EDGE_ROW_173_5_Right_266 of gf180mcu_fd_sc_mcu7t5v0__endcap in cell grouper_soc_chip_core
Note:  Implicit pin VPW in instance PHY_EDGE_ROW_173_5_Right_266 of gf180mcu_fd_sc_mcu7t5v0__endcap in cell grouper_soc_chip_core
Note:  Implicit pin VNW in instance PHY_EDGE_ROW_174_1_Left_448 of gf180mcu_fd_sc_mcu7t5v0__endcap in cell grouper_soc_chip_core
Note:  Implicit pin VPW in instance PHY_EDGE_ROW_174_1_Left_448 of gf180mcu_fd_sc_mcu7t5v0__endcap in cell grouper_soc_chip_core
Note:  Implicit pin VNW in instance PHY_EDGE_ROW_174_1_Right_817 of gf180mcu_fd_sc_mcu7t5v0__endcap in cell grouper_soc_chip_core
Note:  Implicit pin VPW in instance PHY_EDGE_ROW_174_1_Right_817 of gf180mcu_fd_sc_mcu7t5v0__endcap in cell grouper_soc_chip_core
Note:  Implicit pin VNW in instance PHY_EDGE_ROW_174_5_Left_680 of gf180mcu_fd_sc_mcu7t5v0__endcap in cell grouper_soc_chip_core
Note:  Implicit pin VPW in instance PHY_EDGE_ROW_174_5_Left_680 of gf180mcu_fd_sc_mcu7t5v0__endcap in cell grouper_soc_chip_core
Note:  Implicit pin VNW in instance PHY_EDGE_ROW_174_5_Right_267 of gf180mcu_fd_sc_mcu7t5v0__endcap in cell grouper_soc_chip_core
Note:  Implicit pin VPW in instance PHY_EDGE_ROW_174_5_Right_267 of gf180mcu_fd_sc_mcu7t5v0__endcap in cell grouper_soc_chip_core
Note:  Implicit pin VNW in instance PHY_EDGE_ROW_175_1_Left_449 of gf180mcu_fd_sc_mcu7t5v0__endcap in cell grouper_soc_chip_core
Note:  Implicit pin VPW in instance PHY_EDGE_ROW_175_1_Left_449 of gf180mcu_fd_sc_mcu7t5v0__endcap in cell grouper_soc_chip_core
Note:  Implicit pin VNW in instance PHY_EDGE_ROW_175_1_Right_818 of gf180mcu_fd_sc_mcu7t5v0__endcap in cell grouper_soc_chip_core
Note:  Implicit pin VPW in instance PHY_EDGE_ROW_175_1_Right_818 of gf180mcu_fd_sc_mcu7t5v0__endcap in cell grouper_soc_chip_core
Note:  Implicit pin VNW in instance PHY_EDGE_ROW_175_5_Left_681 of gf180mcu_fd_sc_mcu7t5v0__endcap in cell grouper_soc_chip_core
Note:  Implicit pin VPW in instance PHY_EDGE_ROW_175_5_Left_681 of gf180mcu_fd_sc_mcu7t5v0__endcap in cell grouper_soc_chip_core
Note:  Implicit pin VNW in instance PHY_EDGE_ROW_175_5_Right_268 of gf180mcu_fd_sc_mcu7t5v0__endcap in cell grouper_soc_chip_core
Note:  Implicit pin VPW in instance PHY_EDGE_ROW_175_5_Right_268 of gf180mcu_fd_sc_mcu7t5v0__endcap in cell grouper_soc_chip_core
Note:  Implicit pin VNW in instance PHY_EDGE_ROW_176_1_Left_450 of gf180mcu_fd_sc_mcu7t5v0__endcap in cell grouper_soc_chip_core
Note:  Implicit pin VPW in instance PHY_EDGE_ROW_176_1_Left_450 of gf180mcu_fd_sc_mcu7t5v0__endcap in cell grouper_soc_chip_core
Note:  Implicit pin VNW in instance PHY_EDGE_ROW_176_1_Right_819 of gf180mcu_fd_sc_mcu7t5v0__endcap in cell grouper_soc_chip_core
Note:  Implicit pin VPW in instance PHY_EDGE_ROW_176_1_Right_819 of gf180mcu_fd_sc_mcu7t5v0__endcap in cell grouper_soc_chip_core
Note:  Implicit pin VNW in instance PHY_EDGE_ROW_176_5_Left_682 of gf180mcu_fd_sc_mcu7t5v0__endcap in cell grouper_soc_chip_core
Note:  Implicit pin VPW in instance PHY_EDGE_ROW_176_5_Left_682 of gf180mcu_fd_sc_mcu7t5v0__endcap in cell grouper_soc_chip_core
Note:  Implicit pin VNW in instance PHY_EDGE_ROW_176_5_Right_269 of gf180mcu_fd_sc_mcu7t5v0__endcap in cell grouper_soc_chip_core
Note:  Implicit pin VPW in instance PHY_EDGE_ROW_176_5_Right_269 of gf180mcu_fd_sc_mcu7t5v0__endcap in cell grouper_soc_chip_core
Note:  Implicit pin VNW in instance PHY_EDGE_ROW_177_1_Left_451 of gf180mcu_fd_sc_mcu7t5v0__endcap in cell grouper_soc_chip_core
Note:  Implicit pin VPW in instance PHY_EDGE_ROW_177_1_Left_451 of gf180mcu_fd_sc_mcu7t5v0__endcap in cell grouper_soc_chip_core
Note:  Implicit pin VNW in instance PHY_EDGE_ROW_177_1_Right_820 of gf180mcu_fd_sc_mcu7t5v0__endcap in cell grouper_soc_chip_core
Note:  Implicit pin VPW in instance PHY_EDGE_ROW_177_1_Right_820 of gf180mcu_fd_sc_mcu7t5v0__endcap in cell grouper_soc_chip_core
Note:  Implicit pin VNW in instance PHY_EDGE_ROW_177_5_Left_683 of gf180mcu_fd_sc_mcu7t5v0__endcap in cell grouper_soc_chip_core
Note:  Implicit pin VPW in instance PHY_EDGE_ROW_177_5_Left_683 of gf180mcu_fd_sc_mcu7t5v0__endcap in cell grouper_soc_chip_core
Note:  Implicit pin VNW in instance PHY_EDGE_ROW_177_5_Right_270 of gf180mcu_fd_sc_mcu7t5v0__endcap in cell grouper_soc_chip_core
Note:  Implicit pin VPW in instance PHY_EDGE_ROW_177_5_Right_270 of gf180mcu_fd_sc_mcu7t5v0__endcap in cell grouper_soc_chip_core
Note:  Implicit pin VNW in instance PHY_EDGE_ROW_178_1_Left_452 of gf180mcu_fd_sc_mcu7t5v0__endcap in cell grouper_soc_chip_core
Note:  Implicit pin VPW in instance PHY_EDGE_ROW_178_1_Left_452 of gf180mcu_fd_sc_mcu7t5v0__endcap in cell grouper_soc_chip_core
Note:  Implicit pin VNW in instance PHY_EDGE_ROW_178_1_Right_821 of gf180mcu_fd_sc_mcu7t5v0__endcap in cell grouper_soc_chip_core
Note:  Implicit pin VPW in instance PHY_EDGE_ROW_178_1_Right_821 of gf180mcu_fd_sc_mcu7t5v0__endcap in cell grouper_soc_chip_core
Note:  Implicit pin VNW in instance PHY_EDGE_ROW_178_5_Left_684 of gf180mcu_fd_sc_mcu7t5v0__endcap in cell grouper_soc_chip_core
Note:  Implicit pin VPW in instance PHY_EDGE_ROW_178_5_Left_684 of gf180mcu_fd_sc_mcu7t5v0__endcap in cell grouper_soc_chip_core
Note:  Implicit pin VNW in instance PHY_EDGE_ROW_178_5_Right_271 of gf180mcu_fd_sc_mcu7t5v0__endcap in cell grouper_soc_chip_core
Note:  Implicit pin VPW in instance PHY_EDGE_ROW_178_5_Right_271 of gf180mcu_fd_sc_mcu7t5v0__endcap in cell grouper_soc_chip_core
Note:  Implicit pin VNW in instance PHY_EDGE_ROW_179_1_Left_453 of gf180mcu_fd_sc_mcu7t5v0__endcap in cell grouper_soc_chip_core
Note:  Implicit pin VPW in instance PHY_EDGE_ROW_179_1_Left_453 of gf180mcu_fd_sc_mcu7t5v0__endcap in cell grouper_soc_chip_core
Note:  Implicit pin VNW in instance PHY_EDGE_ROW_179_1_Right_822 of gf180mcu_fd_sc_mcu7t5v0__endcap in cell grouper_soc_chip_core
Note:  Implicit pin VPW in instance PHY_EDGE_ROW_179_1_Right_822 of gf180mcu_fd_sc_mcu7t5v0__endcap in cell grouper_soc_chip_core
Note:  Implicit pin VNW in instance PHY_EDGE_ROW_179_5_Left_685 of gf180mcu_fd_sc_mcu7t5v0__endcap in cell grouper_soc_chip_core
Note:  Implicit pin VPW in instance PHY_EDGE_ROW_179_5_Left_685 of gf180mcu_fd_sc_mcu7t5v0__endcap in cell grouper_soc_chip_core
Note:  Implicit pin VNW in instance PHY_EDGE_ROW_179_5_Right_272 of gf180mcu_fd_sc_mcu7t5v0__endcap in cell grouper_soc_chip_core
Note:  Implicit pin VPW in instance PHY_EDGE_ROW_179_5_Right_272 of gf180mcu_fd_sc_mcu7t5v0__endcap in cell grouper_soc_chip_core
Note:  Implicit pin VNW in instance PHY_EDGE_ROW_17_Left_292 of gf180mcu_fd_sc_mcu7t5v0__endcap in cell grouper_soc_chip_core
Note:  Implicit pin VPW in instance PHY_EDGE_ROW_17_Left_292 of gf180mcu_fd_sc_mcu7t5v0__endcap in cell grouper_soc_chip_core
Note:  Implicit pin VNW in instance PHY_EDGE_ROW_17_Right_17 of gf180mcu_fd_sc_mcu7t5v0__endcap in cell grouper_soc_chip_core
Note:  Implicit pin VPW in instance PHY_EDGE_ROW_17_Right_17 of gf180mcu_fd_sc_mcu7t5v0__endcap in cell grouper_soc_chip_core
Note:  Implicit pin VNW in instance PHY_EDGE_ROW_180_1_Left_454 of gf180mcu_fd_sc_mcu7t5v0__endcap in cell grouper_soc_chip_core
Note:  Implicit pin VPW in instance PHY_EDGE_ROW_180_1_Left_454 of gf180mcu_fd_sc_mcu7t5v0__endcap in cell grouper_soc_chip_core
Note:  Implicit pin VNW in instance PHY_EDGE_ROW_180_1_Right_823 of gf180mcu_fd_sc_mcu7t5v0__endcap in cell grouper_soc_chip_core
Note:  Implicit pin VPW in instance PHY_EDGE_ROW_180_1_Right_823 of gf180mcu_fd_sc_mcu7t5v0__endcap in cell grouper_soc_chip_core
Note:  Implicit pin VNW in instance PHY_EDGE_ROW_180_5_Left_686 of gf180mcu_fd_sc_mcu7t5v0__endcap in cell grouper_soc_chip_core
Note:  Implicit pin VPW in instance PHY_EDGE_ROW_180_5_Left_686 of gf180mcu_fd_sc_mcu7t5v0__endcap in cell grouper_soc_chip_core
Note:  Implicit pin VNW in instance PHY_EDGE_ROW_180_5_Right_273 of gf180mcu_fd_sc_mcu7t5v0__endcap in cell grouper_soc_chip_core
Note:  Implicit pin VPW in instance PHY_EDGE_ROW_180_5_Right_273 of gf180mcu_fd_sc_mcu7t5v0__endcap in cell grouper_soc_chip_core
Note:  Implicit pin VNW in instance PHY_EDGE_ROW_181_1_Left_455 of gf180mcu_fd_sc_mcu7t5v0__endcap in cell grouper_soc_chip_core
Note:  Implicit pin VPW in instance PHY_EDGE_ROW_181_1_Left_455 of gf180mcu_fd_sc_mcu7t5v0__endcap in cell grouper_soc_chip_core
Note:  Implicit pin VNW in instance PHY_EDGE_ROW_181_1_Right_824 of gf180mcu_fd_sc_mcu7t5v0__endcap in cell grouper_soc_chip_core
Note:  Implicit pin VPW in instance PHY_EDGE_ROW_181_1_Right_824 of gf180mcu_fd_sc_mcu7t5v0__endcap in cell grouper_soc_chip_core
Note:  Implicit pin VNW in instance PHY_EDGE_ROW_181_5_Left_687 of gf180mcu_fd_sc_mcu7t5v0__endcap in cell grouper_soc_chip_core
Note:  Implicit pin VPW in instance PHY_EDGE_ROW_181_5_Left_687 of gf180mcu_fd_sc_mcu7t5v0__endcap in cell grouper_soc_chip_core
Note:  Implicit pin VNW in instance PHY_EDGE_ROW_181_5_Right_274 of gf180mcu_fd_sc_mcu7t5v0__endcap in cell grouper_soc_chip_core
Note:  Implicit pin VPW in instance PHY_EDGE_ROW_181_5_Right_274 of gf180mcu_fd_sc_mcu7t5v0__endcap in cell grouper_soc_chip_core
Note:  Implicit pin VNW in instance PHY_EDGE_ROW_182_Left_456 of gf180mcu_fd_sc_mcu7t5v0__endcap in cell grouper_soc_chip_core
Note:  Implicit pin VPW in instance PHY_EDGE_ROW_182_Left_456 of gf180mcu_fd_sc_mcu7t5v0__endcap in cell grouper_soc_chip_core
Note:  Implicit pin VNW in instance PHY_EDGE_ROW_182_Right_44 of gf180mcu_fd_sc_mcu7t5v0__endcap in cell grouper_soc_chip_core
Note:  Implicit pin VPW in instance PHY_EDGE_ROW_182_Right_44 of gf180mcu_fd_sc_mcu7t5v0__endcap in cell grouper_soc_chip_core
Note:  Implicit pin VNW in instance PHY_EDGE_ROW_183_Left_457 of gf180mcu_fd_sc_mcu7t5v0__endcap in cell grouper_soc_chip_core
Note:  Implicit pin VPW in instance PHY_EDGE_ROW_183_Left_457 of gf180mcu_fd_sc_mcu7t5v0__endcap in cell grouper_soc_chip_core
Note:  Implicit pin VNW in instance PHY_EDGE_ROW_183_Right_45 of gf180mcu_fd_sc_mcu7t5v0__endcap in cell grouper_soc_chip_core
Note:  Implicit pin VPW in instance PHY_EDGE_ROW_183_Right_45 of gf180mcu_fd_sc_mcu7t5v0__endcap in cell grouper_soc_chip_core
Note:  Implicit pin VNW in instance PHY_EDGE_ROW_184_Left_458 of gf180mcu_fd_sc_mcu7t5v0__endcap in cell grouper_soc_chip_core
Note:  Implicit pin VPW in instance PHY_EDGE_ROW_184_Left_458 of gf180mcu_fd_sc_mcu7t5v0__endcap in cell grouper_soc_chip_core
Note:  Implicit pin VNW in instance PHY_EDGE_ROW_184_Right_46 of gf180mcu_fd_sc_mcu7t5v0__endcap in cell grouper_soc_chip_core
Note:  Implicit pin VPW in instance PHY_EDGE_ROW_184_Right_46 of gf180mcu_fd_sc_mcu7t5v0__endcap in cell grouper_soc_chip_core
Note:  Implicit pin VNW in instance PHY_EDGE_ROW_185_Left_459 of gf180mcu_fd_sc_mcu7t5v0__endcap in cell grouper_soc_chip_core
Note:  Implicit pin VPW in instance PHY_EDGE_ROW_185_Left_459 of gf180mcu_fd_sc_mcu7t5v0__endcap in cell grouper_soc_chip_core
Note:  Implicit pin VNW in instance PHY_EDGE_ROW_185_Right_47 of gf180mcu_fd_sc_mcu7t5v0__endcap in cell grouper_soc_chip_core
Note:  Implicit pin VPW in instance PHY_EDGE_ROW_185_Right_47 of gf180mcu_fd_sc_mcu7t5v0__endcap in cell grouper_soc_chip_core
Note:  Implicit pin VNW in instance PHY_EDGE_ROW_186_Left_460 of gf180mcu_fd_sc_mcu7t5v0__endcap in cell grouper_soc_chip_core
Note:  Implicit pin VPW in instance PHY_EDGE_ROW_186_Left_460 of gf180mcu_fd_sc_mcu7t5v0__endcap in cell grouper_soc_chip_core
Note:  Implicit pin VNW in instance PHY_EDGE_ROW_186_Right_48 of gf180mcu_fd_sc_mcu7t5v0__endcap in cell grouper_soc_chip_core
Note:  Implicit pin VPW in instance PHY_EDGE_ROW_186_Right_48 of gf180mcu_fd_sc_mcu7t5v0__endcap in cell grouper_soc_chip_core
Note:  Implicit pin VNW in instance PHY_EDGE_ROW_187_Left_461 of gf180mcu_fd_sc_mcu7t5v0__endcap in cell grouper_soc_chip_core
Note:  Implicit pin VPW in instance PHY_EDGE_ROW_187_Left_461 of gf180mcu_fd_sc_mcu7t5v0__endcap in cell grouper_soc_chip_core
Note:  Implicit pin VNW in instance PHY_EDGE_ROW_187_Right_49 of gf180mcu_fd_sc_mcu7t5v0__endcap in cell grouper_soc_chip_core
Note:  Implicit pin VPW in instance PHY_EDGE_ROW_187_Right_49 of gf180mcu_fd_sc_mcu7t5v0__endcap in cell grouper_soc_chip_core
Note:  Implicit pin VNW in instance PHY_EDGE_ROW_188_Left_462 of gf180mcu_fd_sc_mcu7t5v0__endcap in cell grouper_soc_chip_core
Note:  Implicit pin VPW in instance PHY_EDGE_ROW_188_Left_462 of gf180mcu_fd_sc_mcu7t5v0__endcap in cell grouper_soc_chip_core
Note:  Implicit pin VNW in instance PHY_EDGE_ROW_188_Right_50 of gf180mcu_fd_sc_mcu7t5v0__endcap in cell grouper_soc_chip_core
Note:  Implicit pin VPW in instance PHY_EDGE_ROW_188_Right_50 of gf180mcu_fd_sc_mcu7t5v0__endcap in cell grouper_soc_chip_core
Note:  Implicit pin VNW in instance PHY_EDGE_ROW_189_Left_463 of gf180mcu_fd_sc_mcu7t5v0__endcap in cell grouper_soc_chip_core
Note:  Implicit pin VPW in instance PHY_EDGE_ROW_189_Left_463 of gf180mcu_fd_sc_mcu7t5v0__endcap in cell grouper_soc_chip_core
Note:  Implicit pin VNW in instance PHY_EDGE_ROW_189_Right_51 of gf180mcu_fd_sc_mcu7t5v0__endcap in cell grouper_soc_chip_core
Note:  Implicit pin VPW in instance PHY_EDGE_ROW_189_Right_51 of gf180mcu_fd_sc_mcu7t5v0__endcap in cell grouper_soc_chip_core
Note:  Implicit pin VNW in instance PHY_EDGE_ROW_18_Left_293 of gf180mcu_fd_sc_mcu7t5v0__endcap in cell grouper_soc_chip_core
Note:  Implicit pin VPW in instance PHY_EDGE_ROW_18_Left_293 of gf180mcu_fd_sc_mcu7t5v0__endcap in cell grouper_soc_chip_core
Note:  Implicit pin VNW in instance PHY_EDGE_ROW_18_Right_18 of gf180mcu_fd_sc_mcu7t5v0__endcap in cell grouper_soc_chip_core
Note:  Implicit pin VPW in instance PHY_EDGE_ROW_18_Right_18 of gf180mcu_fd_sc_mcu7t5v0__endcap in cell grouper_soc_chip_core
Note:  Implicit pin VNW in instance PHY_EDGE_ROW_190_Left_464 of gf180mcu_fd_sc_mcu7t5v0__endcap in cell grouper_soc_chip_core
Note:  Implicit pin VPW in instance PHY_EDGE_ROW_190_Left_464 of gf180mcu_fd_sc_mcu7t5v0__endcap in cell grouper_soc_chip_core
Note:  Implicit pin VNW in instance PHY_EDGE_ROW_190_Right_52 of gf180mcu_fd_sc_mcu7t5v0__endcap in cell grouper_soc_chip_core
Note:  Implicit pin VPW in instance PHY_EDGE_ROW_190_Right_52 of gf180mcu_fd_sc_mcu7t5v0__endcap in cell grouper_soc_chip_core
Note:  Implicit pin VNW in instance PHY_EDGE_ROW_191_Left_465 of gf180mcu_fd_sc_mcu7t5v0__endcap in cell grouper_soc_chip_core
Note:  Implicit pin VPW in instance PHY_EDGE_ROW_191_Left_465 of gf180mcu_fd_sc_mcu7t5v0__endcap in cell grouper_soc_chip_core
Note:  Implicit pin VNW in instance PHY_EDGE_ROW_191_Right_53 of gf180mcu_fd_sc_mcu7t5v0__endcap in cell grouper_soc_chip_core
Note:  Implicit pin VPW in instance PHY_EDGE_ROW_191_Right_53 of gf180mcu_fd_sc_mcu7t5v0__endcap in cell grouper_soc_chip_core
Note:  Implicit pin VNW in instance PHY_EDGE_ROW_192_Left_466 of gf180mcu_fd_sc_mcu7t5v0__endcap in cell grouper_soc_chip_core
Note:  Implicit pin VPW in instance PHY_EDGE_ROW_192_Left_466 of gf180mcu_fd_sc_mcu7t5v0__endcap in cell grouper_soc_chip_core
Note:  Implicit pin VNW in instance PHY_EDGE_ROW_192_Right_54 of gf180mcu_fd_sc_mcu7t5v0__endcap in cell grouper_soc_chip_core
Note:  Implicit pin VPW in instance PHY_EDGE_ROW_192_Right_54 of gf180mcu_fd_sc_mcu7t5v0__endcap in cell grouper_soc_chip_core
Note:  Implicit pin VNW in instance PHY_EDGE_ROW_193_Left_467 of gf180mcu_fd_sc_mcu7t5v0__endcap in cell grouper_soc_chip_core
Note:  Implicit pin VPW in instance PHY_EDGE_ROW_193_Left_467 of gf180mcu_fd_sc_mcu7t5v0__endcap in cell grouper_soc_chip_core
Note:  Implicit pin VNW in instance PHY_EDGE_ROW_193_Right_55 of gf180mcu_fd_sc_mcu7t5v0__endcap in cell grouper_soc_chip_core
Note:  Implicit pin VPW in instance PHY_EDGE_ROW_193_Right_55 of gf180mcu_fd_sc_mcu7t5v0__endcap in cell grouper_soc_chip_core
Note:  Implicit pin VNW in instance PHY_EDGE_ROW_194_Left_468 of gf180mcu_fd_sc_mcu7t5v0__endcap in cell grouper_soc_chip_core
Note:  Implicit pin VPW in instance PHY_EDGE_ROW_194_Left_468 of gf180mcu_fd_sc_mcu7t5v0__endcap in cell grouper_soc_chip_core
Note:  Implicit pin VNW in instance PHY_EDGE_ROW_194_Right_56 of gf180mcu_fd_sc_mcu7t5v0__endcap in cell grouper_soc_chip_core
Note:  Implicit pin VPW in instance PHY_EDGE_ROW_194_Right_56 of gf180mcu_fd_sc_mcu7t5v0__endcap in cell grouper_soc_chip_core
Note:  Implicit pin VNW in instance PHY_EDGE_ROW_195_Left_469 of gf180mcu_fd_sc_mcu7t5v0__endcap in cell grouper_soc_chip_core
Note:  Implicit pin VPW in instance PHY_EDGE_ROW_195_Left_469 of gf180mcu_fd_sc_mcu7t5v0__endcap in cell grouper_soc_chip_core
Note:  Implicit pin VNW in instance PHY_EDGE_ROW_195_Right_57 of gf180mcu_fd_sc_mcu7t5v0__endcap in cell grouper_soc_chip_core
Note:  Implicit pin VPW in instance PHY_EDGE_ROW_195_Right_57 of gf180mcu_fd_sc_mcu7t5v0__endcap in cell grouper_soc_chip_core
Note:  Implicit pin VNW in instance PHY_EDGE_ROW_196_Left_470 of gf180mcu_fd_sc_mcu7t5v0__endcap in cell grouper_soc_chip_core
Note:  Implicit pin VPW in instance PHY_EDGE_ROW_196_Left_470 of gf180mcu_fd_sc_mcu7t5v0__endcap in cell grouper_soc_chip_core
Note:  Implicit pin VNW in instance PHY_EDGE_ROW_196_Right_58 of gf180mcu_fd_sc_mcu7t5v0__endcap in cell grouper_soc_chip_core
Note:  Implicit pin VPW in instance PHY_EDGE_ROW_196_Right_58 of gf180mcu_fd_sc_mcu7t5v0__endcap in cell grouper_soc_chip_core
Note:  Implicit pin VNW in instance PHY_EDGE_ROW_197_Left_471 of gf180mcu_fd_sc_mcu7t5v0__endcap in cell grouper_soc_chip_core
Note:  Implicit pin VPW in instance PHY_EDGE_ROW_197_Left_471 of gf180mcu_fd_sc_mcu7t5v0__endcap in cell grouper_soc_chip_core
Note:  Implicit pin VNW in instance PHY_EDGE_ROW_197_Right_59 of gf180mcu_fd_sc_mcu7t5v0__endcap in cell grouper_soc_chip_core
Note:  Implicit pin VPW in instance PHY_EDGE_ROW_197_Right_59 of gf180mcu_fd_sc_mcu7t5v0__endcap in cell grouper_soc_chip_core
Note:  Implicit pin VNW in instance PHY_EDGE_ROW_198_Left_472 of gf180mcu_fd_sc_mcu7t5v0__endcap in cell grouper_soc_chip_core
Note:  Implicit pin VPW in instance PHY_EDGE_ROW_198_Left_472 of gf180mcu_fd_sc_mcu7t5v0__endcap in cell grouper_soc_chip_core
Note:  Implicit pin VNW in instance PHY_EDGE_ROW_198_Right_60 of gf180mcu_fd_sc_mcu7t5v0__endcap in cell grouper_soc_chip_core
Note:  Implicit pin VPW in instance PHY_EDGE_ROW_198_Right_60 of gf180mcu_fd_sc_mcu7t5v0__endcap in cell grouper_soc_chip_core
Note:  Implicit pin VNW in instance PHY_EDGE_ROW_199_Left_473 of gf180mcu_fd_sc_mcu7t5v0__endcap in cell grouper_soc_chip_core
Note:  Implicit pin VPW in instance PHY_EDGE_ROW_199_Left_473 of gf180mcu_fd_sc_mcu7t5v0__endcap in cell grouper_soc_chip_core
Note:  Implicit pin VNW in instance PHY_EDGE_ROW_199_Right_61 of gf180mcu_fd_sc_mcu7t5v0__endcap in cell grouper_soc_chip_core
Note:  Implicit pin VPW in instance PHY_EDGE_ROW_199_Right_61 of gf180mcu_fd_sc_mcu7t5v0__endcap in cell grouper_soc_chip_core
Note:  Implicit pin VNW in instance PHY_EDGE_ROW_19_Left_294 of gf180mcu_fd_sc_mcu7t5v0__endcap in cell grouper_soc_chip_core
Note:  Implicit pin VPW in instance PHY_EDGE_ROW_19_Left_294 of gf180mcu_fd_sc_mcu7t5v0__endcap in cell grouper_soc_chip_core
Note:  Implicit pin VNW in instance PHY_EDGE_ROW_19_Right_19 of gf180mcu_fd_sc_mcu7t5v0__endcap in cell grouper_soc_chip_core
Note:  Implicit pin VPW in instance PHY_EDGE_ROW_19_Right_19 of gf180mcu_fd_sc_mcu7t5v0__endcap in cell grouper_soc_chip_core
Note:  Implicit pin VNW in instance PHY_EDGE_ROW_1_Left_276 of gf180mcu_fd_sc_mcu7t5v0__endcap in cell grouper_soc_chip_core
Note:  Implicit pin VPW in instance PHY_EDGE_ROW_1_Left_276 of gf180mcu_fd_sc_mcu7t5v0__endcap in cell grouper_soc_chip_core
Note:  Implicit pin VNW in instance PHY_EDGE_ROW_1_Right_1 of gf180mcu_fd_sc_mcu7t5v0__endcap in cell grouper_soc_chip_core
Note:  Implicit pin VPW in instance PHY_EDGE_ROW_1_Right_1 of gf180mcu_fd_sc_mcu7t5v0__endcap in cell grouper_soc_chip_core
Note:  Implicit pin VNW in instance PHY_EDGE_ROW_200_Left_474 of gf180mcu_fd_sc_mcu7t5v0__endcap in cell grouper_soc_chip_core
Note:  Implicit pin VPW in instance PHY_EDGE_ROW_200_Left_474 of gf180mcu_fd_sc_mcu7t5v0__endcap in cell grouper_soc_chip_core
Note:  Implicit pin VNW in instance PHY_EDGE_ROW_200_Right_62 of gf180mcu_fd_sc_mcu7t5v0__endcap in cell grouper_soc_chip_core
Note:  Implicit pin VPW in instance PHY_EDGE_ROW_200_Right_62 of gf180mcu_fd_sc_mcu7t5v0__endcap in cell grouper_soc_chip_core
Note:  Implicit pin VNW in instance PHY_EDGE_ROW_201_Left_475 of gf180mcu_fd_sc_mcu7t5v0__endcap in cell grouper_soc_chip_core
Note:  Implicit pin VPW in instance PHY_EDGE_ROW_201_Left_475 of gf180mcu_fd_sc_mcu7t5v0__endcap in cell grouper_soc_chip_core
Note:  Implicit pin VNW in instance PHY_EDGE_ROW_201_Right_63 of gf180mcu_fd_sc_mcu7t5v0__endcap in cell grouper_soc_chip_core
Note:  Implicit pin VPW in instance PHY_EDGE_ROW_201_Right_63 of gf180mcu_fd_sc_mcu7t5v0__endcap in cell grouper_soc_chip_core
Note:  Implicit pin VNW in instance PHY_EDGE_ROW_202_Left_476 of gf180mcu_fd_sc_mcu7t5v0__endcap in cell grouper_soc_chip_core
Note:  Implicit pin VPW in instance PHY_EDGE_ROW_202_Left_476 of gf180mcu_fd_sc_mcu7t5v0__endcap in cell grouper_soc_chip_core
Note:  Implicit pin VNW in instance PHY_EDGE_ROW_202_Right_64 of gf180mcu_fd_sc_mcu7t5v0__endcap in cell grouper_soc_chip_core
Note:  Implicit pin VPW in instance PHY_EDGE_ROW_202_Right_64 of gf180mcu_fd_sc_mcu7t5v0__endcap in cell grouper_soc_chip_core
Note:  Implicit pin VNW in instance PHY_EDGE_ROW_203_Left_477 of gf180mcu_fd_sc_mcu7t5v0__endcap in cell grouper_soc_chip_core
Note:  Implicit pin VPW in instance PHY_EDGE_ROW_203_Left_477 of gf180mcu_fd_sc_mcu7t5v0__endcap in cell grouper_soc_chip_core
Note:  Implicit pin VNW in instance PHY_EDGE_ROW_203_Right_65 of gf180mcu_fd_sc_mcu7t5v0__endcap in cell grouper_soc_chip_core
Note:  Implicit pin VPW in instance PHY_EDGE_ROW_203_Right_65 of gf180mcu_fd_sc_mcu7t5v0__endcap in cell grouper_soc_chip_core
Note:  Implicit pin VNW in instance PHY_EDGE_ROW_204_Left_478 of gf180mcu_fd_sc_mcu7t5v0__endcap in cell grouper_soc_chip_core
Note:  Implicit pin VPW in instance PHY_EDGE_ROW_204_Left_478 of gf180mcu_fd_sc_mcu7t5v0__endcap in cell grouper_soc_chip_core
Note:  Implicit pin VNW in instance PHY_EDGE_ROW_204_Right_66 of gf180mcu_fd_sc_mcu7t5v0__endcap in cell grouper_soc_chip_core
Note:  Implicit pin VPW in instance PHY_EDGE_ROW_204_Right_66 of gf180mcu_fd_sc_mcu7t5v0__endcap in cell grouper_soc_chip_core
Note:  Implicit pin VNW in instance PHY_EDGE_ROW_205_Left_479 of gf180mcu_fd_sc_mcu7t5v0__endcap in cell grouper_soc_chip_core
Note:  Implicit pin VPW in instance PHY_EDGE_ROW_205_Left_479 of gf180mcu_fd_sc_mcu7t5v0__endcap in cell grouper_soc_chip_core
Note:  Implicit pin VNW in instance PHY_EDGE_ROW_205_Right_67 of gf180mcu_fd_sc_mcu7t5v0__endcap in cell grouper_soc_chip_core
Note:  Implicit pin VPW in instance PHY_EDGE_ROW_205_Right_67 of gf180mcu_fd_sc_mcu7t5v0__endcap in cell grouper_soc_chip_core
Note:  Implicit pin VNW in instance PHY_EDGE_ROW_206_Left_480 of gf180mcu_fd_sc_mcu7t5v0__endcap in cell grouper_soc_chip_core
Note:  Implicit pin VPW in instance PHY_EDGE_ROW_206_Left_480 of gf180mcu_fd_sc_mcu7t5v0__endcap in cell grouper_soc_chip_core
Note:  Implicit pin VNW in instance PHY_EDGE_ROW_206_Right_68 of gf180mcu_fd_sc_mcu7t5v0__endcap in cell grouper_soc_chip_core
Note:  Implicit pin VPW in instance PHY_EDGE_ROW_206_Right_68 of gf180mcu_fd_sc_mcu7t5v0__endcap in cell grouper_soc_chip_core
Note:  Implicit pin VNW in instance PHY_EDGE_ROW_207_Left_481 of gf180mcu_fd_sc_mcu7t5v0__endcap in cell grouper_soc_chip_core
Note:  Implicit pin VPW in instance PHY_EDGE_ROW_207_Left_481 of gf180mcu_fd_sc_mcu7t5v0__endcap in cell grouper_soc_chip_core
Note:  Implicit pin VNW in instance PHY_EDGE_ROW_207_Right_69 of gf180mcu_fd_sc_mcu7t5v0__endcap in cell grouper_soc_chip_core
Note:  Implicit pin VPW in instance PHY_EDGE_ROW_207_Right_69 of gf180mcu_fd_sc_mcu7t5v0__endcap in cell grouper_soc_chip_core
Note:  Implicit pin VNW in instance PHY_EDGE_ROW_208_Left_482 of gf180mcu_fd_sc_mcu7t5v0__endcap in cell grouper_soc_chip_core
Note:  Implicit pin VPW in instance PHY_EDGE_ROW_208_Left_482 of gf180mcu_fd_sc_mcu7t5v0__endcap in cell grouper_soc_chip_core
Note:  Implicit pin VNW in instance PHY_EDGE_ROW_208_Right_70 of gf180mcu_fd_sc_mcu7t5v0__endcap in cell grouper_soc_chip_core
Note:  Implicit pin VPW in instance PHY_EDGE_ROW_208_Right_70 of gf180mcu_fd_sc_mcu7t5v0__endcap in cell grouper_soc_chip_core
Note:  Implicit pin VNW in instance PHY_EDGE_ROW_209_Left_483 of gf180mcu_fd_sc_mcu7t5v0__endcap in cell grouper_soc_chip_core
Note:  Implicit pin VPW in instance PHY_EDGE_ROW_209_Left_483 of gf180mcu_fd_sc_mcu7t5v0__endcap in cell grouper_soc_chip_core
Note:  Implicit pin VNW in instance PHY_EDGE_ROW_209_Right_71 of gf180mcu_fd_sc_mcu7t5v0__endcap in cell grouper_soc_chip_core
Note:  Implicit pin VPW in instance PHY_EDGE_ROW_209_Right_71 of gf180mcu_fd_sc_mcu7t5v0__endcap in cell grouper_soc_chip_core
Note:  Implicit pin VNW in instance PHY_EDGE_ROW_20_Left_295 of gf180mcu_fd_sc_mcu7t5v0__endcap in cell grouper_soc_chip_core
Note:  Implicit pin VPW in instance PHY_EDGE_ROW_20_Left_295 of gf180mcu_fd_sc_mcu7t5v0__endcap in cell grouper_soc_chip_core
Note:  Implicit pin VNW in instance PHY_EDGE_ROW_20_Right_20 of gf180mcu_fd_sc_mcu7t5v0__endcap in cell grouper_soc_chip_core
Note:  Implicit pin VPW in instance PHY_EDGE_ROW_20_Right_20 of gf180mcu_fd_sc_mcu7t5v0__endcap in cell grouper_soc_chip_core
Note:  Implicit pin VNW in instance PHY_EDGE_ROW_210_Left_484 of gf180mcu_fd_sc_mcu7t5v0__endcap in cell grouper_soc_chip_core
Note:  Implicit pin VPW in instance PHY_EDGE_ROW_210_Left_484 of gf180mcu_fd_sc_mcu7t5v0__endcap in cell grouper_soc_chip_core
Note:  Implicit pin VNW in instance PHY_EDGE_ROW_210_Right_72 of gf180mcu_fd_sc_mcu7t5v0__endcap in cell grouper_soc_chip_core
Note:  Implicit pin VPW in instance PHY_EDGE_ROW_210_Right_72 of gf180mcu_fd_sc_mcu7t5v0__endcap in cell grouper_soc_chip_core
Note:  Implicit pin VNW in instance PHY_EDGE_ROW_211_Left_485 of gf180mcu_fd_sc_mcu7t5v0__endcap in cell grouper_soc_chip_core
Note:  Implicit pin VPW in instance PHY_EDGE_ROW_211_Left_485 of gf180mcu_fd_sc_mcu7t5v0__endcap in cell grouper_soc_chip_core
Note:  Implicit pin VNW in instance PHY_EDGE_ROW_211_Right_73 of gf180mcu_fd_sc_mcu7t5v0__endcap in cell grouper_soc_chip_core
Note:  Implicit pin VPW in instance PHY_EDGE_ROW_211_Right_73 of gf180mcu_fd_sc_mcu7t5v0__endcap in cell grouper_soc_chip_core
Note:  Implicit pin VNW in instance PHY_EDGE_ROW_212_Left_486 of gf180mcu_fd_sc_mcu7t5v0__endcap in cell grouper_soc_chip_core
Note:  Implicit pin VPW in instance PHY_EDGE_ROW_212_Left_486 of gf180mcu_fd_sc_mcu7t5v0__endcap in cell grouper_soc_chip_core
Note:  Implicit pin VNW in instance PHY_EDGE_ROW_212_Right_74 of gf180mcu_fd_sc_mcu7t5v0__endcap in cell grouper_soc_chip_core
Note:  Implicit pin VPW in instance PHY_EDGE_ROW_212_Right_74 of gf180mcu_fd_sc_mcu7t5v0__endcap in cell grouper_soc_chip_core
Note:  Implicit pin VNW in instance PHY_EDGE_ROW_213_Left_487 of gf180mcu_fd_sc_mcu7t5v0__endcap in cell grouper_soc_chip_core
Note:  Implicit pin VPW in instance PHY_EDGE_ROW_213_Left_487 of gf180mcu_fd_sc_mcu7t5v0__endcap in cell grouper_soc_chip_core
Note:  Implicit pin VNW in instance PHY_EDGE_ROW_213_Right_75 of gf180mcu_fd_sc_mcu7t5v0__endcap in cell grouper_soc_chip_core
Note:  Implicit pin VPW in instance PHY_EDGE_ROW_213_Right_75 of gf180mcu_fd_sc_mcu7t5v0__endcap in cell grouper_soc_chip_core
Note:  Implicit pin VNW in instance PHY_EDGE_ROW_214_Left_488 of gf180mcu_fd_sc_mcu7t5v0__endcap in cell grouper_soc_chip_core
Note:  Implicit pin VPW in instance PHY_EDGE_ROW_214_Left_488 of gf180mcu_fd_sc_mcu7t5v0__endcap in cell grouper_soc_chip_core
Note:  Implicit pin VNW in instance PHY_EDGE_ROW_214_Right_76 of gf180mcu_fd_sc_mcu7t5v0__endcap in cell grouper_soc_chip_core
Note:  Implicit pin VPW in instance PHY_EDGE_ROW_214_Right_76 of gf180mcu_fd_sc_mcu7t5v0__endcap in cell grouper_soc_chip_core
Note:  Implicit pin VNW in instance PHY_EDGE_ROW_215_Left_489 of gf180mcu_fd_sc_mcu7t5v0__endcap in cell grouper_soc_chip_core
Note:  Implicit pin VPW in instance PHY_EDGE_ROW_215_Left_489 of gf180mcu_fd_sc_mcu7t5v0__endcap in cell grouper_soc_chip_core
Note:  Implicit pin VNW in instance PHY_EDGE_ROW_215_Right_77 of gf180mcu_fd_sc_mcu7t5v0__endcap in cell grouper_soc_chip_core
Note:  Implicit pin VPW in instance PHY_EDGE_ROW_215_Right_77 of gf180mcu_fd_sc_mcu7t5v0__endcap in cell grouper_soc_chip_core
Note:  Implicit pin VNW in instance PHY_EDGE_ROW_216_Left_490 of gf180mcu_fd_sc_mcu7t5v0__endcap in cell grouper_soc_chip_core
Note:  Implicit pin VPW in instance PHY_EDGE_ROW_216_Left_490 of gf180mcu_fd_sc_mcu7t5v0__endcap in cell grouper_soc_chip_core
Note:  Implicit pin VNW in instance PHY_EDGE_ROW_216_Right_78 of gf180mcu_fd_sc_mcu7t5v0__endcap in cell grouper_soc_chip_core
Note:  Implicit pin VPW in instance PHY_EDGE_ROW_216_Right_78 of gf180mcu_fd_sc_mcu7t5v0__endcap in cell grouper_soc_chip_core
Note:  Implicit pin VNW in instance PHY_EDGE_ROW_217_Left_491 of gf180mcu_fd_sc_mcu7t5v0__endcap in cell grouper_soc_chip_core
Note:  Implicit pin VPW in instance PHY_EDGE_ROW_217_Left_491 of gf180mcu_fd_sc_mcu7t5v0__endcap in cell grouper_soc_chip_core
Note:  Implicit pin VNW in instance PHY_EDGE_ROW_217_Right_79 of gf180mcu_fd_sc_mcu7t5v0__endcap in cell grouper_soc_chip_core
Note:  Implicit pin VPW in instance PHY_EDGE_ROW_217_Right_79 of gf180mcu_fd_sc_mcu7t5v0__endcap in cell grouper_soc_chip_core
Note:  Implicit pin VNW in instance PHY_EDGE_ROW_218_Left_492 of gf180mcu_fd_sc_mcu7t5v0__endcap in cell grouper_soc_chip_core
Note:  Implicit pin VPW in instance PHY_EDGE_ROW_218_Left_492 of gf180mcu_fd_sc_mcu7t5v0__endcap in cell grouper_soc_chip_core
Note:  Implicit pin VNW in instance PHY_EDGE_ROW_218_Right_80 of gf180mcu_fd_sc_mcu7t5v0__endcap in cell grouper_soc_chip_core
Note:  Implicit pin VPW in instance PHY_EDGE_ROW_218_Right_80 of gf180mcu_fd_sc_mcu7t5v0__endcap in cell grouper_soc_chip_core
Note:  Implicit pin VNW in instance PHY_EDGE_ROW_219_Left_493 of gf180mcu_fd_sc_mcu7t5v0__endcap in cell grouper_soc_chip_core
Note:  Implicit pin VPW in instance PHY_EDGE_ROW_219_Left_493 of gf180mcu_fd_sc_mcu7t5v0__endcap in cell grouper_soc_chip_core
Note:  Implicit pin VNW in instance PHY_EDGE_ROW_219_Right_81 of gf180mcu_fd_sc_mcu7t5v0__endcap in cell grouper_soc_chip_core
Note:  Implicit pin VPW in instance PHY_EDGE_ROW_219_Right_81 of gf180mcu_fd_sc_mcu7t5v0__endcap in cell grouper_soc_chip_core
Note:  Implicit pin VNW in instance PHY_EDGE_ROW_21_Left_296 of gf180mcu_fd_sc_mcu7t5v0__endcap in cell grouper_soc_chip_core
Note:  Implicit pin VPW in instance PHY_EDGE_ROW_21_Left_296 of gf180mcu_fd_sc_mcu7t5v0__endcap in cell grouper_soc_chip_core
Note:  Implicit pin VNW in instance PHY_EDGE_ROW_21_Right_21 of gf180mcu_fd_sc_mcu7t5v0__endcap in cell grouper_soc_chip_core
Note:  Implicit pin VPW in instance PHY_EDGE_ROW_21_Right_21 of gf180mcu_fd_sc_mcu7t5v0__endcap in cell grouper_soc_chip_core
Note:  Implicit pin VNW in instance PHY_EDGE_ROW_220_Left_494 of gf180mcu_fd_sc_mcu7t5v0__endcap in cell grouper_soc_chip_core
Note:  Implicit pin VPW in instance PHY_EDGE_ROW_220_Left_494 of gf180mcu_fd_sc_mcu7t5v0__endcap in cell grouper_soc_chip_core
Note:  Implicit pin VNW in instance PHY_EDGE_ROW_220_Right_82 of gf180mcu_fd_sc_mcu7t5v0__endcap in cell grouper_soc_chip_core
Note:  Implicit pin VPW in instance PHY_EDGE_ROW_220_Right_82 of gf180mcu_fd_sc_mcu7t5v0__endcap in cell grouper_soc_chip_core
Note:  Implicit pin VNW in instance PHY_EDGE_ROW_221_Left_495 of gf180mcu_fd_sc_mcu7t5v0__endcap in cell grouper_soc_chip_core
Note:  Implicit pin VPW in instance PHY_EDGE_ROW_221_Left_495 of gf180mcu_fd_sc_mcu7t5v0__endcap in cell grouper_soc_chip_core
Note:  Implicit pin VNW in instance PHY_EDGE_ROW_221_Right_83 of gf180mcu_fd_sc_mcu7t5v0__endcap in cell grouper_soc_chip_core
Note:  Implicit pin VPW in instance PHY_EDGE_ROW_221_Right_83 of gf180mcu_fd_sc_mcu7t5v0__endcap in cell grouper_soc_chip_core
Note:  Implicit pin VNW in instance PHY_EDGE_ROW_222_Left_496 of gf180mcu_fd_sc_mcu7t5v0__endcap in cell grouper_soc_chip_core
Note:  Implicit pin VPW in instance PHY_EDGE_ROW_222_Left_496 of gf180mcu_fd_sc_mcu7t5v0__endcap in cell grouper_soc_chip_core
Note:  Implicit pin VNW in instance PHY_EDGE_ROW_222_Right_84 of gf180mcu_fd_sc_mcu7t5v0__endcap in cell grouper_soc_chip_core
Note:  Implicit pin VPW in instance PHY_EDGE_ROW_222_Right_84 of gf180mcu_fd_sc_mcu7t5v0__endcap in cell grouper_soc_chip_core
Note:  Implicit pin VNW in instance PHY_EDGE_ROW_223_Left_497 of gf180mcu_fd_sc_mcu7t5v0__endcap in cell grouper_soc_chip_core
Note:  Implicit pin VPW in instance PHY_EDGE_ROW_223_Left_497 of gf180mcu_fd_sc_mcu7t5v0__endcap in cell grouper_soc_chip_core
Note:  Implicit pin VNW in instance PHY_EDGE_ROW_223_Right_85 of gf180mcu_fd_sc_mcu7t5v0__endcap in cell grouper_soc_chip_core
Note:  Implicit pin VPW in instance PHY_EDGE_ROW_223_Right_85 of gf180mcu_fd_sc_mcu7t5v0__endcap in cell grouper_soc_chip_core
Note:  Implicit pin VNW in instance PHY_EDGE_ROW_224_Left_498 of gf180mcu_fd_sc_mcu7t5v0__endcap in cell grouper_soc_chip_core
Note:  Implicit pin VPW in instance PHY_EDGE_ROW_224_Left_498 of gf180mcu_fd_sc_mcu7t5v0__endcap in cell grouper_soc_chip_core
Note:  Implicit pin VNW in instance PHY_EDGE_ROW_224_Right_86 of gf180mcu_fd_sc_mcu7t5v0__endcap in cell grouper_soc_chip_core
Note:  Implicit pin VPW in instance PHY_EDGE_ROW_224_Right_86 of gf180mcu_fd_sc_mcu7t5v0__endcap in cell grouper_soc_chip_core
Note:  Implicit pin VNW in instance PHY_EDGE_ROW_225_Left_499 of gf180mcu_fd_sc_mcu7t5v0__endcap in cell grouper_soc_chip_core
Note:  Implicit pin VPW in instance PHY_EDGE_ROW_225_Left_499 of gf180mcu_fd_sc_mcu7t5v0__endcap in cell grouper_soc_chip_core
Note:  Implicit pin VNW in instance PHY_EDGE_ROW_225_Right_87 of gf180mcu_fd_sc_mcu7t5v0__endcap in cell grouper_soc_chip_core
Note:  Implicit pin VPW in instance PHY_EDGE_ROW_225_Right_87 of gf180mcu_fd_sc_mcu7t5v0__endcap in cell grouper_soc_chip_core
Note:  Implicit pin VNW in instance PHY_EDGE_ROW_226_Left_500 of gf180mcu_fd_sc_mcu7t5v0__endcap in cell grouper_soc_chip_core
Note:  Implicit pin VPW in instance PHY_EDGE_ROW_226_Left_500 of gf180mcu_fd_sc_mcu7t5v0__endcap in cell grouper_soc_chip_core
Note:  Implicit pin VNW in instance PHY_EDGE_ROW_226_Right_88 of gf180mcu_fd_sc_mcu7t5v0__endcap in cell grouper_soc_chip_core
Note:  Implicit pin VPW in instance PHY_EDGE_ROW_226_Right_88 of gf180mcu_fd_sc_mcu7t5v0__endcap in cell grouper_soc_chip_core
Note:  Implicit pin VNW in instance PHY_EDGE_ROW_227_Left_501 of gf180mcu_fd_sc_mcu7t5v0__endcap in cell grouper_soc_chip_core
Note:  Implicit pin VPW in instance PHY_EDGE_ROW_227_Left_501 of gf180mcu_fd_sc_mcu7t5v0__endcap in cell grouper_soc_chip_core
Note:  Implicit pin VNW in instance PHY_EDGE_ROW_227_Right_89 of gf180mcu_fd_sc_mcu7t5v0__endcap in cell grouper_soc_chip_core
Note:  Implicit pin VPW in instance PHY_EDGE_ROW_227_Right_89 of gf180mcu_fd_sc_mcu7t5v0__endcap in cell grouper_soc_chip_core
Note:  Implicit pin VNW in instance PHY_EDGE_ROW_228_Left_502 of gf180mcu_fd_sc_mcu7t5v0__endcap in cell grouper_soc_chip_core
Note:  Implicit pin VPW in instance PHY_EDGE_ROW_228_Left_502 of gf180mcu_fd_sc_mcu7t5v0__endcap in cell grouper_soc_chip_core
Note:  Implicit pin VNW in instance PHY_EDGE_ROW_228_Right_90 of gf180mcu_fd_sc_mcu7t5v0__endcap in cell grouper_soc_chip_core
Note:  Implicit pin VPW in instance PHY_EDGE_ROW_228_Right_90 of gf180mcu_fd_sc_mcu7t5v0__endcap in cell grouper_soc_chip_core
Note:  Implicit pin VNW in instance PHY_EDGE_ROW_229_Left_503 of gf180mcu_fd_sc_mcu7t5v0__endcap in cell grouper_soc_chip_core
Note:  Implicit pin VPW in instance PHY_EDGE_ROW_229_Left_503 of gf180mcu_fd_sc_mcu7t5v0__endcap in cell grouper_soc_chip_core
Note:  Implicit pin VNW in instance PHY_EDGE_ROW_229_Right_91 of gf180mcu_fd_sc_mcu7t5v0__endcap in cell grouper_soc_chip_core
Note:  Implicit pin VPW in instance PHY_EDGE_ROW_229_Right_91 of gf180mcu_fd_sc_mcu7t5v0__endcap in cell grouper_soc_chip_core
Note:  Implicit pin VNW in instance PHY_EDGE_ROW_22_Left_297 of gf180mcu_fd_sc_mcu7t5v0__endcap in cell grouper_soc_chip_core
Note:  Implicit pin VPW in instance PHY_EDGE_ROW_22_Left_297 of gf180mcu_fd_sc_mcu7t5v0__endcap in cell grouper_soc_chip_core
Note:  Implicit pin VNW in instance PHY_EDGE_ROW_22_Right_22 of gf180mcu_fd_sc_mcu7t5v0__endcap in cell grouper_soc_chip_core
Note:  Implicit pin VPW in instance PHY_EDGE_ROW_22_Right_22 of gf180mcu_fd_sc_mcu7t5v0__endcap in cell grouper_soc_chip_core
Note:  Implicit pin VNW in instance PHY_EDGE_ROW_230_Left_504 of gf180mcu_fd_sc_mcu7t5v0__endcap in cell grouper_soc_chip_core
Note:  Implicit pin VPW in instance PHY_EDGE_ROW_230_Left_504 of gf180mcu_fd_sc_mcu7t5v0__endcap in cell grouper_soc_chip_core
Note:  Implicit pin VNW in instance PHY_EDGE_ROW_230_Right_92 of gf180mcu_fd_sc_mcu7t5v0__endcap in cell grouper_soc_chip_core
Note:  Implicit pin VPW in instance PHY_EDGE_ROW_230_Right_92 of gf180mcu_fd_sc_mcu7t5v0__endcap in cell grouper_soc_chip_core
Note:  Implicit pin VNW in instance PHY_EDGE_ROW_231_Left_505 of gf180mcu_fd_sc_mcu7t5v0__endcap in cell grouper_soc_chip_core
Note:  Implicit pin VPW in instance PHY_EDGE_ROW_231_Left_505 of gf180mcu_fd_sc_mcu7t5v0__endcap in cell grouper_soc_chip_core
Note:  Implicit pin VNW in instance PHY_EDGE_ROW_231_Right_93 of gf180mcu_fd_sc_mcu7t5v0__endcap in cell grouper_soc_chip_core
Note:  Implicit pin VPW in instance PHY_EDGE_ROW_231_Right_93 of gf180mcu_fd_sc_mcu7t5v0__endcap in cell grouper_soc_chip_core
Note:  Implicit pin VNW in instance PHY_EDGE_ROW_232_Left_506 of gf180mcu_fd_sc_mcu7t5v0__endcap in cell grouper_soc_chip_core
Note:  Implicit pin VPW in instance PHY_EDGE_ROW_232_Left_506 of gf180mcu_fd_sc_mcu7t5v0__endcap in cell grouper_soc_chip_core
Note:  Implicit pin VNW in instance PHY_EDGE_ROW_232_Right_94 of gf180mcu_fd_sc_mcu7t5v0__endcap in cell grouper_soc_chip_core
Note:  Implicit pin VPW in instance PHY_EDGE_ROW_232_Right_94 of gf180mcu_fd_sc_mcu7t5v0__endcap in cell grouper_soc_chip_core
Note:  Implicit pin VNW in instance PHY_EDGE_ROW_233_Left_507 of gf180mcu_fd_sc_mcu7t5v0__endcap in cell grouper_soc_chip_core
Note:  Implicit pin VPW in instance PHY_EDGE_ROW_233_Left_507 of gf180mcu_fd_sc_mcu7t5v0__endcap in cell grouper_soc_chip_core
Note:  Implicit pin VNW in instance PHY_EDGE_ROW_233_Right_95 of gf180mcu_fd_sc_mcu7t5v0__endcap in cell grouper_soc_chip_core
Note:  Implicit pin VPW in instance PHY_EDGE_ROW_233_Right_95 of gf180mcu_fd_sc_mcu7t5v0__endcap in cell grouper_soc_chip_core
Note:  Implicit pin VNW in instance PHY_EDGE_ROW_234_Left_508 of gf180mcu_fd_sc_mcu7t5v0__endcap in cell grouper_soc_chip_core
Note:  Implicit pin VPW in instance PHY_EDGE_ROW_234_Left_508 of gf180mcu_fd_sc_mcu7t5v0__endcap in cell grouper_soc_chip_core
Note:  Implicit pin VNW in instance PHY_EDGE_ROW_234_Right_96 of gf180mcu_fd_sc_mcu7t5v0__endcap in cell grouper_soc_chip_core
Note:  Implicit pin VPW in instance PHY_EDGE_ROW_234_Right_96 of gf180mcu_fd_sc_mcu7t5v0__endcap in cell grouper_soc_chip_core
Note:  Implicit pin VNW in instance PHY_EDGE_ROW_235_Left_509 of gf180mcu_fd_sc_mcu7t5v0__endcap in cell grouper_soc_chip_core
Note:  Implicit pin VPW in instance PHY_EDGE_ROW_235_Left_509 of gf180mcu_fd_sc_mcu7t5v0__endcap in cell grouper_soc_chip_core
Note:  Implicit pin VNW in instance PHY_EDGE_ROW_235_Right_97 of gf180mcu_fd_sc_mcu7t5v0__endcap in cell grouper_soc_chip_core
Note:  Implicit pin VPW in instance PHY_EDGE_ROW_235_Right_97 of gf180mcu_fd_sc_mcu7t5v0__endcap in cell grouper_soc_chip_core
Note:  Implicit pin VNW in instance PHY_EDGE_ROW_236_Left_510 of gf180mcu_fd_sc_mcu7t5v0__endcap in cell grouper_soc_chip_core
Note:  Implicit pin VPW in instance PHY_EDGE_ROW_236_Left_510 of gf180mcu_fd_sc_mcu7t5v0__endcap in cell grouper_soc_chip_core
Note:  Implicit pin VNW in instance PHY_EDGE_ROW_236_Right_98 of gf180mcu_fd_sc_mcu7t5v0__endcap in cell grouper_soc_chip_core
Note:  Implicit pin VPW in instance PHY_EDGE_ROW_236_Right_98 of gf180mcu_fd_sc_mcu7t5v0__endcap in cell grouper_soc_chip_core
Note:  Implicit pin VNW in instance PHY_EDGE_ROW_237_Left_511 of gf180mcu_fd_sc_mcu7t5v0__endcap in cell grouper_soc_chip_core
Note:  Implicit pin VPW in instance PHY_EDGE_ROW_237_Left_511 of gf180mcu_fd_sc_mcu7t5v0__endcap in cell grouper_soc_chip_core
Note:  Implicit pin VNW in instance PHY_EDGE_ROW_237_Right_99 of gf180mcu_fd_sc_mcu7t5v0__endcap in cell grouper_soc_chip_core
Note:  Implicit pin VPW in instance PHY_EDGE_ROW_237_Right_99 of gf180mcu_fd_sc_mcu7t5v0__endcap in cell grouper_soc_chip_core
Note:  Implicit pin VNW in instance PHY_EDGE_ROW_238_Left_512 of gf180mcu_fd_sc_mcu7t5v0__endcap in cell grouper_soc_chip_core
Note:  Implicit pin VPW in instance PHY_EDGE_ROW_238_Left_512 of gf180mcu_fd_sc_mcu7t5v0__endcap in cell grouper_soc_chip_core
Note:  Implicit pin VNW in instance PHY_EDGE_ROW_238_Right_100 of gf180mcu_fd_sc_mcu7t5v0__endcap in cell grouper_soc_chip_core
Note:  Implicit pin VPW in instance PHY_EDGE_ROW_238_Right_100 of gf180mcu_fd_sc_mcu7t5v0__endcap in cell grouper_soc_chip_core
Note:  Implicit pin VNW in instance PHY_EDGE_ROW_239_Left_513 of gf180mcu_fd_sc_mcu7t5v0__endcap in cell grouper_soc_chip_core
Note:  Implicit pin VPW in instance PHY_EDGE_ROW_239_Left_513 of gf180mcu_fd_sc_mcu7t5v0__endcap in cell grouper_soc_chip_core
Note:  Implicit pin VNW in instance PHY_EDGE_ROW_239_Right_101 of gf180mcu_fd_sc_mcu7t5v0__endcap in cell grouper_soc_chip_core
Note:  Implicit pin VPW in instance PHY_EDGE_ROW_239_Right_101 of gf180mcu_fd_sc_mcu7t5v0__endcap in cell grouper_soc_chip_core
Note:  Implicit pin VNW in instance PHY_EDGE_ROW_23_Left_298 of gf180mcu_fd_sc_mcu7t5v0__endcap in cell grouper_soc_chip_core
Note:  Implicit pin VPW in instance PHY_EDGE_ROW_23_Left_298 of gf180mcu_fd_sc_mcu7t5v0__endcap in cell grouper_soc_chip_core
Note:  Implicit pin VNW in instance PHY_EDGE_ROW_23_Right_23 of gf180mcu_fd_sc_mcu7t5v0__endcap in cell grouper_soc_chip_core
Note:  Implicit pin VPW in instance PHY_EDGE_ROW_23_Right_23 of gf180mcu_fd_sc_mcu7t5v0__endcap in cell grouper_soc_chip_core
Note:  Implicit pin VNW in instance PHY_EDGE_ROW_240_Left_514 of gf180mcu_fd_sc_mcu7t5v0__endcap in cell grouper_soc_chip_core
Note:  Implicit pin VPW in instance PHY_EDGE_ROW_240_Left_514 of gf180mcu_fd_sc_mcu7t5v0__endcap in cell grouper_soc_chip_core
Note:  Implicit pin VNW in instance PHY_EDGE_ROW_240_Right_102 of gf180mcu_fd_sc_mcu7t5v0__endcap in cell grouper_soc_chip_core
Note:  Implicit pin VPW in instance PHY_EDGE_ROW_240_Right_102 of gf180mcu_fd_sc_mcu7t5v0__endcap in cell grouper_soc_chip_core
Note:  Implicit pin VNW in instance PHY_EDGE_ROW_241_Left_515 of gf180mcu_fd_sc_mcu7t5v0__endcap in cell grouper_soc_chip_core
Note:  Implicit pin VPW in instance PHY_EDGE_ROW_241_Left_515 of gf180mcu_fd_sc_mcu7t5v0__endcap in cell grouper_soc_chip_core
Note:  Implicit pin VNW in instance PHY_EDGE_ROW_241_Right_103 of gf180mcu_fd_sc_mcu7t5v0__endcap in cell grouper_soc_chip_core
Note:  Implicit pin VPW in instance PHY_EDGE_ROW_241_Right_103 of gf180mcu_fd_sc_mcu7t5v0__endcap in cell grouper_soc_chip_core
Note:  Implicit pin VNW in instance PHY_EDGE_ROW_242_Left_516 of gf180mcu_fd_sc_mcu7t5v0__endcap in cell grouper_soc_chip_core
Note:  Implicit pin VPW in instance PHY_EDGE_ROW_242_Left_516 of gf180mcu_fd_sc_mcu7t5v0__endcap in cell grouper_soc_chip_core
Note:  Implicit pin VNW in instance PHY_EDGE_ROW_242_Right_104 of gf180mcu_fd_sc_mcu7t5v0__endcap in cell grouper_soc_chip_core
Note:  Implicit pin VPW in instance PHY_EDGE_ROW_242_Right_104 of gf180mcu_fd_sc_mcu7t5v0__endcap in cell grouper_soc_chip_core
Note:  Implicit pin VNW in instance PHY_EDGE_ROW_243_Left_517 of gf180mcu_fd_sc_mcu7t5v0__endcap in cell grouper_soc_chip_core
Note:  Implicit pin VPW in instance PHY_EDGE_ROW_243_Left_517 of gf180mcu_fd_sc_mcu7t5v0__endcap in cell grouper_soc_chip_core
Note:  Implicit pin VNW in instance PHY_EDGE_ROW_243_Right_105 of gf180mcu_fd_sc_mcu7t5v0__endcap in cell grouper_soc_chip_core
Note:  Implicit pin VPW in instance PHY_EDGE_ROW_243_Right_105 of gf180mcu_fd_sc_mcu7t5v0__endcap in cell grouper_soc_chip_core
Note:  Implicit pin VNW in instance PHY_EDGE_ROW_244_Left_518 of gf180mcu_fd_sc_mcu7t5v0__endcap in cell grouper_soc_chip_core
Note:  Implicit pin VPW in instance PHY_EDGE_ROW_244_Left_518 of gf180mcu_fd_sc_mcu7t5v0__endcap in cell grouper_soc_chip_core
Note:  Implicit pin VNW in instance PHY_EDGE_ROW_244_Right_106 of gf180mcu_fd_sc_mcu7t5v0__endcap in cell grouper_soc_chip_core
Note:  Implicit pin VPW in instance PHY_EDGE_ROW_244_Right_106 of gf180mcu_fd_sc_mcu7t5v0__endcap in cell grouper_soc_chip_core
Note:  Implicit pin VNW in instance PHY_EDGE_ROW_245_Left_519 of gf180mcu_fd_sc_mcu7t5v0__endcap in cell grouper_soc_chip_core
Note:  Implicit pin VPW in instance PHY_EDGE_ROW_245_Left_519 of gf180mcu_fd_sc_mcu7t5v0__endcap in cell grouper_soc_chip_core
Note:  Implicit pin VNW in instance PHY_EDGE_ROW_245_Right_107 of gf180mcu_fd_sc_mcu7t5v0__endcap in cell grouper_soc_chip_core
Note:  Implicit pin VPW in instance PHY_EDGE_ROW_245_Right_107 of gf180mcu_fd_sc_mcu7t5v0__endcap in cell grouper_soc_chip_core
Note:  Implicit pin VNW in instance PHY_EDGE_ROW_246_Left_520 of gf180mcu_fd_sc_mcu7t5v0__endcap in cell grouper_soc_chip_core
Note:  Implicit pin VPW in instance PHY_EDGE_ROW_246_Left_520 of gf180mcu_fd_sc_mcu7t5v0__endcap in cell grouper_soc_chip_core
Note:  Implicit pin VNW in instance PHY_EDGE_ROW_246_Right_108 of gf180mcu_fd_sc_mcu7t5v0__endcap in cell grouper_soc_chip_core
Note:  Implicit pin VPW in instance PHY_EDGE_ROW_246_Right_108 of gf180mcu_fd_sc_mcu7t5v0__endcap in cell grouper_soc_chip_core
Note:  Implicit pin VNW in instance PHY_EDGE_ROW_247_Left_521 of gf180mcu_fd_sc_mcu7t5v0__endcap in cell grouper_soc_chip_core
Note:  Implicit pin VPW in instance PHY_EDGE_ROW_247_Left_521 of gf180mcu_fd_sc_mcu7t5v0__endcap in cell grouper_soc_chip_core
Note:  Implicit pin VNW in instance PHY_EDGE_ROW_247_Right_109 of gf180mcu_fd_sc_mcu7t5v0__endcap in cell grouper_soc_chip_core
Note:  Implicit pin VPW in instance PHY_EDGE_ROW_247_Right_109 of gf180mcu_fd_sc_mcu7t5v0__endcap in cell grouper_soc_chip_core
Note:  Implicit pin VNW in instance PHY_EDGE_ROW_248_Left_522 of gf180mcu_fd_sc_mcu7t5v0__endcap in cell grouper_soc_chip_core
Note:  Implicit pin VPW in instance PHY_EDGE_ROW_248_Left_522 of gf180mcu_fd_sc_mcu7t5v0__endcap in cell grouper_soc_chip_core
Note:  Implicit pin VNW in instance PHY_EDGE_ROW_248_Right_110 of gf180mcu_fd_sc_mcu7t5v0__endcap in cell grouper_soc_chip_core
Note:  Implicit pin VPW in instance PHY_EDGE_ROW_248_Right_110 of gf180mcu_fd_sc_mcu7t5v0__endcap in cell grouper_soc_chip_core
Note:  Implicit pin VNW in instance PHY_EDGE_ROW_249_Left_523 of gf180mcu_fd_sc_mcu7t5v0__endcap in cell grouper_soc_chip_core
Note:  Implicit pin VPW in instance PHY_EDGE_ROW_249_Left_523 of gf180mcu_fd_sc_mcu7t5v0__endcap in cell grouper_soc_chip_core
Note:  Implicit pin VNW in instance PHY_EDGE_ROW_249_Right_111 of gf180mcu_fd_sc_mcu7t5v0__endcap in cell grouper_soc_chip_core
Note:  Implicit pin VPW in instance PHY_EDGE_ROW_249_Right_111 of gf180mcu_fd_sc_mcu7t5v0__endcap in cell grouper_soc_chip_core
Note:  Implicit pin VNW in instance PHY_EDGE_ROW_24_Left_299 of gf180mcu_fd_sc_mcu7t5v0__endcap in cell grouper_soc_chip_core
Note:  Implicit pin VPW in instance PHY_EDGE_ROW_24_Left_299 of gf180mcu_fd_sc_mcu7t5v0__endcap in cell grouper_soc_chip_core
Note:  Implicit pin VNW in instance PHY_EDGE_ROW_24_Right_24 of gf180mcu_fd_sc_mcu7t5v0__endcap in cell grouper_soc_chip_core
Note:  Implicit pin VPW in instance PHY_EDGE_ROW_24_Right_24 of gf180mcu_fd_sc_mcu7t5v0__endcap in cell grouper_soc_chip_core
Note:  Implicit pin VNW in instance PHY_EDGE_ROW_250_Left_524 of gf180mcu_fd_sc_mcu7t5v0__endcap in cell grouper_soc_chip_core
Note:  Implicit pin VPW in instance PHY_EDGE_ROW_250_Left_524 of gf180mcu_fd_sc_mcu7t5v0__endcap in cell grouper_soc_chip_core
Note:  Implicit pin VNW in instance PHY_EDGE_ROW_250_Right_112 of gf180mcu_fd_sc_mcu7t5v0__endcap in cell grouper_soc_chip_core
Note:  Implicit pin VPW in instance PHY_EDGE_ROW_250_Right_112 of gf180mcu_fd_sc_mcu7t5v0__endcap in cell grouper_soc_chip_core
Note:  Implicit pin VNW in instance PHY_EDGE_ROW_251_Left_525 of gf180mcu_fd_sc_mcu7t5v0__endcap in cell grouper_soc_chip_core
Note:  Implicit pin VPW in instance PHY_EDGE_ROW_251_Left_525 of gf180mcu_fd_sc_mcu7t5v0__endcap in cell grouper_soc_chip_core
Note:  Implicit pin VNW in instance PHY_EDGE_ROW_251_Right_113 of gf180mcu_fd_sc_mcu7t5v0__endcap in cell grouper_soc_chip_core
Note:  Implicit pin VPW in instance PHY_EDGE_ROW_251_Right_113 of gf180mcu_fd_sc_mcu7t5v0__endcap in cell grouper_soc_chip_core
Note:  Implicit pin VNW in instance PHY_EDGE_ROW_252_Left_526 of gf180mcu_fd_sc_mcu7t5v0__endcap in cell grouper_soc_chip_core
Note:  Implicit pin VPW in instance PHY_EDGE_ROW_252_Left_526 of gf180mcu_fd_sc_mcu7t5v0__endcap in cell grouper_soc_chip_core
Note:  Implicit pin VNW in instance PHY_EDGE_ROW_252_Right_114 of gf180mcu_fd_sc_mcu7t5v0__endcap in cell grouper_soc_chip_core
Note:  Implicit pin VPW in instance PHY_EDGE_ROW_252_Right_114 of gf180mcu_fd_sc_mcu7t5v0__endcap in cell grouper_soc_chip_core
Note:  Implicit pin VNW in instance PHY_EDGE_ROW_253_Left_527 of gf180mcu_fd_sc_mcu7t5v0__endcap in cell grouper_soc_chip_core
Note:  Implicit pin VPW in instance PHY_EDGE_ROW_253_Left_527 of gf180mcu_fd_sc_mcu7t5v0__endcap in cell grouper_soc_chip_core
Note:  Implicit pin VNW in instance PHY_EDGE_ROW_253_Right_115 of gf180mcu_fd_sc_mcu7t5v0__endcap in cell grouper_soc_chip_core
Note:  Implicit pin VPW in instance PHY_EDGE_ROW_253_Right_115 of gf180mcu_fd_sc_mcu7t5v0__endcap in cell grouper_soc_chip_core
Note:  Implicit pin VNW in instance PHY_EDGE_ROW_254_Left_528 of gf180mcu_fd_sc_mcu7t5v0__endcap in cell grouper_soc_chip_core
Note:  Implicit pin VPW in instance PHY_EDGE_ROW_254_Left_528 of gf180mcu_fd_sc_mcu7t5v0__endcap in cell grouper_soc_chip_core
Note:  Implicit pin VNW in instance PHY_EDGE_ROW_254_Right_116 of gf180mcu_fd_sc_mcu7t5v0__endcap in cell grouper_soc_chip_core
Note:  Implicit pin VPW in instance PHY_EDGE_ROW_254_Right_116 of gf180mcu_fd_sc_mcu7t5v0__endcap in cell grouper_soc_chip_core
Note:  Implicit pin VNW in instance PHY_EDGE_ROW_255_Left_529 of gf180mcu_fd_sc_mcu7t5v0__endcap in cell grouper_soc_chip_core
Note:  Implicit pin VPW in instance PHY_EDGE_ROW_255_Left_529 of gf180mcu_fd_sc_mcu7t5v0__endcap in cell grouper_soc_chip_core
Note:  Implicit pin VNW in instance PHY_EDGE_ROW_255_Right_117 of gf180mcu_fd_sc_mcu7t5v0__endcap in cell grouper_soc_chip_core
Note:  Implicit pin VPW in instance PHY_EDGE_ROW_255_Right_117 of gf180mcu_fd_sc_mcu7t5v0__endcap in cell grouper_soc_chip_core
Note:  Implicit pin VNW in instance PHY_EDGE_ROW_256_Left_530 of gf180mcu_fd_sc_mcu7t5v0__endcap in cell grouper_soc_chip_core
Note:  Implicit pin VPW in instance PHY_EDGE_ROW_256_Left_530 of gf180mcu_fd_sc_mcu7t5v0__endcap in cell grouper_soc_chip_core
Note:  Implicit pin VNW in instance PHY_EDGE_ROW_256_Right_118 of gf180mcu_fd_sc_mcu7t5v0__endcap in cell grouper_soc_chip_core
Note:  Implicit pin VPW in instance PHY_EDGE_ROW_256_Right_118 of gf180mcu_fd_sc_mcu7t5v0__endcap in cell grouper_soc_chip_core
Note:  Implicit pin VNW in instance PHY_EDGE_ROW_257_Left_531 of gf180mcu_fd_sc_mcu7t5v0__endcap in cell grouper_soc_chip_core
Note:  Implicit pin VPW in instance PHY_EDGE_ROW_257_Left_531 of gf180mcu_fd_sc_mcu7t5v0__endcap in cell grouper_soc_chip_core
Note:  Implicit pin VNW in instance PHY_EDGE_ROW_257_Right_119 of gf180mcu_fd_sc_mcu7t5v0__endcap in cell grouper_soc_chip_core
Note:  Implicit pin VPW in instance PHY_EDGE_ROW_257_Right_119 of gf180mcu_fd_sc_mcu7t5v0__endcap in cell grouper_soc_chip_core
Note:  Implicit pin VNW in instance PHY_EDGE_ROW_258_Left_532 of gf180mcu_fd_sc_mcu7t5v0__endcap in cell grouper_soc_chip_core
Note:  Implicit pin VPW in instance PHY_EDGE_ROW_258_Left_532 of gf180mcu_fd_sc_mcu7t5v0__endcap in cell grouper_soc_chip_core
Note:  Implicit pin VNW in instance PHY_EDGE_ROW_258_Right_120 of gf180mcu_fd_sc_mcu7t5v0__endcap in cell grouper_soc_chip_core
Note:  Implicit pin VPW in instance PHY_EDGE_ROW_258_Right_120 of gf180mcu_fd_sc_mcu7t5v0__endcap in cell grouper_soc_chip_core
Note:  Implicit pin VNW in instance PHY_EDGE_ROW_259_Left_533 of gf180mcu_fd_sc_mcu7t5v0__endcap in cell grouper_soc_chip_core
Note:  Implicit pin VPW in instance PHY_EDGE_ROW_259_Left_533 of gf180mcu_fd_sc_mcu7t5v0__endcap in cell grouper_soc_chip_core
Note:  Implicit pin VNW in instance PHY_EDGE_ROW_259_Right_121 of gf180mcu_fd_sc_mcu7t5v0__endcap in cell grouper_soc_chip_core
Note:  Implicit pin VPW in instance PHY_EDGE_ROW_259_Right_121 of gf180mcu_fd_sc_mcu7t5v0__endcap in cell grouper_soc_chip_core
Note:  Implicit pin VNW in instance PHY_EDGE_ROW_25_Left_300 of gf180mcu_fd_sc_mcu7t5v0__endcap in cell grouper_soc_chip_core
Note:  Implicit pin VPW in instance PHY_EDGE_ROW_25_Left_300 of gf180mcu_fd_sc_mcu7t5v0__endcap in cell grouper_soc_chip_core
Note:  Implicit pin VNW in instance PHY_EDGE_ROW_25_Right_25 of gf180mcu_fd_sc_mcu7t5v0__endcap in cell grouper_soc_chip_core
Note:  Implicit pin VPW in instance PHY_EDGE_ROW_25_Right_25 of gf180mcu_fd_sc_mcu7t5v0__endcap in cell grouper_soc_chip_core
Note:  Implicit pin VNW in instance PHY_EDGE_ROW_260_Left_534 of gf180mcu_fd_sc_mcu7t5v0__endcap in cell grouper_soc_chip_core
Note:  Implicit pin VPW in instance PHY_EDGE_ROW_260_Left_534 of gf180mcu_fd_sc_mcu7t5v0__endcap in cell grouper_soc_chip_core
Note:  Implicit pin VNW in instance PHY_EDGE_ROW_260_Right_122 of gf180mcu_fd_sc_mcu7t5v0__endcap in cell grouper_soc_chip_core
Note:  Implicit pin VPW in instance PHY_EDGE_ROW_260_Right_122 of gf180mcu_fd_sc_mcu7t5v0__endcap in cell grouper_soc_chip_core
Note:  Implicit pin VNW in instance PHY_EDGE_ROW_261_Left_535 of gf180mcu_fd_sc_mcu7t5v0__endcap in cell grouper_soc_chip_core
Note:  Implicit pin VPW in instance PHY_EDGE_ROW_261_Left_535 of gf180mcu_fd_sc_mcu7t5v0__endcap in cell grouper_soc_chip_core
Note:  Implicit pin VNW in instance PHY_EDGE_ROW_261_Right_123 of gf180mcu_fd_sc_mcu7t5v0__endcap in cell grouper_soc_chip_core
Note:  Implicit pin VPW in instance PHY_EDGE_ROW_261_Right_123 of gf180mcu_fd_sc_mcu7t5v0__endcap in cell grouper_soc_chip_core
Note:  Implicit pin VNW in instance PHY_EDGE_ROW_262_Left_536 of gf180mcu_fd_sc_mcu7t5v0__endcap in cell grouper_soc_chip_core
Note:  Implicit pin VPW in instance PHY_EDGE_ROW_262_Left_536 of gf180mcu_fd_sc_mcu7t5v0__endcap in cell grouper_soc_chip_core
Note:  Implicit pin VNW in instance PHY_EDGE_ROW_262_Right_124 of gf180mcu_fd_sc_mcu7t5v0__endcap in cell grouper_soc_chip_core
Note:  Implicit pin VPW in instance PHY_EDGE_ROW_262_Right_124 of gf180mcu_fd_sc_mcu7t5v0__endcap in cell grouper_soc_chip_core
Note:  Implicit pin VNW in instance PHY_EDGE_ROW_263_Left_537 of gf180mcu_fd_sc_mcu7t5v0__endcap in cell grouper_soc_chip_core
Note:  Implicit pin VPW in instance PHY_EDGE_ROW_263_Left_537 of gf180mcu_fd_sc_mcu7t5v0__endcap in cell grouper_soc_chip_core
Note:  Implicit pin VNW in instance PHY_EDGE_ROW_263_Right_125 of gf180mcu_fd_sc_mcu7t5v0__endcap in cell grouper_soc_chip_core
Note:  Implicit pin VPW in instance PHY_EDGE_ROW_263_Right_125 of gf180mcu_fd_sc_mcu7t5v0__endcap in cell grouper_soc_chip_core
Note:  Implicit pin VNW in instance PHY_EDGE_ROW_264_Left_538 of gf180mcu_fd_sc_mcu7t5v0__endcap in cell grouper_soc_chip_core
Note:  Implicit pin VPW in instance PHY_EDGE_ROW_264_Left_538 of gf180mcu_fd_sc_mcu7t5v0__endcap in cell grouper_soc_chip_core
Note:  Implicit pin VNW in instance PHY_EDGE_ROW_264_Right_126 of gf180mcu_fd_sc_mcu7t5v0__endcap in cell grouper_soc_chip_core
Note:  Implicit pin VPW in instance PHY_EDGE_ROW_264_Right_126 of gf180mcu_fd_sc_mcu7t5v0__endcap in cell grouper_soc_chip_core
Note:  Implicit pin VNW in instance PHY_EDGE_ROW_265_Left_539 of gf180mcu_fd_sc_mcu7t5v0__endcap in cell grouper_soc_chip_core
Note:  Implicit pin VPW in instance PHY_EDGE_ROW_265_Left_539 of gf180mcu_fd_sc_mcu7t5v0__endcap in cell grouper_soc_chip_core
Note:  Implicit pin VNW in instance PHY_EDGE_ROW_265_Right_127 of gf180mcu_fd_sc_mcu7t5v0__endcap in cell grouper_soc_chip_core
Note:  Implicit pin VPW in instance PHY_EDGE_ROW_265_Right_127 of gf180mcu_fd_sc_mcu7t5v0__endcap in cell grouper_soc_chip_core
Note:  Implicit pin VNW in instance PHY_EDGE_ROW_266_Left_540 of gf180mcu_fd_sc_mcu7t5v0__endcap in cell grouper_soc_chip_core
Note:  Implicit pin VPW in instance PHY_EDGE_ROW_266_Left_540 of gf180mcu_fd_sc_mcu7t5v0__endcap in cell grouper_soc_chip_core
Note:  Implicit pin VNW in instance PHY_EDGE_ROW_266_Right_128 of gf180mcu_fd_sc_mcu7t5v0__endcap in cell grouper_soc_chip_core
Note:  Implicit pin VPW in instance PHY_EDGE_ROW_266_Right_128 of gf180mcu_fd_sc_mcu7t5v0__endcap in cell grouper_soc_chip_core
Note:  Implicit pin VNW in instance PHY_EDGE_ROW_267_Left_541 of gf180mcu_fd_sc_mcu7t5v0__endcap in cell grouper_soc_chip_core
Note:  Implicit pin VPW in instance PHY_EDGE_ROW_267_Left_541 of gf180mcu_fd_sc_mcu7t5v0__endcap in cell grouper_soc_chip_core
Note:  Implicit pin VNW in instance PHY_EDGE_ROW_267_Right_129 of gf180mcu_fd_sc_mcu7t5v0__endcap in cell grouper_soc_chip_core
Note:  Implicit pin VPW in instance PHY_EDGE_ROW_267_Right_129 of gf180mcu_fd_sc_mcu7t5v0__endcap in cell grouper_soc_chip_core
Note:  Implicit pin VNW in instance PHY_EDGE_ROW_268_Left_542 of gf180mcu_fd_sc_mcu7t5v0__endcap in cell grouper_soc_chip_core
Note:  Implicit pin VPW in instance PHY_EDGE_ROW_268_Left_542 of gf180mcu_fd_sc_mcu7t5v0__endcap in cell grouper_soc_chip_core
Note:  Implicit pin VNW in instance PHY_EDGE_ROW_268_Right_130 of gf180mcu_fd_sc_mcu7t5v0__endcap in cell grouper_soc_chip_core
Note:  Implicit pin VPW in instance PHY_EDGE_ROW_268_Right_130 of gf180mcu_fd_sc_mcu7t5v0__endcap in cell grouper_soc_chip_core
Note:  Implicit pin VNW in instance PHY_EDGE_ROW_269_Left_543 of gf180mcu_fd_sc_mcu7t5v0__endcap in cell grouper_soc_chip_core
Note:  Implicit pin VPW in instance PHY_EDGE_ROW_269_Left_543 of gf180mcu_fd_sc_mcu7t5v0__endcap in cell grouper_soc_chip_core
Note:  Implicit pin VNW in instance PHY_EDGE_ROW_269_Right_131 of gf180mcu_fd_sc_mcu7t5v0__endcap in cell grouper_soc_chip_core
Note:  Implicit pin VPW in instance PHY_EDGE_ROW_269_Right_131 of gf180mcu_fd_sc_mcu7t5v0__endcap in cell grouper_soc_chip_core
Note:  Implicit pin VNW in instance PHY_EDGE_ROW_26_Left_301 of gf180mcu_fd_sc_mcu7t5v0__endcap in cell grouper_soc_chip_core
Note:  Implicit pin VPW in instance PHY_EDGE_ROW_26_Left_301 of gf180mcu_fd_sc_mcu7t5v0__endcap in cell grouper_soc_chip_core
Note:  Implicit pin VNW in instance PHY_EDGE_ROW_26_Right_26 of gf180mcu_fd_sc_mcu7t5v0__endcap in cell grouper_soc_chip_core
Note:  Implicit pin VPW in instance PHY_EDGE_ROW_26_Right_26 of gf180mcu_fd_sc_mcu7t5v0__endcap in cell grouper_soc_chip_core
Note:  Implicit pin VNW in instance PHY_EDGE_ROW_270_Left_544 of gf180mcu_fd_sc_mcu7t5v0__endcap in cell grouper_soc_chip_core
Note:  Implicit pin VPW in instance PHY_EDGE_ROW_270_Left_544 of gf180mcu_fd_sc_mcu7t5v0__endcap in cell grouper_soc_chip_core
Note:  Implicit pin VNW in instance PHY_EDGE_ROW_270_Right_132 of gf180mcu_fd_sc_mcu7t5v0__endcap in cell grouper_soc_chip_core
Note:  Implicit pin VPW in instance PHY_EDGE_ROW_270_Right_132 of gf180mcu_fd_sc_mcu7t5v0__endcap in cell grouper_soc_chip_core
Note:  Implicit pin VNW in instance PHY_EDGE_ROW_271_Left_545 of gf180mcu_fd_sc_mcu7t5v0__endcap in cell grouper_soc_chip_core
Note:  Implicit pin VPW in instance PHY_EDGE_ROW_271_Left_545 of gf180mcu_fd_sc_mcu7t5v0__endcap in cell grouper_soc_chip_core
Note:  Implicit pin VNW in instance PHY_EDGE_ROW_271_Right_133 of gf180mcu_fd_sc_mcu7t5v0__endcap in cell grouper_soc_chip_core
Note:  Implicit pin VPW in instance PHY_EDGE_ROW_271_Right_133 of gf180mcu_fd_sc_mcu7t5v0__endcap in cell grouper_soc_chip_core
Note:  Implicit pin VNW in instance PHY_EDGE_ROW_272_Left_546 of gf180mcu_fd_sc_mcu7t5v0__endcap in cell grouper_soc_chip_core
Note:  Implicit pin VPW in instance PHY_EDGE_ROW_272_Left_546 of gf180mcu_fd_sc_mcu7t5v0__endcap in cell grouper_soc_chip_core
Note:  Implicit pin VNW in instance PHY_EDGE_ROW_272_Right_134 of gf180mcu_fd_sc_mcu7t5v0__endcap in cell grouper_soc_chip_core
Note:  Implicit pin VPW in instance PHY_EDGE_ROW_272_Right_134 of gf180mcu_fd_sc_mcu7t5v0__endcap in cell grouper_soc_chip_core
Note:  Implicit pin VNW in instance PHY_EDGE_ROW_273_Left_547 of gf180mcu_fd_sc_mcu7t5v0__endcap in cell grouper_soc_chip_core
Note:  Implicit pin VPW in instance PHY_EDGE_ROW_273_Left_547 of gf180mcu_fd_sc_mcu7t5v0__endcap in cell grouper_soc_chip_core
Note:  Implicit pin VNW in instance PHY_EDGE_ROW_273_Right_135 of gf180mcu_fd_sc_mcu7t5v0__endcap in cell grouper_soc_chip_core
Note:  Implicit pin VPW in instance PHY_EDGE_ROW_273_Right_135 of gf180mcu_fd_sc_mcu7t5v0__endcap in cell grouper_soc_chip_core
Note:  Implicit pin VNW in instance PHY_EDGE_ROW_274_Left_548 of gf180mcu_fd_sc_mcu7t5v0__endcap in cell grouper_soc_chip_core
Note:  Implicit pin VPW in instance PHY_EDGE_ROW_274_Left_548 of gf180mcu_fd_sc_mcu7t5v0__endcap in cell grouper_soc_chip_core
Note:  Implicit pin VNW in instance PHY_EDGE_ROW_274_Right_136 of gf180mcu_fd_sc_mcu7t5v0__endcap in cell grouper_soc_chip_core
Note:  Implicit pin VPW in instance PHY_EDGE_ROW_274_Right_136 of gf180mcu_fd_sc_mcu7t5v0__endcap in cell grouper_soc_chip_core
Note:  Implicit pin VNW in instance PHY_EDGE_ROW_27_Left_302 of gf180mcu_fd_sc_mcu7t5v0__endcap in cell grouper_soc_chip_core
Note:  Implicit pin VPW in instance PHY_EDGE_ROW_27_Left_302 of gf180mcu_fd_sc_mcu7t5v0__endcap in cell grouper_soc_chip_core
Note:  Implicit pin VNW in instance PHY_EDGE_ROW_27_Right_27 of gf180mcu_fd_sc_mcu7t5v0__endcap in cell grouper_soc_chip_core
Note:  Implicit pin VPW in instance PHY_EDGE_ROW_27_Right_27 of gf180mcu_fd_sc_mcu7t5v0__endcap in cell grouper_soc_chip_core
Note:  Implicit pin VNW in instance PHY_EDGE_ROW_28_Left_303 of gf180mcu_fd_sc_mcu7t5v0__endcap in cell grouper_soc_chip_core
Note:  Implicit pin VPW in instance PHY_EDGE_ROW_28_Left_303 of gf180mcu_fd_sc_mcu7t5v0__endcap in cell grouper_soc_chip_core
Note:  Implicit pin VNW in instance PHY_EDGE_ROW_28_Right_28 of gf180mcu_fd_sc_mcu7t5v0__endcap in cell grouper_soc_chip_core
Note:  Implicit pin VPW in instance PHY_EDGE_ROW_28_Right_28 of gf180mcu_fd_sc_mcu7t5v0__endcap in cell grouper_soc_chip_core
Note:  Implicit pin VNW in instance PHY_EDGE_ROW_29_Left_304 of gf180mcu_fd_sc_mcu7t5v0__endcap in cell grouper_soc_chip_core
Note:  Implicit pin VPW in instance PHY_EDGE_ROW_29_Left_304 of gf180mcu_fd_sc_mcu7t5v0__endcap in cell grouper_soc_chip_core
Note:  Implicit pin VNW in instance PHY_EDGE_ROW_29_Right_29 of gf180mcu_fd_sc_mcu7t5v0__endcap in cell grouper_soc_chip_core
Note:  Implicit pin VPW in instance PHY_EDGE_ROW_29_Right_29 of gf180mcu_fd_sc_mcu7t5v0__endcap in cell grouper_soc_chip_core
Note:  Implicit pin VNW in instance PHY_EDGE_ROW_2_Left_277 of gf180mcu_fd_sc_mcu7t5v0__endcap in cell grouper_soc_chip_core
Note:  Implicit pin VPW in instance PHY_EDGE_ROW_2_Left_277 of gf180mcu_fd_sc_mcu7t5v0__endcap in cell grouper_soc_chip_core
Note:  Implicit pin VNW in instance PHY_EDGE_ROW_2_Right_2 of gf180mcu_fd_sc_mcu7t5v0__endcap in cell grouper_soc_chip_core
Note:  Implicit pin VPW in instance PHY_EDGE_ROW_2_Right_2 of gf180mcu_fd_sc_mcu7t5v0__endcap in cell grouper_soc_chip_core
Note:  Implicit pin VNW in instance PHY_EDGE_ROW_30_Left_305 of gf180mcu_fd_sc_mcu7t5v0__endcap in cell grouper_soc_chip_core
Note:  Implicit pin VPW in instance PHY_EDGE_ROW_30_Left_305 of gf180mcu_fd_sc_mcu7t5v0__endcap in cell grouper_soc_chip_core
Note:  Implicit pin VNW in instance PHY_EDGE_ROW_30_Right_30 of gf180mcu_fd_sc_mcu7t5v0__endcap in cell grouper_soc_chip_core
Note:  Implicit pin VPW in instance PHY_EDGE_ROW_30_Right_30 of gf180mcu_fd_sc_mcu7t5v0__endcap in cell grouper_soc_chip_core
Note:  Implicit pin VNW in instance PHY_EDGE_ROW_31_Left_306 of gf180mcu_fd_sc_mcu7t5v0__endcap in cell grouper_soc_chip_core
Note:  Implicit pin VPW in instance PHY_EDGE_ROW_31_Left_306 of gf180mcu_fd_sc_mcu7t5v0__endcap in cell grouper_soc_chip_core
Note:  Implicit pin VNW in instance PHY_EDGE_ROW_31_Right_31 of gf180mcu_fd_sc_mcu7t5v0__endcap in cell grouper_soc_chip_core
Note:  Implicit pin VPW in instance PHY_EDGE_ROW_31_Right_31 of gf180mcu_fd_sc_mcu7t5v0__endcap in cell grouper_soc_chip_core
Note:  Implicit pin VNW in instance PHY_EDGE_ROW_32_Left_307 of gf180mcu_fd_sc_mcu7t5v0__endcap in cell grouper_soc_chip_core
Note:  Implicit pin VPW in instance PHY_EDGE_ROW_32_Left_307 of gf180mcu_fd_sc_mcu7t5v0__endcap in cell grouper_soc_chip_core
Note:  Implicit pin VNW in instance PHY_EDGE_ROW_32_Right_32 of gf180mcu_fd_sc_mcu7t5v0__endcap in cell grouper_soc_chip_core
Note:  Implicit pin VPW in instance PHY_EDGE_ROW_32_Right_32 of gf180mcu_fd_sc_mcu7t5v0__endcap in cell grouper_soc_chip_core
Note:  Implicit pin VNW in instance PHY_EDGE_ROW_33_Left_308 of gf180mcu_fd_sc_mcu7t5v0__endcap in cell grouper_soc_chip_core
Note:  Implicit pin VPW in instance PHY_EDGE_ROW_33_Left_308 of gf180mcu_fd_sc_mcu7t5v0__endcap in cell grouper_soc_chip_core
Note:  Implicit pin VNW in instance PHY_EDGE_ROW_33_Right_33 of gf180mcu_fd_sc_mcu7t5v0__endcap in cell grouper_soc_chip_core
Note:  Implicit pin VPW in instance PHY_EDGE_ROW_33_Right_33 of gf180mcu_fd_sc_mcu7t5v0__endcap in cell grouper_soc_chip_core
Note:  Implicit pin VNW in instance PHY_EDGE_ROW_34_Left_309 of gf180mcu_fd_sc_mcu7t5v0__endcap in cell grouper_soc_chip_core
Note:  Implicit pin VPW in instance PHY_EDGE_ROW_34_Left_309 of gf180mcu_fd_sc_mcu7t5v0__endcap in cell grouper_soc_chip_core
Note:  Implicit pin VNW in instance PHY_EDGE_ROW_34_Right_34 of gf180mcu_fd_sc_mcu7t5v0__endcap in cell grouper_soc_chip_core
Note:  Implicit pin VPW in instance PHY_EDGE_ROW_34_Right_34 of gf180mcu_fd_sc_mcu7t5v0__endcap in cell grouper_soc_chip_core
Note:  Implicit pin VNW in instance PHY_EDGE_ROW_35_Left_310 of gf180mcu_fd_sc_mcu7t5v0__endcap in cell grouper_soc_chip_core
Note:  Implicit pin VPW in instance PHY_EDGE_ROW_35_Left_310 of gf180mcu_fd_sc_mcu7t5v0__endcap in cell grouper_soc_chip_core
Note:  Implicit pin VNW in instance PHY_EDGE_ROW_35_Right_35 of gf180mcu_fd_sc_mcu7t5v0__endcap in cell grouper_soc_chip_core
Note:  Implicit pin VPW in instance PHY_EDGE_ROW_35_Right_35 of gf180mcu_fd_sc_mcu7t5v0__endcap in cell grouper_soc_chip_core
Note:  Implicit pin VNW in instance PHY_EDGE_ROW_36_Left_311 of gf180mcu_fd_sc_mcu7t5v0__endcap in cell grouper_soc_chip_core
Note:  Implicit pin VPW in instance PHY_EDGE_ROW_36_Left_311 of gf180mcu_fd_sc_mcu7t5v0__endcap in cell grouper_soc_chip_core
Note:  Implicit pin VNW in instance PHY_EDGE_ROW_36_Right_36 of gf180mcu_fd_sc_mcu7t5v0__endcap in cell grouper_soc_chip_core
Note:  Implicit pin VPW in instance PHY_EDGE_ROW_36_Right_36 of gf180mcu_fd_sc_mcu7t5v0__endcap in cell grouper_soc_chip_core
Note:  Implicit pin VNW in instance PHY_EDGE_ROW_37_Left_312 of gf180mcu_fd_sc_mcu7t5v0__endcap in cell grouper_soc_chip_core
Note:  Implicit pin VPW in instance PHY_EDGE_ROW_37_Left_312 of gf180mcu_fd_sc_mcu7t5v0__endcap in cell grouper_soc_chip_core
Note:  Implicit pin VNW in instance PHY_EDGE_ROW_37_Right_37 of gf180mcu_fd_sc_mcu7t5v0__endcap in cell grouper_soc_chip_core
Note:  Implicit pin VPW in instance PHY_EDGE_ROW_37_Right_37 of gf180mcu_fd_sc_mcu7t5v0__endcap in cell grouper_soc_chip_core
Note:  Implicit pin VNW in instance PHY_EDGE_ROW_38_Left_313 of gf180mcu_fd_sc_mcu7t5v0__endcap in cell grouper_soc_chip_core
Note:  Implicit pin VPW in instance PHY_EDGE_ROW_38_Left_313 of gf180mcu_fd_sc_mcu7t5v0__endcap in cell grouper_soc_chip_core
Note:  Implicit pin VNW in instance PHY_EDGE_ROW_38_Right_38 of gf180mcu_fd_sc_mcu7t5v0__endcap in cell grouper_soc_chip_core
Note:  Implicit pin VPW in instance PHY_EDGE_ROW_38_Right_38 of gf180mcu_fd_sc_mcu7t5v0__endcap in cell grouper_soc_chip_core
Note:  Implicit pin VNW in instance PHY_EDGE_ROW_39_Left_314 of gf180mcu_fd_sc_mcu7t5v0__endcap in cell grouper_soc_chip_core
Note:  Implicit pin VPW in instance PHY_EDGE_ROW_39_Left_314 of gf180mcu_fd_sc_mcu7t5v0__endcap in cell grouper_soc_chip_core
Note:  Implicit pin VNW in instance PHY_EDGE_ROW_39_Right_39 of gf180mcu_fd_sc_mcu7t5v0__endcap in cell grouper_soc_chip_core
Note:  Implicit pin VPW in instance PHY_EDGE_ROW_39_Right_39 of gf180mcu_fd_sc_mcu7t5v0__endcap in cell grouper_soc_chip_core
Note:  Implicit pin VNW in instance PHY_EDGE_ROW_3_Left_278 of gf180mcu_fd_sc_mcu7t5v0__endcap in cell grouper_soc_chip_core
Note:  Implicit pin VPW in instance PHY_EDGE_ROW_3_Left_278 of gf180mcu_fd_sc_mcu7t5v0__endcap in cell grouper_soc_chip_core
Note:  Implicit pin VNW in instance PHY_EDGE_ROW_3_Right_3 of gf180mcu_fd_sc_mcu7t5v0__endcap in cell grouper_soc_chip_core
Note:  Implicit pin VPW in instance PHY_EDGE_ROW_3_Right_3 of gf180mcu_fd_sc_mcu7t5v0__endcap in cell grouper_soc_chip_core
Note:  Implicit pin VNW in instance PHY_EDGE_ROW_40_Left_315 of gf180mcu_fd_sc_mcu7t5v0__endcap in cell grouper_soc_chip_core
Note:  Implicit pin VPW in instance PHY_EDGE_ROW_40_Left_315 of gf180mcu_fd_sc_mcu7t5v0__endcap in cell grouper_soc_chip_core
Note:  Implicit pin VNW in instance PHY_EDGE_ROW_40_Right_40 of gf180mcu_fd_sc_mcu7t5v0__endcap in cell grouper_soc_chip_core
Note:  Implicit pin VPW in instance PHY_EDGE_ROW_40_Right_40 of gf180mcu_fd_sc_mcu7t5v0__endcap in cell grouper_soc_chip_core
Note:  Implicit pin VNW in instance PHY_EDGE_ROW_41_Left_316 of gf180mcu_fd_sc_mcu7t5v0__endcap in cell grouper_soc_chip_core
Note:  Implicit pin VPW in instance PHY_EDGE_ROW_41_Left_316 of gf180mcu_fd_sc_mcu7t5v0__endcap in cell grouper_soc_chip_core
Note:  Implicit pin VNW in instance PHY_EDGE_ROW_41_Right_41 of gf180mcu_fd_sc_mcu7t5v0__endcap in cell grouper_soc_chip_core
Note:  Implicit pin VPW in instance PHY_EDGE_ROW_41_Right_41 of gf180mcu_fd_sc_mcu7t5v0__endcap in cell grouper_soc_chip_core
Note:  Implicit pin VNW in instance PHY_EDGE_ROW_42_Left_317 of gf180mcu_fd_sc_mcu7t5v0__endcap in cell grouper_soc_chip_core
Note:  Implicit pin VPW in instance PHY_EDGE_ROW_42_Left_317 of gf180mcu_fd_sc_mcu7t5v0__endcap in cell grouper_soc_chip_core
Note:  Implicit pin VNW in instance PHY_EDGE_ROW_42_Right_42 of gf180mcu_fd_sc_mcu7t5v0__endcap in cell grouper_soc_chip_core
Note:  Implicit pin VPW in instance PHY_EDGE_ROW_42_Right_42 of gf180mcu_fd_sc_mcu7t5v0__endcap in cell grouper_soc_chip_core
Note:  Implicit pin VNW in instance PHY_EDGE_ROW_43_Left_318 of gf180mcu_fd_sc_mcu7t5v0__endcap in cell grouper_soc_chip_core
Note:  Implicit pin VPW in instance PHY_EDGE_ROW_43_Left_318 of gf180mcu_fd_sc_mcu7t5v0__endcap in cell grouper_soc_chip_core
Note:  Implicit pin VNW in instance PHY_EDGE_ROW_43_Right_43 of gf180mcu_fd_sc_mcu7t5v0__endcap in cell grouper_soc_chip_core
Note:  Implicit pin VPW in instance PHY_EDGE_ROW_43_Right_43 of gf180mcu_fd_sc_mcu7t5v0__endcap in cell grouper_soc_chip_core
Note:  Implicit pin VNW in instance PHY_EDGE_ROW_44_1_Left_549 of gf180mcu_fd_sc_mcu7t5v0__endcap in cell grouper_soc_chip_core
Note:  Implicit pin VPW in instance PHY_EDGE_ROW_44_1_Left_549 of gf180mcu_fd_sc_mcu7t5v0__endcap in cell grouper_soc_chip_core
Note:  Implicit pin VNW in instance PHY_EDGE_ROW_44_1_Right_825 of gf180mcu_fd_sc_mcu7t5v0__endcap in cell grouper_soc_chip_core
Note:  Implicit pin VPW in instance PHY_EDGE_ROW_44_1_Right_825 of gf180mcu_fd_sc_mcu7t5v0__endcap in cell grouper_soc_chip_core
Note:  Implicit pin VNW in instance PHY_EDGE_ROW_44_5_Left_550 of gf180mcu_fd_sc_mcu7t5v0__endcap in cell grouper_soc_chip_core
Note:  Implicit pin VPW in instance PHY_EDGE_ROW_44_5_Left_550 of gf180mcu_fd_sc_mcu7t5v0__endcap in cell grouper_soc_chip_core
Note:  Implicit pin VNW in instance PHY_EDGE_ROW_44_5_Right_137 of gf180mcu_fd_sc_mcu7t5v0__endcap in cell grouper_soc_chip_core
Note:  Implicit pin VPW in instance PHY_EDGE_ROW_44_5_Right_137 of gf180mcu_fd_sc_mcu7t5v0__endcap in cell grouper_soc_chip_core
Note:  Implicit pin VNW in instance PHY_EDGE_ROW_45_1_Left_319 of gf180mcu_fd_sc_mcu7t5v0__endcap in cell grouper_soc_chip_core
Note:  Implicit pin VPW in instance PHY_EDGE_ROW_45_1_Left_319 of gf180mcu_fd_sc_mcu7t5v0__endcap in cell grouper_soc_chip_core
Note:  Implicit pin VNW in instance PHY_EDGE_ROW_45_1_Right_688 of gf180mcu_fd_sc_mcu7t5v0__endcap in cell grouper_soc_chip_core
Note:  Implicit pin VPW in instance PHY_EDGE_ROW_45_1_Right_688 of gf180mcu_fd_sc_mcu7t5v0__endcap in cell grouper_soc_chip_core
Note:  Implicit pin VNW in instance PHY_EDGE_ROW_45_5_Left_551 of gf180mcu_fd_sc_mcu7t5v0__endcap in cell grouper_soc_chip_core
Note:  Implicit pin VPW in instance PHY_EDGE_ROW_45_5_Left_551 of gf180mcu_fd_sc_mcu7t5v0__endcap in cell grouper_soc_chip_core
Note:  Implicit pin VNW in instance PHY_EDGE_ROW_45_5_Right_138 of gf180mcu_fd_sc_mcu7t5v0__endcap in cell grouper_soc_chip_core
Note:  Implicit pin VPW in instance PHY_EDGE_ROW_45_5_Right_138 of gf180mcu_fd_sc_mcu7t5v0__endcap in cell grouper_soc_chip_core
Note:  Implicit pin VNW in instance PHY_EDGE_ROW_46_1_Left_320 of gf180mcu_fd_sc_mcu7t5v0__endcap in cell grouper_soc_chip_core
Note:  Implicit pin VPW in instance PHY_EDGE_ROW_46_1_Left_320 of gf180mcu_fd_sc_mcu7t5v0__endcap in cell grouper_soc_chip_core
Note:  Implicit pin VNW in instance PHY_EDGE_ROW_46_1_Right_689 of gf180mcu_fd_sc_mcu7t5v0__endcap in cell grouper_soc_chip_core
Note:  Implicit pin VPW in instance PHY_EDGE_ROW_46_1_Right_689 of gf180mcu_fd_sc_mcu7t5v0__endcap in cell grouper_soc_chip_core
Note:  Implicit pin VNW in instance PHY_EDGE_ROW_46_5_Left_552 of gf180mcu_fd_sc_mcu7t5v0__endcap in cell grouper_soc_chip_core
Note:  Implicit pin VPW in instance PHY_EDGE_ROW_46_5_Left_552 of gf180mcu_fd_sc_mcu7t5v0__endcap in cell grouper_soc_chip_core
Note:  Implicit pin VNW in instance PHY_EDGE_ROW_46_5_Right_139 of gf180mcu_fd_sc_mcu7t5v0__endcap in cell grouper_soc_chip_core
Note:  Implicit pin VPW in instance PHY_EDGE_ROW_46_5_Right_139 of gf180mcu_fd_sc_mcu7t5v0__endcap in cell grouper_soc_chip_core
Note:  Implicit pin VNW in instance PHY_EDGE_ROW_47_1_Left_321 of gf180mcu_fd_sc_mcu7t5v0__endcap in cell grouper_soc_chip_core
Note:  Implicit pin VPW in instance PHY_EDGE_ROW_47_1_Left_321 of gf180mcu_fd_sc_mcu7t5v0__endcap in cell grouper_soc_chip_core
Note:  Implicit pin VNW in instance PHY_EDGE_ROW_47_1_Right_690 of gf180mcu_fd_sc_mcu7t5v0__endcap in cell grouper_soc_chip_core
Note:  Implicit pin VPW in instance PHY_EDGE_ROW_47_1_Right_690 of gf180mcu_fd_sc_mcu7t5v0__endcap in cell grouper_soc_chip_core
Note:  Implicit pin VNW in instance PHY_EDGE_ROW_47_5_Left_553 of gf180mcu_fd_sc_mcu7t5v0__endcap in cell grouper_soc_chip_core
Note:  Implicit pin VPW in instance PHY_EDGE_ROW_47_5_Left_553 of gf180mcu_fd_sc_mcu7t5v0__endcap in cell grouper_soc_chip_core
Note:  Implicit pin VNW in instance PHY_EDGE_ROW_47_5_Right_140 of gf180mcu_fd_sc_mcu7t5v0__endcap in cell grouper_soc_chip_core
Note:  Implicit pin VPW in instance PHY_EDGE_ROW_47_5_Right_140 of gf180mcu_fd_sc_mcu7t5v0__endcap in cell grouper_soc_chip_core
Note:  Implicit pin VNW in instance PHY_EDGE_ROW_48_1_Left_322 of gf180mcu_fd_sc_mcu7t5v0__endcap in cell grouper_soc_chip_core
Note:  Implicit pin VPW in instance PHY_EDGE_ROW_48_1_Left_322 of gf180mcu_fd_sc_mcu7t5v0__endcap in cell grouper_soc_chip_core
Note:  Implicit pin VNW in instance PHY_EDGE_ROW_48_1_Right_691 of gf180mcu_fd_sc_mcu7t5v0__endcap in cell grouper_soc_chip_core
Note:  Implicit pin VPW in instance PHY_EDGE_ROW_48_1_Right_691 of gf180mcu_fd_sc_mcu7t5v0__endcap in cell grouper_soc_chip_core
Note:  Implicit pin VNW in instance PHY_EDGE_ROW_48_5_Left_554 of gf180mcu_fd_sc_mcu7t5v0__endcap in cell grouper_soc_chip_core
Note:  Implicit pin VPW in instance PHY_EDGE_ROW_48_5_Left_554 of gf180mcu_fd_sc_mcu7t5v0__endcap in cell grouper_soc_chip_core
Note:  Implicit pin VNW in instance PHY_EDGE_ROW_48_5_Right_141 of gf180mcu_fd_sc_mcu7t5v0__endcap in cell grouper_soc_chip_core
Note:  Implicit pin VPW in instance PHY_EDGE_ROW_48_5_Right_141 of gf180mcu_fd_sc_mcu7t5v0__endcap in cell grouper_soc_chip_core
Note:  Implicit pin VNW in instance PHY_EDGE_ROW_49_1_Left_323 of gf180mcu_fd_sc_mcu7t5v0__endcap in cell grouper_soc_chip_core
Note:  Implicit pin VPW in instance PHY_EDGE_ROW_49_1_Left_323 of gf180mcu_fd_sc_mcu7t5v0__endcap in cell grouper_soc_chip_core
Note:  Implicit pin VNW in instance PHY_EDGE_ROW_49_1_Right_692 of gf180mcu_fd_sc_mcu7t5v0__endcap in cell grouper_soc_chip_core
Note:  Implicit pin VPW in instance PHY_EDGE_ROW_49_1_Right_692 of gf180mcu_fd_sc_mcu7t5v0__endcap in cell grouper_soc_chip_core
Note:  Implicit pin VNW in instance PHY_EDGE_ROW_49_5_Left_555 of gf180mcu_fd_sc_mcu7t5v0__endcap in cell grouper_soc_chip_core
Note:  Implicit pin VPW in instance PHY_EDGE_ROW_49_5_Left_555 of gf180mcu_fd_sc_mcu7t5v0__endcap in cell grouper_soc_chip_core
Note:  Implicit pin VNW in instance PHY_EDGE_ROW_49_5_Right_142 of gf180mcu_fd_sc_mcu7t5v0__endcap in cell grouper_soc_chip_core
Note:  Implicit pin VPW in instance PHY_EDGE_ROW_49_5_Right_142 of gf180mcu_fd_sc_mcu7t5v0__endcap in cell grouper_soc_chip_core
Note:  Implicit pin VNW in instance PHY_EDGE_ROW_4_Left_279 of gf180mcu_fd_sc_mcu7t5v0__endcap in cell grouper_soc_chip_core
Note:  Implicit pin VPW in instance PHY_EDGE_ROW_4_Left_279 of gf180mcu_fd_sc_mcu7t5v0__endcap in cell grouper_soc_chip_core
Note:  Implicit pin VNW in instance PHY_EDGE_ROW_4_Right_4 of gf180mcu_fd_sc_mcu7t5v0__endcap in cell grouper_soc_chip_core
Note:  Implicit pin VPW in instance PHY_EDGE_ROW_4_Right_4 of gf180mcu_fd_sc_mcu7t5v0__endcap in cell grouper_soc_chip_core
Note:  Implicit pin VNW in instance PHY_EDGE_ROW_50_1_Left_324 of gf180mcu_fd_sc_mcu7t5v0__endcap in cell grouper_soc_chip_core
Note:  Implicit pin VPW in instance PHY_EDGE_ROW_50_1_Left_324 of gf180mcu_fd_sc_mcu7t5v0__endcap in cell grouper_soc_chip_core
Note:  Implicit pin VNW in instance PHY_EDGE_ROW_50_1_Right_693 of gf180mcu_fd_sc_mcu7t5v0__endcap in cell grouper_soc_chip_core
Note:  Implicit pin VPW in instance PHY_EDGE_ROW_50_1_Right_693 of gf180mcu_fd_sc_mcu7t5v0__endcap in cell grouper_soc_chip_core
Note:  Implicit pin VNW in instance PHY_EDGE_ROW_50_5_Left_556 of gf180mcu_fd_sc_mcu7t5v0__endcap in cell grouper_soc_chip_core
Note:  Implicit pin VPW in instance PHY_EDGE_ROW_50_5_Left_556 of gf180mcu_fd_sc_mcu7t5v0__endcap in cell grouper_soc_chip_core
Note:  Implicit pin VNW in instance PHY_EDGE_ROW_50_5_Right_143 of gf180mcu_fd_sc_mcu7t5v0__endcap in cell grouper_soc_chip_core
Note:  Implicit pin VPW in instance PHY_EDGE_ROW_50_5_Right_143 of gf180mcu_fd_sc_mcu7t5v0__endcap in cell grouper_soc_chip_core
Note:  Implicit pin VNW in instance PHY_EDGE_ROW_51_1_Left_325 of gf180mcu_fd_sc_mcu7t5v0__endcap in cell grouper_soc_chip_core
Note:  Implicit pin VPW in instance PHY_EDGE_ROW_51_1_Left_325 of gf180mcu_fd_sc_mcu7t5v0__endcap in cell grouper_soc_chip_core
Note:  Implicit pin VNW in instance PHY_EDGE_ROW_51_1_Right_694 of gf180mcu_fd_sc_mcu7t5v0__endcap in cell grouper_soc_chip_core
Note:  Implicit pin VPW in instance PHY_EDGE_ROW_51_1_Right_694 of gf180mcu_fd_sc_mcu7t5v0__endcap in cell grouper_soc_chip_core
Note:  Implicit pin VNW in instance PHY_EDGE_ROW_51_5_Left_557 of gf180mcu_fd_sc_mcu7t5v0__endcap in cell grouper_soc_chip_core
Note:  Implicit pin VPW in instance PHY_EDGE_ROW_51_5_Left_557 of gf180mcu_fd_sc_mcu7t5v0__endcap in cell grouper_soc_chip_core
Note:  Implicit pin VNW in instance PHY_EDGE_ROW_51_5_Right_144 of gf180mcu_fd_sc_mcu7t5v0__endcap in cell grouper_soc_chip_core
Note:  Implicit pin VPW in instance PHY_EDGE_ROW_51_5_Right_144 of gf180mcu_fd_sc_mcu7t5v0__endcap in cell grouper_soc_chip_core
Note:  Implicit pin VNW in instance PHY_EDGE_ROW_52_1_Left_326 of gf180mcu_fd_sc_mcu7t5v0__endcap in cell grouper_soc_chip_core
Note:  Implicit pin VPW in instance PHY_EDGE_ROW_52_1_Left_326 of gf180mcu_fd_sc_mcu7t5v0__endcap in cell grouper_soc_chip_core
Note:  Implicit pin VNW in instance PHY_EDGE_ROW_52_1_Right_695 of gf180mcu_fd_sc_mcu7t5v0__endcap in cell grouper_soc_chip_core
Note:  Implicit pin VPW in instance PHY_EDGE_ROW_52_1_Right_695 of gf180mcu_fd_sc_mcu7t5v0__endcap in cell grouper_soc_chip_core
Note:  Implicit pin VNW in instance PHY_EDGE_ROW_52_5_Left_558 of gf180mcu_fd_sc_mcu7t5v0__endcap in cell grouper_soc_chip_core
Note:  Implicit pin VPW in instance PHY_EDGE_ROW_52_5_Left_558 of gf180mcu_fd_sc_mcu7t5v0__endcap in cell grouper_soc_chip_core
Note:  Implicit pin VNW in instance PHY_EDGE_ROW_52_5_Right_145 of gf180mcu_fd_sc_mcu7t5v0__endcap in cell grouper_soc_chip_core
Note:  Implicit pin VPW in instance PHY_EDGE_ROW_52_5_Right_145 of gf180mcu_fd_sc_mcu7t5v0__endcap in cell grouper_soc_chip_core
Note:  Implicit pin VNW in instance PHY_EDGE_ROW_53_1_Left_327 of gf180mcu_fd_sc_mcu7t5v0__endcap in cell grouper_soc_chip_core
Note:  Implicit pin VPW in instance PHY_EDGE_ROW_53_1_Left_327 of gf180mcu_fd_sc_mcu7t5v0__endcap in cell grouper_soc_chip_core
Note:  Implicit pin VNW in instance PHY_EDGE_ROW_53_1_Right_696 of gf180mcu_fd_sc_mcu7t5v0__endcap in cell grouper_soc_chip_core
Note:  Implicit pin VPW in instance PHY_EDGE_ROW_53_1_Right_696 of gf180mcu_fd_sc_mcu7t5v0__endcap in cell grouper_soc_chip_core
Note:  Implicit pin VNW in instance PHY_EDGE_ROW_53_5_Left_559 of gf180mcu_fd_sc_mcu7t5v0__endcap in cell grouper_soc_chip_core
Note:  Implicit pin VPW in instance PHY_EDGE_ROW_53_5_Left_559 of gf180mcu_fd_sc_mcu7t5v0__endcap in cell grouper_soc_chip_core
Note:  Implicit pin VNW in instance PHY_EDGE_ROW_53_5_Right_146 of gf180mcu_fd_sc_mcu7t5v0__endcap in cell grouper_soc_chip_core
Note:  Implicit pin VPW in instance PHY_EDGE_ROW_53_5_Right_146 of gf180mcu_fd_sc_mcu7t5v0__endcap in cell grouper_soc_chip_core
Note:  Implicit pin VNW in instance PHY_EDGE_ROW_54_1_Left_328 of gf180mcu_fd_sc_mcu7t5v0__endcap in cell grouper_soc_chip_core
Note:  Implicit pin VPW in instance PHY_EDGE_ROW_54_1_Left_328 of gf180mcu_fd_sc_mcu7t5v0__endcap in cell grouper_soc_chip_core
Note:  Implicit pin VNW in instance PHY_EDGE_ROW_54_1_Right_697 of gf180mcu_fd_sc_mcu7t5v0__endcap in cell grouper_soc_chip_core
Note:  Implicit pin VPW in instance PHY_EDGE_ROW_54_1_Right_697 of gf180mcu_fd_sc_mcu7t5v0__endcap in cell grouper_soc_chip_core
Note:  Implicit pin VNW in instance PHY_EDGE_ROW_54_5_Left_560 of gf180mcu_fd_sc_mcu7t5v0__endcap in cell grouper_soc_chip_core
Note:  Implicit pin VPW in instance PHY_EDGE_ROW_54_5_Left_560 of gf180mcu_fd_sc_mcu7t5v0__endcap in cell grouper_soc_chip_core
Note:  Implicit pin VNW in instance PHY_EDGE_ROW_54_5_Right_147 of gf180mcu_fd_sc_mcu7t5v0__endcap in cell grouper_soc_chip_core
Note:  Implicit pin VPW in instance PHY_EDGE_ROW_54_5_Right_147 of gf180mcu_fd_sc_mcu7t5v0__endcap in cell grouper_soc_chip_core
Note:  Implicit pin VNW in instance PHY_EDGE_ROW_55_1_Left_329 of gf180mcu_fd_sc_mcu7t5v0__endcap in cell grouper_soc_chip_core
Note:  Implicit pin VPW in instance PHY_EDGE_ROW_55_1_Left_329 of gf180mcu_fd_sc_mcu7t5v0__endcap in cell grouper_soc_chip_core
Note:  Implicit pin VNW in instance PHY_EDGE_ROW_55_1_Right_698 of gf180mcu_fd_sc_mcu7t5v0__endcap in cell grouper_soc_chip_core
Note:  Implicit pin VPW in instance PHY_EDGE_ROW_55_1_Right_698 of gf180mcu_fd_sc_mcu7t5v0__endcap in cell grouper_soc_chip_core
Note:  Implicit pin VNW in instance PHY_EDGE_ROW_55_5_Left_561 of gf180mcu_fd_sc_mcu7t5v0__endcap in cell grouper_soc_chip_core
Note:  Implicit pin VPW in instance PHY_EDGE_ROW_55_5_Left_561 of gf180mcu_fd_sc_mcu7t5v0__endcap in cell grouper_soc_chip_core
Note:  Implicit pin VNW in instance PHY_EDGE_ROW_55_5_Right_148 of gf180mcu_fd_sc_mcu7t5v0__endcap in cell grouper_soc_chip_core
Note:  Implicit pin VPW in instance PHY_EDGE_ROW_55_5_Right_148 of gf180mcu_fd_sc_mcu7t5v0__endcap in cell grouper_soc_chip_core
Note:  Implicit pin VNW in instance PHY_EDGE_ROW_56_1_Left_330 of gf180mcu_fd_sc_mcu7t5v0__endcap in cell grouper_soc_chip_core
Note:  Implicit pin VPW in instance PHY_EDGE_ROW_56_1_Left_330 of gf180mcu_fd_sc_mcu7t5v0__endcap in cell grouper_soc_chip_core
Note:  Implicit pin VNW in instance PHY_EDGE_ROW_56_1_Right_699 of gf180mcu_fd_sc_mcu7t5v0__endcap in cell grouper_soc_chip_core
Note:  Implicit pin VPW in instance PHY_EDGE_ROW_56_1_Right_699 of gf180mcu_fd_sc_mcu7t5v0__endcap in cell grouper_soc_chip_core
Note:  Implicit pin VNW in instance PHY_EDGE_ROW_56_5_Left_562 of gf180mcu_fd_sc_mcu7t5v0__endcap in cell grouper_soc_chip_core
Note:  Implicit pin VPW in instance PHY_EDGE_ROW_56_5_Left_562 of gf180mcu_fd_sc_mcu7t5v0__endcap in cell grouper_soc_chip_core
Note:  Implicit pin VNW in instance PHY_EDGE_ROW_56_5_Right_149 of gf180mcu_fd_sc_mcu7t5v0__endcap in cell grouper_soc_chip_core
Note:  Implicit pin VPW in instance PHY_EDGE_ROW_56_5_Right_149 of gf180mcu_fd_sc_mcu7t5v0__endcap in cell grouper_soc_chip_core
Note:  Implicit pin VNW in instance PHY_EDGE_ROW_57_1_Left_331 of gf180mcu_fd_sc_mcu7t5v0__endcap in cell grouper_soc_chip_core
Note:  Implicit pin VPW in instance PHY_EDGE_ROW_57_1_Left_331 of gf180mcu_fd_sc_mcu7t5v0__endcap in cell grouper_soc_chip_core
Note:  Implicit pin VNW in instance PHY_EDGE_ROW_57_1_Right_700 of gf180mcu_fd_sc_mcu7t5v0__endcap in cell grouper_soc_chip_core
Note:  Implicit pin VPW in instance PHY_EDGE_ROW_57_1_Right_700 of gf180mcu_fd_sc_mcu7t5v0__endcap in cell grouper_soc_chip_core
Note:  Implicit pin VNW in instance PHY_EDGE_ROW_57_5_Left_563 of gf180mcu_fd_sc_mcu7t5v0__endcap in cell grouper_soc_chip_core
Note:  Implicit pin VPW in instance PHY_EDGE_ROW_57_5_Left_563 of gf180mcu_fd_sc_mcu7t5v0__endcap in cell grouper_soc_chip_core
Note:  Implicit pin VNW in instance PHY_EDGE_ROW_57_5_Right_150 of gf180mcu_fd_sc_mcu7t5v0__endcap in cell grouper_soc_chip_core
Note:  Implicit pin VPW in instance PHY_EDGE_ROW_57_5_Right_150 of gf180mcu_fd_sc_mcu7t5v0__endcap in cell grouper_soc_chip_core
Note:  Implicit pin VNW in instance PHY_EDGE_ROW_58_1_Left_332 of gf180mcu_fd_sc_mcu7t5v0__endcap in cell grouper_soc_chip_core
Note:  Implicit pin VPW in instance PHY_EDGE_ROW_58_1_Left_332 of gf180mcu_fd_sc_mcu7t5v0__endcap in cell grouper_soc_chip_core
Note:  Implicit pin VNW in instance PHY_EDGE_ROW_58_1_Right_701 of gf180mcu_fd_sc_mcu7t5v0__endcap in cell grouper_soc_chip_core
Note:  Implicit pin VPW in instance PHY_EDGE_ROW_58_1_Right_701 of gf180mcu_fd_sc_mcu7t5v0__endcap in cell grouper_soc_chip_core
Note:  Implicit pin VNW in instance PHY_EDGE_ROW_58_5_Left_564 of gf180mcu_fd_sc_mcu7t5v0__endcap in cell grouper_soc_chip_core
Note:  Implicit pin VPW in instance PHY_EDGE_ROW_58_5_Left_564 of gf180mcu_fd_sc_mcu7t5v0__endcap in cell grouper_soc_chip_core
Note:  Implicit pin VNW in instance PHY_EDGE_ROW_58_5_Right_151 of gf180mcu_fd_sc_mcu7t5v0__endcap in cell grouper_soc_chip_core
Note:  Implicit pin VPW in instance PHY_EDGE_ROW_58_5_Right_151 of gf180mcu_fd_sc_mcu7t5v0__endcap in cell grouper_soc_chip_core
Note:  Implicit pin VNW in instance PHY_EDGE_ROW_59_1_Left_333 of gf180mcu_fd_sc_mcu7t5v0__endcap in cell grouper_soc_chip_core
Note:  Implicit pin VPW in instance PHY_EDGE_ROW_59_1_Left_333 of gf180mcu_fd_sc_mcu7t5v0__endcap in cell grouper_soc_chip_core
Note:  Implicit pin VNW in instance PHY_EDGE_ROW_59_1_Right_702 of gf180mcu_fd_sc_mcu7t5v0__endcap in cell grouper_soc_chip_core
Note:  Implicit pin VPW in instance PHY_EDGE_ROW_59_1_Right_702 of gf180mcu_fd_sc_mcu7t5v0__endcap in cell grouper_soc_chip_core
Note:  Implicit pin VNW in instance PHY_EDGE_ROW_59_5_Left_565 of gf180mcu_fd_sc_mcu7t5v0__endcap in cell grouper_soc_chip_core
Note:  Implicit pin VPW in instance PHY_EDGE_ROW_59_5_Left_565 of gf180mcu_fd_sc_mcu7t5v0__endcap in cell grouper_soc_chip_core
Note:  Implicit pin VNW in instance PHY_EDGE_ROW_59_5_Right_152 of gf180mcu_fd_sc_mcu7t5v0__endcap in cell grouper_soc_chip_core
Note:  Implicit pin VPW in instance PHY_EDGE_ROW_59_5_Right_152 of gf180mcu_fd_sc_mcu7t5v0__endcap in cell grouper_soc_chip_core
Note:  Implicit pin VNW in instance PHY_EDGE_ROW_5_Left_280 of gf180mcu_fd_sc_mcu7t5v0__endcap in cell grouper_soc_chip_core
Note:  Implicit pin VPW in instance PHY_EDGE_ROW_5_Left_280 of gf180mcu_fd_sc_mcu7t5v0__endcap in cell grouper_soc_chip_core
Note:  Implicit pin VNW in instance PHY_EDGE_ROW_5_Right_5 of gf180mcu_fd_sc_mcu7t5v0__endcap in cell grouper_soc_chip_core
Note:  Implicit pin VPW in instance PHY_EDGE_ROW_5_Right_5 of gf180mcu_fd_sc_mcu7t5v0__endcap in cell grouper_soc_chip_core
Note:  Implicit pin VNW in instance PHY_EDGE_ROW_60_1_Left_334 of gf180mcu_fd_sc_mcu7t5v0__endcap in cell grouper_soc_chip_core
Note:  Implicit pin VPW in instance PHY_EDGE_ROW_60_1_Left_334 of gf180mcu_fd_sc_mcu7t5v0__endcap in cell grouper_soc_chip_core
Note:  Implicit pin VNW in instance PHY_EDGE_ROW_60_1_Right_703 of gf180mcu_fd_sc_mcu7t5v0__endcap in cell grouper_soc_chip_core
Note:  Implicit pin VPW in instance PHY_EDGE_ROW_60_1_Right_703 of gf180mcu_fd_sc_mcu7t5v0__endcap in cell grouper_soc_chip_core
Note:  Implicit pin VNW in instance PHY_EDGE_ROW_60_5_Left_566 of gf180mcu_fd_sc_mcu7t5v0__endcap in cell grouper_soc_chip_core
Note:  Implicit pin VPW in instance PHY_EDGE_ROW_60_5_Left_566 of gf180mcu_fd_sc_mcu7t5v0__endcap in cell grouper_soc_chip_core
Note:  Implicit pin VNW in instance PHY_EDGE_ROW_60_5_Right_153 of gf180mcu_fd_sc_mcu7t5v0__endcap in cell grouper_soc_chip_core
Note:  Implicit pin VPW in instance PHY_EDGE_ROW_60_5_Right_153 of gf180mcu_fd_sc_mcu7t5v0__endcap in cell grouper_soc_chip_core
Note:  Implicit pin VNW in instance PHY_EDGE_ROW_61_1_Left_335 of gf180mcu_fd_sc_mcu7t5v0__endcap in cell grouper_soc_chip_core
Note:  Implicit pin VPW in instance PHY_EDGE_ROW_61_1_Left_335 of gf180mcu_fd_sc_mcu7t5v0__endcap in cell grouper_soc_chip_core
Note:  Implicit pin VNW in instance PHY_EDGE_ROW_61_1_Right_704 of gf180mcu_fd_sc_mcu7t5v0__endcap in cell grouper_soc_chip_core
Note:  Implicit pin VPW in instance PHY_EDGE_ROW_61_1_Right_704 of gf180mcu_fd_sc_mcu7t5v0__endcap in cell grouper_soc_chip_core
Note:  Implicit pin VNW in instance PHY_EDGE_ROW_61_5_Left_567 of gf180mcu_fd_sc_mcu7t5v0__endcap in cell grouper_soc_chip_core
Note:  Implicit pin VPW in instance PHY_EDGE_ROW_61_5_Left_567 of gf180mcu_fd_sc_mcu7t5v0__endcap in cell grouper_soc_chip_core
Note:  Implicit pin VNW in instance PHY_EDGE_ROW_61_5_Right_154 of gf180mcu_fd_sc_mcu7t5v0__endcap in cell grouper_soc_chip_core
Note:  Implicit pin VPW in instance PHY_EDGE_ROW_61_5_Right_154 of gf180mcu_fd_sc_mcu7t5v0__endcap in cell grouper_soc_chip_core
Note:  Implicit pin VNW in instance PHY_EDGE_ROW_62_1_Left_336 of gf180mcu_fd_sc_mcu7t5v0__endcap in cell grouper_soc_chip_core
Note:  Implicit pin VPW in instance PHY_EDGE_ROW_62_1_Left_336 of gf180mcu_fd_sc_mcu7t5v0__endcap in cell grouper_soc_chip_core
Note:  Implicit pin VNW in instance PHY_EDGE_ROW_62_1_Right_705 of gf180mcu_fd_sc_mcu7t5v0__endcap in cell grouper_soc_chip_core
Note:  Implicit pin VPW in instance PHY_EDGE_ROW_62_1_Right_705 of gf180mcu_fd_sc_mcu7t5v0__endcap in cell grouper_soc_chip_core
Note:  Implicit pin VNW in instance PHY_EDGE_ROW_62_5_Left_568 of gf180mcu_fd_sc_mcu7t5v0__endcap in cell grouper_soc_chip_core
Note:  Implicit pin VPW in instance PHY_EDGE_ROW_62_5_Left_568 of gf180mcu_fd_sc_mcu7t5v0__endcap in cell grouper_soc_chip_core
Note:  Implicit pin VNW in instance PHY_EDGE_ROW_62_5_Right_155 of gf180mcu_fd_sc_mcu7t5v0__endcap in cell grouper_soc_chip_core
Note:  Implicit pin VPW in instance PHY_EDGE_ROW_62_5_Right_155 of gf180mcu_fd_sc_mcu7t5v0__endcap in cell grouper_soc_chip_core
Note:  Implicit pin VNW in instance PHY_EDGE_ROW_63_1_Left_337 of gf180mcu_fd_sc_mcu7t5v0__endcap in cell grouper_soc_chip_core
Note:  Implicit pin VPW in instance PHY_EDGE_ROW_63_1_Left_337 of gf180mcu_fd_sc_mcu7t5v0__endcap in cell grouper_soc_chip_core
Note:  Implicit pin VNW in instance PHY_EDGE_ROW_63_1_Right_706 of gf180mcu_fd_sc_mcu7t5v0__endcap in cell grouper_soc_chip_core
Note:  Implicit pin VPW in instance PHY_EDGE_ROW_63_1_Right_706 of gf180mcu_fd_sc_mcu7t5v0__endcap in cell grouper_soc_chip_core
Note:  Implicit pin VNW in instance PHY_EDGE_ROW_63_5_Left_569 of gf180mcu_fd_sc_mcu7t5v0__endcap in cell grouper_soc_chip_core
Note:  Implicit pin VPW in instance PHY_EDGE_ROW_63_5_Left_569 of gf180mcu_fd_sc_mcu7t5v0__endcap in cell grouper_soc_chip_core
Note:  Implicit pin VNW in instance PHY_EDGE_ROW_63_5_Right_156 of gf180mcu_fd_sc_mcu7t5v0__endcap in cell grouper_soc_chip_core
Note:  Implicit pin VPW in instance PHY_EDGE_ROW_63_5_Right_156 of gf180mcu_fd_sc_mcu7t5v0__endcap in cell grouper_soc_chip_core
Note:  Implicit pin VNW in instance PHY_EDGE_ROW_64_1_Left_338 of gf180mcu_fd_sc_mcu7t5v0__endcap in cell grouper_soc_chip_core
Note:  Implicit pin VPW in instance PHY_EDGE_ROW_64_1_Left_338 of gf180mcu_fd_sc_mcu7t5v0__endcap in cell grouper_soc_chip_core
Note:  Implicit pin VNW in instance PHY_EDGE_ROW_64_1_Right_707 of gf180mcu_fd_sc_mcu7t5v0__endcap in cell grouper_soc_chip_core
Note:  Implicit pin VPW in instance PHY_EDGE_ROW_64_1_Right_707 of gf180mcu_fd_sc_mcu7t5v0__endcap in cell grouper_soc_chip_core
Note:  Implicit pin VNW in instance PHY_EDGE_ROW_64_5_Left_570 of gf180mcu_fd_sc_mcu7t5v0__endcap in cell grouper_soc_chip_core
Note:  Implicit pin VPW in instance PHY_EDGE_ROW_64_5_Left_570 of gf180mcu_fd_sc_mcu7t5v0__endcap in cell grouper_soc_chip_core
Note:  Implicit pin VNW in instance PHY_EDGE_ROW_64_5_Right_157 of gf180mcu_fd_sc_mcu7t5v0__endcap in cell grouper_soc_chip_core
Note:  Implicit pin VPW in instance PHY_EDGE_ROW_64_5_Right_157 of gf180mcu_fd_sc_mcu7t5v0__endcap in cell grouper_soc_chip_core
Note:  Implicit pin VNW in instance PHY_EDGE_ROW_65_1_Left_339 of gf180mcu_fd_sc_mcu7t5v0__endcap in cell grouper_soc_chip_core
Note:  Implicit pin VPW in instance PHY_EDGE_ROW_65_1_Left_339 of gf180mcu_fd_sc_mcu7t5v0__endcap in cell grouper_soc_chip_core
Note:  Implicit pin VNW in instance PHY_EDGE_ROW_65_1_Right_708 of gf180mcu_fd_sc_mcu7t5v0__endcap in cell grouper_soc_chip_core
Note:  Implicit pin VPW in instance PHY_EDGE_ROW_65_1_Right_708 of gf180mcu_fd_sc_mcu7t5v0__endcap in cell grouper_soc_chip_core
Note:  Implicit pin VNW in instance PHY_EDGE_ROW_65_5_Left_571 of gf180mcu_fd_sc_mcu7t5v0__endcap in cell grouper_soc_chip_core
Note:  Implicit pin VPW in instance PHY_EDGE_ROW_65_5_Left_571 of gf180mcu_fd_sc_mcu7t5v0__endcap in cell grouper_soc_chip_core
Note:  Implicit pin VNW in instance PHY_EDGE_ROW_65_5_Right_158 of gf180mcu_fd_sc_mcu7t5v0__endcap in cell grouper_soc_chip_core
Note:  Implicit pin VPW in instance PHY_EDGE_ROW_65_5_Right_158 of gf180mcu_fd_sc_mcu7t5v0__endcap in cell grouper_soc_chip_core
Note:  Implicit pin VNW in instance PHY_EDGE_ROW_66_1_Left_340 of gf180mcu_fd_sc_mcu7t5v0__endcap in cell grouper_soc_chip_core
Note:  Implicit pin VPW in instance PHY_EDGE_ROW_66_1_Left_340 of gf180mcu_fd_sc_mcu7t5v0__endcap in cell grouper_soc_chip_core
Note:  Implicit pin VNW in instance PHY_EDGE_ROW_66_1_Right_709 of gf180mcu_fd_sc_mcu7t5v0__endcap in cell grouper_soc_chip_core
Note:  Implicit pin VPW in instance PHY_EDGE_ROW_66_1_Right_709 of gf180mcu_fd_sc_mcu7t5v0__endcap in cell grouper_soc_chip_core
Note:  Implicit pin VNW in instance PHY_EDGE_ROW_66_5_Left_572 of gf180mcu_fd_sc_mcu7t5v0__endcap in cell grouper_soc_chip_core
Note:  Implicit pin VPW in instance PHY_EDGE_ROW_66_5_Left_572 of gf180mcu_fd_sc_mcu7t5v0__endcap in cell grouper_soc_chip_core
Note:  Implicit pin VNW in instance PHY_EDGE_ROW_66_5_Right_159 of gf180mcu_fd_sc_mcu7t5v0__endcap in cell grouper_soc_chip_core
Note:  Implicit pin VPW in instance PHY_EDGE_ROW_66_5_Right_159 of gf180mcu_fd_sc_mcu7t5v0__endcap in cell grouper_soc_chip_core
Note:  Implicit pin VNW in instance PHY_EDGE_ROW_67_1_Left_341 of gf180mcu_fd_sc_mcu7t5v0__endcap in cell grouper_soc_chip_core
Note:  Implicit pin VPW in instance PHY_EDGE_ROW_67_1_Left_341 of gf180mcu_fd_sc_mcu7t5v0__endcap in cell grouper_soc_chip_core
Note:  Implicit pin VNW in instance PHY_EDGE_ROW_67_1_Right_710 of gf180mcu_fd_sc_mcu7t5v0__endcap in cell grouper_soc_chip_core
Note:  Implicit pin VPW in instance PHY_EDGE_ROW_67_1_Right_710 of gf180mcu_fd_sc_mcu7t5v0__endcap in cell grouper_soc_chip_core
Note:  Implicit pin VNW in instance PHY_EDGE_ROW_67_5_Left_573 of gf180mcu_fd_sc_mcu7t5v0__endcap in cell grouper_soc_chip_core
Note:  Implicit pin VPW in instance PHY_EDGE_ROW_67_5_Left_573 of gf180mcu_fd_sc_mcu7t5v0__endcap in cell grouper_soc_chip_core
Note:  Implicit pin VNW in instance PHY_EDGE_ROW_67_5_Right_160 of gf180mcu_fd_sc_mcu7t5v0__endcap in cell grouper_soc_chip_core
Note:  Implicit pin VPW in instance PHY_EDGE_ROW_67_5_Right_160 of gf180mcu_fd_sc_mcu7t5v0__endcap in cell grouper_soc_chip_core
Note:  Implicit pin VNW in instance PHY_EDGE_ROW_68_1_Left_342 of gf180mcu_fd_sc_mcu7t5v0__endcap in cell grouper_soc_chip_core
Note:  Implicit pin VPW in instance PHY_EDGE_ROW_68_1_Left_342 of gf180mcu_fd_sc_mcu7t5v0__endcap in cell grouper_soc_chip_core
Note:  Implicit pin VNW in instance PHY_EDGE_ROW_68_1_Right_711 of gf180mcu_fd_sc_mcu7t5v0__endcap in cell grouper_soc_chip_core
Note:  Implicit pin VPW in instance PHY_EDGE_ROW_68_1_Right_711 of gf180mcu_fd_sc_mcu7t5v0__endcap in cell grouper_soc_chip_core
Note:  Implicit pin VNW in instance PHY_EDGE_ROW_68_5_Left_574 of gf180mcu_fd_sc_mcu7t5v0__endcap in cell grouper_soc_chip_core
Note:  Implicit pin VPW in instance PHY_EDGE_ROW_68_5_Left_574 of gf180mcu_fd_sc_mcu7t5v0__endcap in cell grouper_soc_chip_core
Note:  Implicit pin VNW in instance PHY_EDGE_ROW_68_5_Right_161 of gf180mcu_fd_sc_mcu7t5v0__endcap in cell grouper_soc_chip_core
Note:  Implicit pin VPW in instance PHY_EDGE_ROW_68_5_Right_161 of gf180mcu_fd_sc_mcu7t5v0__endcap in cell grouper_soc_chip_core
Note:  Implicit pin VNW in instance PHY_EDGE_ROW_69_1_Left_343 of gf180mcu_fd_sc_mcu7t5v0__endcap in cell grouper_soc_chip_core
Note:  Implicit pin VPW in instance PHY_EDGE_ROW_69_1_Left_343 of gf180mcu_fd_sc_mcu7t5v0__endcap in cell grouper_soc_chip_core
Note:  Implicit pin VNW in instance PHY_EDGE_ROW_69_1_Right_712 of gf180mcu_fd_sc_mcu7t5v0__endcap in cell grouper_soc_chip_core
Note:  Implicit pin VPW in instance PHY_EDGE_ROW_69_1_Right_712 of gf180mcu_fd_sc_mcu7t5v0__endcap in cell grouper_soc_chip_core
Note:  Implicit pin VNW in instance PHY_EDGE_ROW_69_5_Left_575 of gf180mcu_fd_sc_mcu7t5v0__endcap in cell grouper_soc_chip_core
Note:  Implicit pin VPW in instance PHY_EDGE_ROW_69_5_Left_575 of gf180mcu_fd_sc_mcu7t5v0__endcap in cell grouper_soc_chip_core
Note:  Implicit pin VNW in instance PHY_EDGE_ROW_69_5_Right_162 of gf180mcu_fd_sc_mcu7t5v0__endcap in cell grouper_soc_chip_core
Note:  Implicit pin VPW in instance PHY_EDGE_ROW_69_5_Right_162 of gf180mcu_fd_sc_mcu7t5v0__endcap in cell grouper_soc_chip_core
Note:  Implicit pin VNW in instance PHY_EDGE_ROW_6_Left_281 of gf180mcu_fd_sc_mcu7t5v0__endcap in cell grouper_soc_chip_core
Note:  Implicit pin VPW in instance PHY_EDGE_ROW_6_Left_281 of gf180mcu_fd_sc_mcu7t5v0__endcap in cell grouper_soc_chip_core
Note:  Implicit pin VNW in instance PHY_EDGE_ROW_6_Right_6 of gf180mcu_fd_sc_mcu7t5v0__endcap in cell grouper_soc_chip_core
Note:  Implicit pin VPW in instance PHY_EDGE_ROW_6_Right_6 of gf180mcu_fd_sc_mcu7t5v0__endcap in cell grouper_soc_chip_core
Note:  Implicit pin VNW in instance PHY_EDGE_ROW_70_1_Left_344 of gf180mcu_fd_sc_mcu7t5v0__endcap in cell grouper_soc_chip_core
Note:  Implicit pin VPW in instance PHY_EDGE_ROW_70_1_Left_344 of gf180mcu_fd_sc_mcu7t5v0__endcap in cell grouper_soc_chip_core
Note:  Implicit pin VNW in instance PHY_EDGE_ROW_70_1_Right_713 of gf180mcu_fd_sc_mcu7t5v0__endcap in cell grouper_soc_chip_core
Note:  Implicit pin VPW in instance PHY_EDGE_ROW_70_1_Right_713 of gf180mcu_fd_sc_mcu7t5v0__endcap in cell grouper_soc_chip_core
Note:  Implicit pin VNW in instance PHY_EDGE_ROW_70_5_Left_576 of gf180mcu_fd_sc_mcu7t5v0__endcap in cell grouper_soc_chip_core
Note:  Implicit pin VPW in instance PHY_EDGE_ROW_70_5_Left_576 of gf180mcu_fd_sc_mcu7t5v0__endcap in cell grouper_soc_chip_core
Note:  Implicit pin VNW in instance PHY_EDGE_ROW_70_5_Right_163 of gf180mcu_fd_sc_mcu7t5v0__endcap in cell grouper_soc_chip_core
Note:  Implicit pin VPW in instance PHY_EDGE_ROW_70_5_Right_163 of gf180mcu_fd_sc_mcu7t5v0__endcap in cell grouper_soc_chip_core
Note:  Implicit pin VNW in instance PHY_EDGE_ROW_71_1_Left_345 of gf180mcu_fd_sc_mcu7t5v0__endcap in cell grouper_soc_chip_core
Note:  Implicit pin VPW in instance PHY_EDGE_ROW_71_1_Left_345 of gf180mcu_fd_sc_mcu7t5v0__endcap in cell grouper_soc_chip_core
Note:  Implicit pin VNW in instance PHY_EDGE_ROW_71_1_Right_714 of gf180mcu_fd_sc_mcu7t5v0__endcap in cell grouper_soc_chip_core
Note:  Implicit pin VPW in instance PHY_EDGE_ROW_71_1_Right_714 of gf180mcu_fd_sc_mcu7t5v0__endcap in cell grouper_soc_chip_core
Note:  Implicit pin VNW in instance PHY_EDGE_ROW_71_5_Left_577 of gf180mcu_fd_sc_mcu7t5v0__endcap in cell grouper_soc_chip_core
Note:  Implicit pin VPW in instance PHY_EDGE_ROW_71_5_Left_577 of gf180mcu_fd_sc_mcu7t5v0__endcap in cell grouper_soc_chip_core
Note:  Implicit pin VNW in instance PHY_EDGE_ROW_71_5_Right_164 of gf180mcu_fd_sc_mcu7t5v0__endcap in cell grouper_soc_chip_core
Note:  Implicit pin VPW in instance PHY_EDGE_ROW_71_5_Right_164 of gf180mcu_fd_sc_mcu7t5v0__endcap in cell grouper_soc_chip_core
Note:  Implicit pin VNW in instance PHY_EDGE_ROW_72_1_Left_346 of gf180mcu_fd_sc_mcu7t5v0__endcap in cell grouper_soc_chip_core
Note:  Implicit pin VPW in instance PHY_EDGE_ROW_72_1_Left_346 of gf180mcu_fd_sc_mcu7t5v0__endcap in cell grouper_soc_chip_core
Note:  Implicit pin VNW in instance PHY_EDGE_ROW_72_1_Right_715 of gf180mcu_fd_sc_mcu7t5v0__endcap in cell grouper_soc_chip_core
Note:  Implicit pin VPW in instance PHY_EDGE_ROW_72_1_Right_715 of gf180mcu_fd_sc_mcu7t5v0__endcap in cell grouper_soc_chip_core
Note:  Implicit pin VNW in instance PHY_EDGE_ROW_72_5_Left_578 of gf180mcu_fd_sc_mcu7t5v0__endcap in cell grouper_soc_chip_core
Note:  Implicit pin VPW in instance PHY_EDGE_ROW_72_5_Left_578 of gf180mcu_fd_sc_mcu7t5v0__endcap in cell grouper_soc_chip_core
Note:  Implicit pin VNW in instance PHY_EDGE_ROW_72_5_Right_165 of gf180mcu_fd_sc_mcu7t5v0__endcap in cell grouper_soc_chip_core
Note:  Implicit pin VPW in instance PHY_EDGE_ROW_72_5_Right_165 of gf180mcu_fd_sc_mcu7t5v0__endcap in cell grouper_soc_chip_core
Note:  Implicit pin VNW in instance PHY_EDGE_ROW_73_1_Left_347 of gf180mcu_fd_sc_mcu7t5v0__endcap in cell grouper_soc_chip_core
Note:  Implicit pin VPW in instance PHY_EDGE_ROW_73_1_Left_347 of gf180mcu_fd_sc_mcu7t5v0__endcap in cell grouper_soc_chip_core
Note:  Implicit pin VNW in instance PHY_EDGE_ROW_73_1_Right_716 of gf180mcu_fd_sc_mcu7t5v0__endcap in cell grouper_soc_chip_core
Note:  Implicit pin VPW in instance PHY_EDGE_ROW_73_1_Right_716 of gf180mcu_fd_sc_mcu7t5v0__endcap in cell grouper_soc_chip_core
Note:  Implicit pin VNW in instance PHY_EDGE_ROW_73_5_Left_579 of gf180mcu_fd_sc_mcu7t5v0__endcap in cell grouper_soc_chip_core
Note:  Implicit pin VPW in instance PHY_EDGE_ROW_73_5_Left_579 of gf180mcu_fd_sc_mcu7t5v0__endcap in cell grouper_soc_chip_core
Note:  Implicit pin VNW in instance PHY_EDGE_ROW_73_5_Right_166 of gf180mcu_fd_sc_mcu7t5v0__endcap in cell grouper_soc_chip_core
Note:  Implicit pin VPW in instance PHY_EDGE_ROW_73_5_Right_166 of gf180mcu_fd_sc_mcu7t5v0__endcap in cell grouper_soc_chip_core
Note:  Implicit pin VNW in instance PHY_EDGE_ROW_74_1_Left_348 of gf180mcu_fd_sc_mcu7t5v0__endcap in cell grouper_soc_chip_core
Note:  Implicit pin VPW in instance PHY_EDGE_ROW_74_1_Left_348 of gf180mcu_fd_sc_mcu7t5v0__endcap in cell grouper_soc_chip_core
Note:  Implicit pin VNW in instance PHY_EDGE_ROW_74_1_Right_717 of gf180mcu_fd_sc_mcu7t5v0__endcap in cell grouper_soc_chip_core
Note:  Implicit pin VPW in instance PHY_EDGE_ROW_74_1_Right_717 of gf180mcu_fd_sc_mcu7t5v0__endcap in cell grouper_soc_chip_core
Note:  Implicit pin VNW in instance PHY_EDGE_ROW_74_5_Left_580 of gf180mcu_fd_sc_mcu7t5v0__endcap in cell grouper_soc_chip_core
Note:  Implicit pin VPW in instance PHY_EDGE_ROW_74_5_Left_580 of gf180mcu_fd_sc_mcu7t5v0__endcap in cell grouper_soc_chip_core
Note:  Implicit pin VNW in instance PHY_EDGE_ROW_74_5_Right_167 of gf180mcu_fd_sc_mcu7t5v0__endcap in cell grouper_soc_chip_core
Note:  Implicit pin VPW in instance PHY_EDGE_ROW_74_5_Right_167 of gf180mcu_fd_sc_mcu7t5v0__endcap in cell grouper_soc_chip_core
Note:  Implicit pin VNW in instance PHY_EDGE_ROW_75_1_Left_349 of gf180mcu_fd_sc_mcu7t5v0__endcap in cell grouper_soc_chip_core
Note:  Implicit pin VPW in instance PHY_EDGE_ROW_75_1_Left_349 of gf180mcu_fd_sc_mcu7t5v0__endcap in cell grouper_soc_chip_core
Note:  Implicit pin VNW in instance PHY_EDGE_ROW_75_1_Right_718 of gf180mcu_fd_sc_mcu7t5v0__endcap in cell grouper_soc_chip_core
Note:  Implicit pin VPW in instance PHY_EDGE_ROW_75_1_Right_718 of gf180mcu_fd_sc_mcu7t5v0__endcap in cell grouper_soc_chip_core
Note:  Implicit pin VNW in instance PHY_EDGE_ROW_75_5_Left_581 of gf180mcu_fd_sc_mcu7t5v0__endcap in cell grouper_soc_chip_core
Note:  Implicit pin VPW in instance PHY_EDGE_ROW_75_5_Left_581 of gf180mcu_fd_sc_mcu7t5v0__endcap in cell grouper_soc_chip_core
Note:  Implicit pin VNW in instance PHY_EDGE_ROW_75_5_Right_168 of gf180mcu_fd_sc_mcu7t5v0__endcap in cell grouper_soc_chip_core
Note:  Implicit pin VPW in instance PHY_EDGE_ROW_75_5_Right_168 of gf180mcu_fd_sc_mcu7t5v0__endcap in cell grouper_soc_chip_core
Note:  Implicit pin VNW in instance PHY_EDGE_ROW_76_1_Left_350 of gf180mcu_fd_sc_mcu7t5v0__endcap in cell grouper_soc_chip_core
Note:  Implicit pin VPW in instance PHY_EDGE_ROW_76_1_Left_350 of gf180mcu_fd_sc_mcu7t5v0__endcap in cell grouper_soc_chip_core
Note:  Implicit pin VNW in instance PHY_EDGE_ROW_76_1_Right_719 of gf180mcu_fd_sc_mcu7t5v0__endcap in cell grouper_soc_chip_core
Note:  Implicit pin VPW in instance PHY_EDGE_ROW_76_1_Right_719 of gf180mcu_fd_sc_mcu7t5v0__endcap in cell grouper_soc_chip_core
Note:  Implicit pin VNW in instance PHY_EDGE_ROW_76_5_Left_582 of gf180mcu_fd_sc_mcu7t5v0__endcap in cell grouper_soc_chip_core
Note:  Implicit pin VPW in instance PHY_EDGE_ROW_76_5_Left_582 of gf180mcu_fd_sc_mcu7t5v0__endcap in cell grouper_soc_chip_core
Note:  Implicit pin VNW in instance PHY_EDGE_ROW_76_5_Right_169 of gf180mcu_fd_sc_mcu7t5v0__endcap in cell grouper_soc_chip_core
Note:  Implicit pin VPW in instance PHY_EDGE_ROW_76_5_Right_169 of gf180mcu_fd_sc_mcu7t5v0__endcap in cell grouper_soc_chip_core
Note:  Implicit pin VNW in instance PHY_EDGE_ROW_77_1_Left_351 of gf180mcu_fd_sc_mcu7t5v0__endcap in cell grouper_soc_chip_core
Note:  Implicit pin VPW in instance PHY_EDGE_ROW_77_1_Left_351 of gf180mcu_fd_sc_mcu7t5v0__endcap in cell grouper_soc_chip_core
Note:  Implicit pin VNW in instance PHY_EDGE_ROW_77_1_Right_720 of gf180mcu_fd_sc_mcu7t5v0__endcap in cell grouper_soc_chip_core
Note:  Implicit pin VPW in instance PHY_EDGE_ROW_77_1_Right_720 of gf180mcu_fd_sc_mcu7t5v0__endcap in cell grouper_soc_chip_core
Note:  Implicit pin VNW in instance PHY_EDGE_ROW_77_5_Left_583 of gf180mcu_fd_sc_mcu7t5v0__endcap in cell grouper_soc_chip_core
Note:  Implicit pin VPW in instance PHY_EDGE_ROW_77_5_Left_583 of gf180mcu_fd_sc_mcu7t5v0__endcap in cell grouper_soc_chip_core
Note:  Implicit pin VNW in instance PHY_EDGE_ROW_77_5_Right_170 of gf180mcu_fd_sc_mcu7t5v0__endcap in cell grouper_soc_chip_core
Note:  Implicit pin VPW in instance PHY_EDGE_ROW_77_5_Right_170 of gf180mcu_fd_sc_mcu7t5v0__endcap in cell grouper_soc_chip_core
Note:  Implicit pin VNW in instance PHY_EDGE_ROW_78_1_Left_352 of gf180mcu_fd_sc_mcu7t5v0__endcap in cell grouper_soc_chip_core
Note:  Implicit pin VPW in instance PHY_EDGE_ROW_78_1_Left_352 of gf180mcu_fd_sc_mcu7t5v0__endcap in cell grouper_soc_chip_core
Note:  Implicit pin VNW in instance PHY_EDGE_ROW_78_1_Right_721 of gf180mcu_fd_sc_mcu7t5v0__endcap in cell grouper_soc_chip_core
Note:  Implicit pin VPW in instance PHY_EDGE_ROW_78_1_Right_721 of gf180mcu_fd_sc_mcu7t5v0__endcap in cell grouper_soc_chip_core
Note:  Implicit pin VNW in instance PHY_EDGE_ROW_78_5_Left_584 of gf180mcu_fd_sc_mcu7t5v0__endcap in cell grouper_soc_chip_core
Note:  Implicit pin VPW in instance PHY_EDGE_ROW_78_5_Left_584 of gf180mcu_fd_sc_mcu7t5v0__endcap in cell grouper_soc_chip_core
Note:  Implicit pin VNW in instance PHY_EDGE_ROW_78_5_Right_171 of gf180mcu_fd_sc_mcu7t5v0__endcap in cell grouper_soc_chip_core
Note:  Implicit pin VPW in instance PHY_EDGE_ROW_78_5_Right_171 of gf180mcu_fd_sc_mcu7t5v0__endcap in cell grouper_soc_chip_core
Note:  Implicit pin VNW in instance PHY_EDGE_ROW_79_1_Left_353 of gf180mcu_fd_sc_mcu7t5v0__endcap in cell grouper_soc_chip_core
Note:  Implicit pin VPW in instance PHY_EDGE_ROW_79_1_Left_353 of gf180mcu_fd_sc_mcu7t5v0__endcap in cell grouper_soc_chip_core
Note:  Implicit pin VNW in instance PHY_EDGE_ROW_79_1_Right_722 of gf180mcu_fd_sc_mcu7t5v0__endcap in cell grouper_soc_chip_core
Note:  Implicit pin VPW in instance PHY_EDGE_ROW_79_1_Right_722 of gf180mcu_fd_sc_mcu7t5v0__endcap in cell grouper_soc_chip_core
Note:  Implicit pin VNW in instance PHY_EDGE_ROW_79_5_Left_585 of gf180mcu_fd_sc_mcu7t5v0__endcap in cell grouper_soc_chip_core
Note:  Implicit pin VPW in instance PHY_EDGE_ROW_79_5_Left_585 of gf180mcu_fd_sc_mcu7t5v0__endcap in cell grouper_soc_chip_core
Note:  Implicit pin VNW in instance PHY_EDGE_ROW_79_5_Right_172 of gf180mcu_fd_sc_mcu7t5v0__endcap in cell grouper_soc_chip_core
Note:  Implicit pin VPW in instance PHY_EDGE_ROW_79_5_Right_172 of gf180mcu_fd_sc_mcu7t5v0__endcap in cell grouper_soc_chip_core
Note:  Implicit pin VNW in instance PHY_EDGE_ROW_7_Left_282 of gf180mcu_fd_sc_mcu7t5v0__endcap in cell grouper_soc_chip_core
Note:  Implicit pin VPW in instance PHY_EDGE_ROW_7_Left_282 of gf180mcu_fd_sc_mcu7t5v0__endcap in cell grouper_soc_chip_core
Note:  Implicit pin VNW in instance PHY_EDGE_ROW_7_Right_7 of gf180mcu_fd_sc_mcu7t5v0__endcap in cell grouper_soc_chip_core
Note:  Implicit pin VPW in instance PHY_EDGE_ROW_7_Right_7 of gf180mcu_fd_sc_mcu7t5v0__endcap in cell grouper_soc_chip_core
Note:  Implicit pin VNW in instance PHY_EDGE_ROW_80_1_Left_354 of gf180mcu_fd_sc_mcu7t5v0__endcap in cell grouper_soc_chip_core
Note:  Implicit pin VPW in instance PHY_EDGE_ROW_80_1_Left_354 of gf180mcu_fd_sc_mcu7t5v0__endcap in cell grouper_soc_chip_core
Note:  Implicit pin VNW in instance PHY_EDGE_ROW_80_1_Right_723 of gf180mcu_fd_sc_mcu7t5v0__endcap in cell grouper_soc_chip_core
Note:  Implicit pin VPW in instance PHY_EDGE_ROW_80_1_Right_723 of gf180mcu_fd_sc_mcu7t5v0__endcap in cell grouper_soc_chip_core
Note:  Implicit pin VNW in instance PHY_EDGE_ROW_80_5_Left_586 of gf180mcu_fd_sc_mcu7t5v0__endcap in cell grouper_soc_chip_core
Note:  Implicit pin VPW in instance PHY_EDGE_ROW_80_5_Left_586 of gf180mcu_fd_sc_mcu7t5v0__endcap in cell grouper_soc_chip_core
Note:  Implicit pin VNW in instance PHY_EDGE_ROW_80_5_Right_173 of gf180mcu_fd_sc_mcu7t5v0__endcap in cell grouper_soc_chip_core
Note:  Implicit pin VPW in instance PHY_EDGE_ROW_80_5_Right_173 of gf180mcu_fd_sc_mcu7t5v0__endcap in cell grouper_soc_chip_core
Note:  Implicit pin VNW in instance PHY_EDGE_ROW_81_1_Left_355 of gf180mcu_fd_sc_mcu7t5v0__endcap in cell grouper_soc_chip_core
Note:  Implicit pin VPW in instance PHY_EDGE_ROW_81_1_Left_355 of gf180mcu_fd_sc_mcu7t5v0__endcap in cell grouper_soc_chip_core
Note:  Implicit pin VNW in instance PHY_EDGE_ROW_81_1_Right_724 of gf180mcu_fd_sc_mcu7t5v0__endcap in cell grouper_soc_chip_core
Note:  Implicit pin VPW in instance PHY_EDGE_ROW_81_1_Right_724 of gf180mcu_fd_sc_mcu7t5v0__endcap in cell grouper_soc_chip_core
Note:  Implicit pin VNW in instance PHY_EDGE_ROW_81_5_Left_587 of gf180mcu_fd_sc_mcu7t5v0__endcap in cell grouper_soc_chip_core
Note:  Implicit pin VPW in instance PHY_EDGE_ROW_81_5_Left_587 of gf180mcu_fd_sc_mcu7t5v0__endcap in cell grouper_soc_chip_core
Note:  Implicit pin VNW in instance PHY_EDGE_ROW_81_5_Right_174 of gf180mcu_fd_sc_mcu7t5v0__endcap in cell grouper_soc_chip_core
Note:  Implicit pin VPW in instance PHY_EDGE_ROW_81_5_Right_174 of gf180mcu_fd_sc_mcu7t5v0__endcap in cell grouper_soc_chip_core
Note:  Implicit pin VNW in instance PHY_EDGE_ROW_82_1_Left_356 of gf180mcu_fd_sc_mcu7t5v0__endcap in cell grouper_soc_chip_core
Note:  Implicit pin VPW in instance PHY_EDGE_ROW_82_1_Left_356 of gf180mcu_fd_sc_mcu7t5v0__endcap in cell grouper_soc_chip_core
Note:  Implicit pin VNW in instance PHY_EDGE_ROW_82_1_Right_725 of gf180mcu_fd_sc_mcu7t5v0__endcap in cell grouper_soc_chip_core
Note:  Implicit pin VPW in instance PHY_EDGE_ROW_82_1_Right_725 of gf180mcu_fd_sc_mcu7t5v0__endcap in cell grouper_soc_chip_core
Note:  Implicit pin VNW in instance PHY_EDGE_ROW_82_5_Left_588 of gf180mcu_fd_sc_mcu7t5v0__endcap in cell grouper_soc_chip_core
Note:  Implicit pin VPW in instance PHY_EDGE_ROW_82_5_Left_588 of gf180mcu_fd_sc_mcu7t5v0__endcap in cell grouper_soc_chip_core
Note:  Implicit pin VNW in instance PHY_EDGE_ROW_82_5_Right_175 of gf180mcu_fd_sc_mcu7t5v0__endcap in cell grouper_soc_chip_core
Note:  Implicit pin VPW in instance PHY_EDGE_ROW_82_5_Right_175 of gf180mcu_fd_sc_mcu7t5v0__endcap in cell grouper_soc_chip_core
Note:  Implicit pin VNW in instance PHY_EDGE_ROW_83_1_Left_357 of gf180mcu_fd_sc_mcu7t5v0__endcap in cell grouper_soc_chip_core
Note:  Implicit pin VPW in instance PHY_EDGE_ROW_83_1_Left_357 of gf180mcu_fd_sc_mcu7t5v0__endcap in cell grouper_soc_chip_core
Note:  Implicit pin VNW in instance PHY_EDGE_ROW_83_1_Right_726 of gf180mcu_fd_sc_mcu7t5v0__endcap in cell grouper_soc_chip_core
Note:  Implicit pin VPW in instance PHY_EDGE_ROW_83_1_Right_726 of gf180mcu_fd_sc_mcu7t5v0__endcap in cell grouper_soc_chip_core
Note:  Implicit pin VNW in instance PHY_EDGE_ROW_83_5_Left_589 of gf180mcu_fd_sc_mcu7t5v0__endcap in cell grouper_soc_chip_core
Note:  Implicit pin VPW in instance PHY_EDGE_ROW_83_5_Left_589 of gf180mcu_fd_sc_mcu7t5v0__endcap in cell grouper_soc_chip_core
Note:  Implicit pin VNW in instance PHY_EDGE_ROW_83_5_Right_176 of gf180mcu_fd_sc_mcu7t5v0__endcap in cell grouper_soc_chip_core
Note:  Implicit pin VPW in instance PHY_EDGE_ROW_83_5_Right_176 of gf180mcu_fd_sc_mcu7t5v0__endcap in cell grouper_soc_chip_core
Note:  Implicit pin VNW in instance PHY_EDGE_ROW_84_1_Left_358 of gf180mcu_fd_sc_mcu7t5v0__endcap in cell grouper_soc_chip_core
Note:  Implicit pin VPW in instance PHY_EDGE_ROW_84_1_Left_358 of gf180mcu_fd_sc_mcu7t5v0__endcap in cell grouper_soc_chip_core
Note:  Implicit pin VNW in instance PHY_EDGE_ROW_84_1_Right_727 of gf180mcu_fd_sc_mcu7t5v0__endcap in cell grouper_soc_chip_core
Note:  Implicit pin VPW in instance PHY_EDGE_ROW_84_1_Right_727 of gf180mcu_fd_sc_mcu7t5v0__endcap in cell grouper_soc_chip_core
Note:  Implicit pin VNW in instance PHY_EDGE_ROW_84_5_Left_590 of gf180mcu_fd_sc_mcu7t5v0__endcap in cell grouper_soc_chip_core
Note:  Implicit pin VPW in instance PHY_EDGE_ROW_84_5_Left_590 of gf180mcu_fd_sc_mcu7t5v0__endcap in cell grouper_soc_chip_core
Note:  Implicit pin VNW in instance PHY_EDGE_ROW_84_5_Right_177 of gf180mcu_fd_sc_mcu7t5v0__endcap in cell grouper_soc_chip_core
Note:  Implicit pin VPW in instance PHY_EDGE_ROW_84_5_Right_177 of gf180mcu_fd_sc_mcu7t5v0__endcap in cell grouper_soc_chip_core
Note:  Implicit pin VNW in instance PHY_EDGE_ROW_85_1_Left_359 of gf180mcu_fd_sc_mcu7t5v0__endcap in cell grouper_soc_chip_core
Note:  Implicit pin VPW in instance PHY_EDGE_ROW_85_1_Left_359 of gf180mcu_fd_sc_mcu7t5v0__endcap in cell grouper_soc_chip_core
Note:  Implicit pin VNW in instance PHY_EDGE_ROW_85_1_Right_728 of gf180mcu_fd_sc_mcu7t5v0__endcap in cell grouper_soc_chip_core
Note:  Implicit pin VPW in instance PHY_EDGE_ROW_85_1_Right_728 of gf180mcu_fd_sc_mcu7t5v0__endcap in cell grouper_soc_chip_core
Note:  Implicit pin VNW in instance PHY_EDGE_ROW_85_5_Left_591 of gf180mcu_fd_sc_mcu7t5v0__endcap in cell grouper_soc_chip_core
Note:  Implicit pin VPW in instance PHY_EDGE_ROW_85_5_Left_591 of gf180mcu_fd_sc_mcu7t5v0__endcap in cell grouper_soc_chip_core
Note:  Implicit pin VNW in instance PHY_EDGE_ROW_85_5_Right_178 of gf180mcu_fd_sc_mcu7t5v0__endcap in cell grouper_soc_chip_core
Note:  Implicit pin VPW in instance PHY_EDGE_ROW_85_5_Right_178 of gf180mcu_fd_sc_mcu7t5v0__endcap in cell grouper_soc_chip_core
Note:  Implicit pin VNW in instance PHY_EDGE_ROW_86_1_Left_360 of gf180mcu_fd_sc_mcu7t5v0__endcap in cell grouper_soc_chip_core
Note:  Implicit pin VPW in instance PHY_EDGE_ROW_86_1_Left_360 of gf180mcu_fd_sc_mcu7t5v0__endcap in cell grouper_soc_chip_core
Note:  Implicit pin VNW in instance PHY_EDGE_ROW_86_1_Right_729 of gf180mcu_fd_sc_mcu7t5v0__endcap in cell grouper_soc_chip_core
Note:  Implicit pin VPW in instance PHY_EDGE_ROW_86_1_Right_729 of gf180mcu_fd_sc_mcu7t5v0__endcap in cell grouper_soc_chip_core
Note:  Implicit pin VNW in instance PHY_EDGE_ROW_86_5_Left_592 of gf180mcu_fd_sc_mcu7t5v0__endcap in cell grouper_soc_chip_core
Note:  Implicit pin VPW in instance PHY_EDGE_ROW_86_5_Left_592 of gf180mcu_fd_sc_mcu7t5v0__endcap in cell grouper_soc_chip_core
Note:  Implicit pin VNW in instance PHY_EDGE_ROW_86_5_Right_179 of gf180mcu_fd_sc_mcu7t5v0__endcap in cell grouper_soc_chip_core
Note:  Implicit pin VPW in instance PHY_EDGE_ROW_86_5_Right_179 of gf180mcu_fd_sc_mcu7t5v0__endcap in cell grouper_soc_chip_core
Note:  Implicit pin VNW in instance PHY_EDGE_ROW_87_1_Left_361 of gf180mcu_fd_sc_mcu7t5v0__endcap in cell grouper_soc_chip_core
Note:  Implicit pin VPW in instance PHY_EDGE_ROW_87_1_Left_361 of gf180mcu_fd_sc_mcu7t5v0__endcap in cell grouper_soc_chip_core
Note:  Implicit pin VNW in instance PHY_EDGE_ROW_87_1_Right_730 of gf180mcu_fd_sc_mcu7t5v0__endcap in cell grouper_soc_chip_core
Note:  Implicit pin VPW in instance PHY_EDGE_ROW_87_1_Right_730 of gf180mcu_fd_sc_mcu7t5v0__endcap in cell grouper_soc_chip_core
Note:  Implicit pin VNW in instance PHY_EDGE_ROW_87_5_Left_593 of gf180mcu_fd_sc_mcu7t5v0__endcap in cell grouper_soc_chip_core
Note:  Implicit pin VPW in instance PHY_EDGE_ROW_87_5_Left_593 of gf180mcu_fd_sc_mcu7t5v0__endcap in cell grouper_soc_chip_core
Note:  Implicit pin VNW in instance PHY_EDGE_ROW_87_5_Right_180 of gf180mcu_fd_sc_mcu7t5v0__endcap in cell grouper_soc_chip_core
Note:  Implicit pin VPW in instance PHY_EDGE_ROW_87_5_Right_180 of gf180mcu_fd_sc_mcu7t5v0__endcap in cell grouper_soc_chip_core
Note:  Implicit pin VNW in instance PHY_EDGE_ROW_88_1_Left_362 of gf180mcu_fd_sc_mcu7t5v0__endcap in cell grouper_soc_chip_core
Note:  Implicit pin VPW in instance PHY_EDGE_ROW_88_1_Left_362 of gf180mcu_fd_sc_mcu7t5v0__endcap in cell grouper_soc_chip_core
Note:  Implicit pin VNW in instance PHY_EDGE_ROW_88_1_Right_731 of gf180mcu_fd_sc_mcu7t5v0__endcap in cell grouper_soc_chip_core
Note:  Implicit pin VPW in instance PHY_EDGE_ROW_88_1_Right_731 of gf180mcu_fd_sc_mcu7t5v0__endcap in cell grouper_soc_chip_core
Note:  Implicit pin VNW in instance PHY_EDGE_ROW_88_5_Left_594 of gf180mcu_fd_sc_mcu7t5v0__endcap in cell grouper_soc_chip_core
Note:  Implicit pin VPW in instance PHY_EDGE_ROW_88_5_Left_594 of gf180mcu_fd_sc_mcu7t5v0__endcap in cell grouper_soc_chip_core
Note:  Implicit pin VNW in instance PHY_EDGE_ROW_88_5_Right_181 of gf180mcu_fd_sc_mcu7t5v0__endcap in cell grouper_soc_chip_core
Note:  Implicit pin VPW in instance PHY_EDGE_ROW_88_5_Right_181 of gf180mcu_fd_sc_mcu7t5v0__endcap in cell grouper_soc_chip_core
Note:  Implicit pin VNW in instance PHY_EDGE_ROW_89_1_Left_363 of gf180mcu_fd_sc_mcu7t5v0__endcap in cell grouper_soc_chip_core
Note:  Implicit pin VPW in instance PHY_EDGE_ROW_89_1_Left_363 of gf180mcu_fd_sc_mcu7t5v0__endcap in cell grouper_soc_chip_core
Note:  Implicit pin VNW in instance PHY_EDGE_ROW_89_1_Right_732 of gf180mcu_fd_sc_mcu7t5v0__endcap in cell grouper_soc_chip_core
Note:  Implicit pin VPW in instance PHY_EDGE_ROW_89_1_Right_732 of gf180mcu_fd_sc_mcu7t5v0__endcap in cell grouper_soc_chip_core
Note:  Implicit pin VNW in instance PHY_EDGE_ROW_89_5_Left_595 of gf180mcu_fd_sc_mcu7t5v0__endcap in cell grouper_soc_chip_core
Note:  Implicit pin VPW in instance PHY_EDGE_ROW_89_5_Left_595 of gf180mcu_fd_sc_mcu7t5v0__endcap in cell grouper_soc_chip_core
Note:  Implicit pin VNW in instance PHY_EDGE_ROW_89_5_Right_182 of gf180mcu_fd_sc_mcu7t5v0__endcap in cell grouper_soc_chip_core
Note:  Implicit pin VPW in instance PHY_EDGE_ROW_89_5_Right_182 of gf180mcu_fd_sc_mcu7t5v0__endcap in cell grouper_soc_chip_core
Note:  Implicit pin VNW in instance PHY_EDGE_ROW_8_Left_283 of gf180mcu_fd_sc_mcu7t5v0__endcap in cell grouper_soc_chip_core
Note:  Implicit pin VPW in instance PHY_EDGE_ROW_8_Left_283 of gf180mcu_fd_sc_mcu7t5v0__endcap in cell grouper_soc_chip_core
Note:  Implicit pin VNW in instance PHY_EDGE_ROW_8_Right_8 of gf180mcu_fd_sc_mcu7t5v0__endcap in cell grouper_soc_chip_core
Note:  Implicit pin VPW in instance PHY_EDGE_ROW_8_Right_8 of gf180mcu_fd_sc_mcu7t5v0__endcap in cell grouper_soc_chip_core
Note:  Implicit pin VNW in instance PHY_EDGE_ROW_90_1_Left_364 of gf180mcu_fd_sc_mcu7t5v0__endcap in cell grouper_soc_chip_core
Note:  Implicit pin VPW in instance PHY_EDGE_ROW_90_1_Left_364 of gf180mcu_fd_sc_mcu7t5v0__endcap in cell grouper_soc_chip_core
Note:  Implicit pin VNW in instance PHY_EDGE_ROW_90_1_Right_733 of gf180mcu_fd_sc_mcu7t5v0__endcap in cell grouper_soc_chip_core
Note:  Implicit pin VPW in instance PHY_EDGE_ROW_90_1_Right_733 of gf180mcu_fd_sc_mcu7t5v0__endcap in cell grouper_soc_chip_core
Note:  Implicit pin VNW in instance PHY_EDGE_ROW_90_5_Left_596 of gf180mcu_fd_sc_mcu7t5v0__endcap in cell grouper_soc_chip_core
Note:  Implicit pin VPW in instance PHY_EDGE_ROW_90_5_Left_596 of gf180mcu_fd_sc_mcu7t5v0__endcap in cell grouper_soc_chip_core
Note:  Implicit pin VNW in instance PHY_EDGE_ROW_90_5_Right_183 of gf180mcu_fd_sc_mcu7t5v0__endcap in cell grouper_soc_chip_core
Note:  Implicit pin VPW in instance PHY_EDGE_ROW_90_5_Right_183 of gf180mcu_fd_sc_mcu7t5v0__endcap in cell grouper_soc_chip_core
Note:  Implicit pin VNW in instance PHY_EDGE_ROW_91_1_Left_365 of gf180mcu_fd_sc_mcu7t5v0__endcap in cell grouper_soc_chip_core
Note:  Implicit pin VPW in instance PHY_EDGE_ROW_91_1_Left_365 of gf180mcu_fd_sc_mcu7t5v0__endcap in cell grouper_soc_chip_core
Note:  Implicit pin VNW in instance PHY_EDGE_ROW_91_1_Right_734 of gf180mcu_fd_sc_mcu7t5v0__endcap in cell grouper_soc_chip_core
Note:  Implicit pin VPW in instance PHY_EDGE_ROW_91_1_Right_734 of gf180mcu_fd_sc_mcu7t5v0__endcap in cell grouper_soc_chip_core
Note:  Implicit pin VNW in instance PHY_EDGE_ROW_91_5_Left_597 of gf180mcu_fd_sc_mcu7t5v0__endcap in cell grouper_soc_chip_core
Note:  Implicit pin VPW in instance PHY_EDGE_ROW_91_5_Left_597 of gf180mcu_fd_sc_mcu7t5v0__endcap in cell grouper_soc_chip_core
Note:  Implicit pin VNW in instance PHY_EDGE_ROW_91_5_Right_184 of gf180mcu_fd_sc_mcu7t5v0__endcap in cell grouper_soc_chip_core
Note:  Implicit pin VPW in instance PHY_EDGE_ROW_91_5_Right_184 of gf180mcu_fd_sc_mcu7t5v0__endcap in cell grouper_soc_chip_core
Note:  Implicit pin VNW in instance PHY_EDGE_ROW_92_1_Left_366 of gf180mcu_fd_sc_mcu7t5v0__endcap in cell grouper_soc_chip_core
Note:  Implicit pin VPW in instance PHY_EDGE_ROW_92_1_Left_366 of gf180mcu_fd_sc_mcu7t5v0__endcap in cell grouper_soc_chip_core
Note:  Implicit pin VNW in instance PHY_EDGE_ROW_92_1_Right_735 of gf180mcu_fd_sc_mcu7t5v0__endcap in cell grouper_soc_chip_core
Note:  Implicit pin VPW in instance PHY_EDGE_ROW_92_1_Right_735 of gf180mcu_fd_sc_mcu7t5v0__endcap in cell grouper_soc_chip_core
Note:  Implicit pin VNW in instance PHY_EDGE_ROW_92_5_Left_598 of gf180mcu_fd_sc_mcu7t5v0__endcap in cell grouper_soc_chip_core
Note:  Implicit pin VPW in instance PHY_EDGE_ROW_92_5_Left_598 of gf180mcu_fd_sc_mcu7t5v0__endcap in cell grouper_soc_chip_core
Note:  Implicit pin VNW in instance PHY_EDGE_ROW_92_5_Right_185 of gf180mcu_fd_sc_mcu7t5v0__endcap in cell grouper_soc_chip_core
Note:  Implicit pin VPW in instance PHY_EDGE_ROW_92_5_Right_185 of gf180mcu_fd_sc_mcu7t5v0__endcap in cell grouper_soc_chip_core
Note:  Implicit pin VNW in instance PHY_EDGE_ROW_93_1_Left_367 of gf180mcu_fd_sc_mcu7t5v0__endcap in cell grouper_soc_chip_core
Note:  Implicit pin VPW in instance PHY_EDGE_ROW_93_1_Left_367 of gf180mcu_fd_sc_mcu7t5v0__endcap in cell grouper_soc_chip_core
Note:  Implicit pin VNW in instance PHY_EDGE_ROW_93_1_Right_736 of gf180mcu_fd_sc_mcu7t5v0__endcap in cell grouper_soc_chip_core
Note:  Implicit pin VPW in instance PHY_EDGE_ROW_93_1_Right_736 of gf180mcu_fd_sc_mcu7t5v0__endcap in cell grouper_soc_chip_core
Note:  Implicit pin VNW in instance PHY_EDGE_ROW_93_5_Left_599 of gf180mcu_fd_sc_mcu7t5v0__endcap in cell grouper_soc_chip_core
Note:  Implicit pin VPW in instance PHY_EDGE_ROW_93_5_Left_599 of gf180mcu_fd_sc_mcu7t5v0__endcap in cell grouper_soc_chip_core
Note:  Implicit pin VNW in instance PHY_EDGE_ROW_93_5_Right_186 of gf180mcu_fd_sc_mcu7t5v0__endcap in cell grouper_soc_chip_core
Note:  Implicit pin VPW in instance PHY_EDGE_ROW_93_5_Right_186 of gf180mcu_fd_sc_mcu7t5v0__endcap in cell grouper_soc_chip_core
Note:  Implicit pin VNW in instance PHY_EDGE_ROW_94_1_Left_368 of gf180mcu_fd_sc_mcu7t5v0__endcap in cell grouper_soc_chip_core
Note:  Implicit pin VPW in instance PHY_EDGE_ROW_94_1_Left_368 of gf180mcu_fd_sc_mcu7t5v0__endcap in cell grouper_soc_chip_core
Note:  Implicit pin VNW in instance PHY_EDGE_ROW_94_1_Right_737 of gf180mcu_fd_sc_mcu7t5v0__endcap in cell grouper_soc_chip_core
Note:  Implicit pin VPW in instance PHY_EDGE_ROW_94_1_Right_737 of gf180mcu_fd_sc_mcu7t5v0__endcap in cell grouper_soc_chip_core
Note:  Implicit pin VNW in instance PHY_EDGE_ROW_94_5_Left_600 of gf180mcu_fd_sc_mcu7t5v0__endcap in cell grouper_soc_chip_core
Note:  Implicit pin VPW in instance PHY_EDGE_ROW_94_5_Left_600 of gf180mcu_fd_sc_mcu7t5v0__endcap in cell grouper_soc_chip_core
Note:  Implicit pin VNW in instance PHY_EDGE_ROW_94_5_Right_187 of gf180mcu_fd_sc_mcu7t5v0__endcap in cell grouper_soc_chip_core
Note:  Implicit pin VPW in instance PHY_EDGE_ROW_94_5_Right_187 of gf180mcu_fd_sc_mcu7t5v0__endcap in cell grouper_soc_chip_core
Note:  Implicit pin VNW in instance PHY_EDGE_ROW_95_1_Left_369 of gf180mcu_fd_sc_mcu7t5v0__endcap in cell grouper_soc_chip_core
Note:  Implicit pin VPW in instance PHY_EDGE_ROW_95_1_Left_369 of gf180mcu_fd_sc_mcu7t5v0__endcap in cell grouper_soc_chip_core
Note:  Implicit pin VNW in instance PHY_EDGE_ROW_95_1_Right_738 of gf180mcu_fd_sc_mcu7t5v0__endcap in cell grouper_soc_chip_core
Note:  Implicit pin VPW in instance PHY_EDGE_ROW_95_1_Right_738 of gf180mcu_fd_sc_mcu7t5v0__endcap in cell grouper_soc_chip_core
Note:  Implicit pin VNW in instance PHY_EDGE_ROW_95_5_Left_601 of gf180mcu_fd_sc_mcu7t5v0__endcap in cell grouper_soc_chip_core
Note:  Implicit pin VPW in instance PHY_EDGE_ROW_95_5_Left_601 of gf180mcu_fd_sc_mcu7t5v0__endcap in cell grouper_soc_chip_core
Note:  Implicit pin VNW in instance PHY_EDGE_ROW_95_5_Right_188 of gf180mcu_fd_sc_mcu7t5v0__endcap in cell grouper_soc_chip_core
Note:  Implicit pin VPW in instance PHY_EDGE_ROW_95_5_Right_188 of gf180mcu_fd_sc_mcu7t5v0__endcap in cell grouper_soc_chip_core
Note:  Implicit pin VNW in instance PHY_EDGE_ROW_96_1_Left_370 of gf180mcu_fd_sc_mcu7t5v0__endcap in cell grouper_soc_chip_core
Note:  Implicit pin VPW in instance PHY_EDGE_ROW_96_1_Left_370 of gf180mcu_fd_sc_mcu7t5v0__endcap in cell grouper_soc_chip_core
Note:  Implicit pin VNW in instance PHY_EDGE_ROW_96_1_Right_739 of gf180mcu_fd_sc_mcu7t5v0__endcap in cell grouper_soc_chip_core
Note:  Implicit pin VPW in instance PHY_EDGE_ROW_96_1_Right_739 of gf180mcu_fd_sc_mcu7t5v0__endcap in cell grouper_soc_chip_core
Note:  Implicit pin VNW in instance PHY_EDGE_ROW_96_5_Left_602 of gf180mcu_fd_sc_mcu7t5v0__endcap in cell grouper_soc_chip_core
Note:  Implicit pin VPW in instance PHY_EDGE_ROW_96_5_Left_602 of gf180mcu_fd_sc_mcu7t5v0__endcap in cell grouper_soc_chip_core
Note:  Implicit pin VNW in instance PHY_EDGE_ROW_96_5_Right_189 of gf180mcu_fd_sc_mcu7t5v0__endcap in cell grouper_soc_chip_core
Note:  Implicit pin VPW in instance PHY_EDGE_ROW_96_5_Right_189 of gf180mcu_fd_sc_mcu7t5v0__endcap in cell grouper_soc_chip_core
Note:  Implicit pin VNW in instance PHY_EDGE_ROW_97_1_Left_371 of gf180mcu_fd_sc_mcu7t5v0__endcap in cell grouper_soc_chip_core
Note:  Implicit pin VPW in instance PHY_EDGE_ROW_97_1_Left_371 of gf180mcu_fd_sc_mcu7t5v0__endcap in cell grouper_soc_chip_core
Note:  Implicit pin VNW in instance PHY_EDGE_ROW_97_1_Right_740 of gf180mcu_fd_sc_mcu7t5v0__endcap in cell grouper_soc_chip_core
Note:  Implicit pin VPW in instance PHY_EDGE_ROW_97_1_Right_740 of gf180mcu_fd_sc_mcu7t5v0__endcap in cell grouper_soc_chip_core
Note:  Implicit pin VNW in instance PHY_EDGE_ROW_97_5_Left_603 of gf180mcu_fd_sc_mcu7t5v0__endcap in cell grouper_soc_chip_core
Note:  Implicit pin VPW in instance PHY_EDGE_ROW_97_5_Left_603 of gf180mcu_fd_sc_mcu7t5v0__endcap in cell grouper_soc_chip_core
Note:  Implicit pin VNW in instance PHY_EDGE_ROW_97_5_Right_190 of gf180mcu_fd_sc_mcu7t5v0__endcap in cell grouper_soc_chip_core
Note:  Implicit pin VPW in instance PHY_EDGE_ROW_97_5_Right_190 of gf180mcu_fd_sc_mcu7t5v0__endcap in cell grouper_soc_chip_core
Note:  Implicit pin VNW in instance PHY_EDGE_ROW_98_1_Left_372 of gf180mcu_fd_sc_mcu7t5v0__endcap in cell grouper_soc_chip_core
Note:  Implicit pin VPW in instance PHY_EDGE_ROW_98_1_Left_372 of gf180mcu_fd_sc_mcu7t5v0__endcap in cell grouper_soc_chip_core
Note:  Implicit pin VNW in instance PHY_EDGE_ROW_98_1_Right_741 of gf180mcu_fd_sc_mcu7t5v0__endcap in cell grouper_soc_chip_core
Note:  Implicit pin VPW in instance PHY_EDGE_ROW_98_1_Right_741 of gf180mcu_fd_sc_mcu7t5v0__endcap in cell grouper_soc_chip_core
Note:  Implicit pin VNW in instance PHY_EDGE_ROW_98_5_Left_604 of gf180mcu_fd_sc_mcu7t5v0__endcap in cell grouper_soc_chip_core
Note:  Implicit pin VPW in instance PHY_EDGE_ROW_98_5_Left_604 of gf180mcu_fd_sc_mcu7t5v0__endcap in cell grouper_soc_chip_core
Note:  Implicit pin VNW in instance PHY_EDGE_ROW_98_5_Right_191 of gf180mcu_fd_sc_mcu7t5v0__endcap in cell grouper_soc_chip_core
Note:  Implicit pin VPW in instance PHY_EDGE_ROW_98_5_Right_191 of gf180mcu_fd_sc_mcu7t5v0__endcap in cell grouper_soc_chip_core
Note:  Implicit pin VNW in instance PHY_EDGE_ROW_99_1_Left_373 of gf180mcu_fd_sc_mcu7t5v0__endcap in cell grouper_soc_chip_core
Note:  Implicit pin VPW in instance PHY_EDGE_ROW_99_1_Left_373 of gf180mcu_fd_sc_mcu7t5v0__endcap in cell grouper_soc_chip_core
Note:  Implicit pin VNW in instance PHY_EDGE_ROW_99_1_Right_742 of gf180mcu_fd_sc_mcu7t5v0__endcap in cell grouper_soc_chip_core
Note:  Implicit pin VPW in instance PHY_EDGE_ROW_99_1_Right_742 of gf180mcu_fd_sc_mcu7t5v0__endcap in cell grouper_soc_chip_core
Note:  Implicit pin VNW in instance PHY_EDGE_ROW_99_5_Left_605 of gf180mcu_fd_sc_mcu7t5v0__endcap in cell grouper_soc_chip_core
Note:  Implicit pin VPW in instance PHY_EDGE_ROW_99_5_Left_605 of gf180mcu_fd_sc_mcu7t5v0__endcap in cell grouper_soc_chip_core
Note:  Implicit pin VNW in instance PHY_EDGE_ROW_99_5_Right_192 of gf180mcu_fd_sc_mcu7t5v0__endcap in cell grouper_soc_chip_core
Note:  Implicit pin VPW in instance PHY_EDGE_ROW_99_5_Right_192 of gf180mcu_fd_sc_mcu7t5v0__endcap in cell grouper_soc_chip_core
Note:  Implicit pin VNW in instance PHY_EDGE_ROW_9_Left_284 of gf180mcu_fd_sc_mcu7t5v0__endcap in cell grouper_soc_chip_core
Note:  Implicit pin VPW in instance PHY_EDGE_ROW_9_Left_284 of gf180mcu_fd_sc_mcu7t5v0__endcap in cell grouper_soc_chip_core
Note:  Implicit pin VNW in instance PHY_EDGE_ROW_9_Right_9 of gf180mcu_fd_sc_mcu7t5v0__endcap in cell grouper_soc_chip_core
Note:  Implicit pin VPW in instance PHY_EDGE_ROW_9_Right_9 of gf180mcu_fd_sc_mcu7t5v0__endcap in cell grouper_soc_chip_core
Note:  Implicit pin ZN in instance clkload0 of gf180mcu_fd_sc_mcu7t5v0__inv_16 in cell grouper_soc_chip_core
Note:  Implicit pin ZN in instance clkload1 of gf180mcu_fd_sc_mcu7t5v0__clkinv_16 in cell grouper_soc_chip_core
Note:  Implicit pin ZN in instance clkload10 of gf180mcu_fd_sc_mcu7t5v0__inv_20 in cell grouper_soc_chip_core
Note:  Implicit pin ZN in instance clkload100 of gf180mcu_fd_sc_mcu7t5v0__inv_2 in cell grouper_soc_chip_core
Note:  Implicit pin Z in instance clkload101 of gf180mcu_fd_sc_mcu7t5v0__clkbuf_4 in cell grouper_soc_chip_core
Note:  Implicit pin ZN in instance clkload102 of gf180mcu_fd_sc_mcu7t5v0__inv_3 in cell grouper_soc_chip_core
Note:  Implicit pin Z in instance clkload103 of gf180mcu_fd_sc_mcu7t5v0__clkbuf_12 in cell grouper_soc_chip_core
Note:  Implicit pin Z in instance clkload104 of gf180mcu_fd_sc_mcu7t5v0__clkbuf_16 in cell grouper_soc_chip_core
Note:  Implicit pin ZN in instance clkload105 of gf180mcu_fd_sc_mcu7t5v0__inv_4 in cell grouper_soc_chip_core
Note:  Implicit pin ZN in instance clkload106 of gf180mcu_fd_sc_mcu7t5v0__inv_3 in cell grouper_soc_chip_core
Note:  Implicit pin ZN in instance clkload107 of gf180mcu_fd_sc_mcu7t5v0__inv_4 in cell grouper_soc_chip_core
Note:  Implicit pin ZN in instance clkload108 of gf180mcu_fd_sc_mcu7t5v0__clkinv_1 in cell grouper_soc_chip_core
Note:  Implicit pin ZN in instance clkload109 of gf180mcu_fd_sc_mcu7t5v0__clkinv_8 in cell grouper_soc_chip_core
Note:  Implicit pin Z in instance clkload11 of gf180mcu_fd_sc_mcu7t5v0__clkbuf_16 in cell grouper_soc_chip_core
Note:  Implicit pin ZN in instance clkload110 of gf180mcu_fd_sc_mcu7t5v0__inv_8 in cell grouper_soc_chip_core
Note:  Implicit pin Z in instance clkload111 of gf180mcu_fd_sc_mcu7t5v0__clkbuf_16 in cell grouper_soc_chip_core
Note:  Implicit pin ZN in instance clkload112 of gf180mcu_fd_sc_mcu7t5v0__inv_4 in cell grouper_soc_chip_core
Note:  Implicit pin ZN in instance clkload113 of gf180mcu_fd_sc_mcu7t5v0__inv_8 in cell grouper_soc_chip_core
Note:  Implicit pin ZN in instance clkload114 of gf180mcu_fd_sc_mcu7t5v0__inv_4 in cell grouper_soc_chip_core
Note:  Implicit pin ZN in instance clkload115 of gf180mcu_fd_sc_mcu7t5v0__inv_8 in cell grouper_soc_chip_core
Note:  Implicit pin Z in instance clkload116 of gf180mcu_fd_sc_mcu7t5v0__clkbuf_12 in cell grouper_soc_chip_core
Note:  Implicit pin ZN in instance clkload117 of gf180mcu_fd_sc_mcu7t5v0__clkinv_8 in cell grouper_soc_chip_core
Note:  Implicit pin ZN in instance clkload118 of gf180mcu_fd_sc_mcu7t5v0__inv_4 in cell grouper_soc_chip_core
Note:  Implicit pin ZN in instance clkload119 of gf180mcu_fd_sc_mcu7t5v0__clkinv_8 in cell grouper_soc_chip_core
Note:  Implicit pin Z in instance clkload12 of gf180mcu_fd_sc_mcu7t5v0__clkbuf_16 in cell grouper_soc_chip_core
Note:  Implicit pin ZN in instance clkload120 of gf180mcu_fd_sc_mcu7t5v0__clkinv_8 in cell grouper_soc_chip_core
Note:  Implicit pin Z in instance clkload121 of gf180mcu_fd_sc_mcu7t5v0__clkbuf_12 in cell grouper_soc_chip_core
Note:  Implicit pin ZN in instance clkload122 of gf180mcu_fd_sc_mcu7t5v0__inv_3 in cell grouper_soc_chip_core
Note:  Implicit pin Z in instance clkload123 of gf180mcu_fd_sc_mcu7t5v0__clkbuf_16 in cell grouper_soc_chip_core
Note:  Implicit pin ZN in instance clkload124 of gf180mcu_fd_sc_mcu7t5v0__inv_8 in cell grouper_soc_chip_core
Note:  Implicit pin ZN in instance clkload125 of gf180mcu_fd_sc_mcu7t5v0__inv_2 in cell grouper_soc_chip_core
Note:  Implicit pin ZN in instance clkload126 of gf180mcu_fd_sc_mcu7t5v0__inv_3 in cell grouper_soc_chip_core
Note:  Implicit pin ZN in instance clkload127 of gf180mcu_fd_sc_mcu7t5v0__inv_2 in cell grouper_soc_chip_core
Note:  Implicit pin Z in instance clkload128 of gf180mcu_fd_sc_mcu7t5v0__clkbuf_16 in cell grouper_soc_chip_core
Note:  Implicit pin Z in instance clkload129 of gf180mcu_fd_sc_mcu7t5v0__clkbuf_16 in cell grouper_soc_chip_core
Note:  Implicit pin ZN in instance clkload13 of gf180mcu_fd_sc_mcu7t5v0__inv_8 in cell grouper_soc_chip_core
Note:  Implicit pin ZN in instance clkload130 of gf180mcu_fd_sc_mcu7t5v0__clkinv_12 in cell grouper_soc_chip_core
Note:  Implicit pin ZN in instance clkload131 of gf180mcu_fd_sc_mcu7t5v0__clkinv_12 in cell grouper_soc_chip_core
Note:  Implicit pin ZN in instance clkload132 of gf180mcu_fd_sc_mcu7t5v0__clkinv_3 in cell grouper_soc_chip_core
Note:  Implicit pin ZN in instance clkload133 of gf180mcu_fd_sc_mcu7t5v0__clkinv_8 in cell grouper_soc_chip_core
Note:  Implicit pin ZN in instance clkload134 of gf180mcu_fd_sc_mcu7t5v0__clkinv_8 in cell grouper_soc_chip_core
Note:  Implicit pin ZN in instance clkload135 of gf180mcu_fd_sc_mcu7t5v0__clkinv_12 in cell grouper_soc_chip_core
Note:  Implicit pin ZN in instance clkload136 of gf180mcu_fd_sc_mcu7t5v0__clkinv_12 in cell grouper_soc_chip_core
Note:  Implicit pin ZN in instance clkload137 of gf180mcu_fd_sc_mcu7t5v0__inv_8 in cell grouper_soc_chip_core
Note:  Implicit pin ZN in instance clkload138 of gf180mcu_fd_sc_mcu7t5v0__clkinv_12 in cell grouper_soc_chip_core
Note:  Implicit pin ZN in instance clkload139 of gf180mcu_fd_sc_mcu7t5v0__clkinv_12 in cell grouper_soc_chip_core
Note:  Implicit pin Z in instance clkload14 of gf180mcu_fd_sc_mcu7t5v0__clkbuf_16 in cell grouper_soc_chip_core
Note:  Implicit pin ZN in instance clkload140 of gf180mcu_fd_sc_mcu7t5v0__inv_4 in cell grouper_soc_chip_core
Note:  Implicit pin Z in instance clkload141 of gf180mcu_fd_sc_mcu7t5v0__clkbuf_12 in cell grouper_soc_chip_core
Note:  Implicit pin Z in instance clkload142 of gf180mcu_fd_sc_mcu7t5v0__clkbuf_12 in cell grouper_soc_chip_core
Note:  Implicit pin ZN in instance clkload143 of gf180mcu_fd_sc_mcu7t5v0__clkinv_3 in cell grouper_soc_chip_core
Note:  Implicit pin ZN in instance clkload144 of gf180mcu_fd_sc_mcu7t5v0__inv_2 in cell grouper_soc_chip_core
Note:  Implicit pin ZN in instance clkload145 of gf180mcu_fd_sc_mcu7t5v0__inv_4 in cell grouper_soc_chip_core
Note:  Implicit pin ZN in instance clkload146 of gf180mcu_fd_sc_mcu7t5v0__clkinv_4 in cell grouper_soc_chip_core
Note:  Implicit pin ZN in instance clkload147 of gf180mcu_fd_sc_mcu7t5v0__clkinv_4 in cell grouper_soc_chip_core
Note:  Implicit pin ZN in instance clkload148 of gf180mcu_fd_sc_mcu7t5v0__clkinv_2 in cell grouper_soc_chip_core
Note:  Implicit pin Z in instance clkload149 of gf180mcu_fd_sc_mcu7t5v0__clkbuf_4 in cell grouper_soc_chip_core
Note:  Implicit pin ZN in instance clkload15 of gf180mcu_fd_sc_mcu7t5v0__inv_20 in cell grouper_soc_chip_core
Note:  Implicit pin ZN in instance clkload150 of gf180mcu_fd_sc_mcu7t5v0__inv_4 in cell grouper_soc_chip_core
Note:  Implicit pin ZN in instance clkload151 of gf180mcu_fd_sc_mcu7t5v0__clkinv_1 in cell grouper_soc_chip_core
Note:  Implicit pin ZN in instance clkload152 of gf180mcu_fd_sc_mcu7t5v0__inv_2 in cell grouper_soc_chip_core
Note:  Implicit pin Z in instance clkload153 of gf180mcu_fd_sc_mcu7t5v0__clkbuf_16 in cell grouper_soc_chip_core
Note:  Implicit pin Z in instance clkload154 of gf180mcu_fd_sc_mcu7t5v0__clkbuf_16 in cell grouper_soc_chip_core
Note:  Implicit pin ZN in instance clkload155 of gf180mcu_fd_sc_mcu7t5v0__clkinv_1 in cell grouper_soc_chip_core
Note:  Implicit pin Z in instance clkload156 of gf180mcu_fd_sc_mcu7t5v0__clkbuf_4 in cell grouper_soc_chip_core
Note:  Implicit pin Z in instance clkload157 of gf180mcu_fd_sc_mcu7t5v0__clkbuf_16 in cell grouper_soc_chip_core
Note:  Implicit pin ZN in instance clkload158 of gf180mcu_fd_sc_mcu7t5v0__inv_2 in cell grouper_soc_chip_core
Note:  Implicit pin Z in instance clkload159 of gf180mcu_fd_sc_mcu7t5v0__clkbuf_12 in cell grouper_soc_chip_core
Note:  Implicit pin ZN in instance clkload16 of gf180mcu_fd_sc_mcu7t5v0__inv_3 in cell grouper_soc_chip_core
Note:  Implicit pin ZN in instance clkload160 of gf180mcu_fd_sc_mcu7t5v0__inv_3 in cell grouper_soc_chip_core
Note:  Implicit pin Z in instance clkload161 of gf180mcu_fd_sc_mcu7t5v0__clkbuf_4 in cell grouper_soc_chip_core
Note:  Implicit pin ZN in instance clkload162 of gf180mcu_fd_sc_mcu7t5v0__inv_2 in cell grouper_soc_chip_core
Note:  Implicit pin ZN in instance clkload163 of gf180mcu_fd_sc_mcu7t5v0__inv_2 in cell grouper_soc_chip_core
Note:  Implicit pin ZN in instance clkload164 of gf180mcu_fd_sc_mcu7t5v0__clkinv_1 in cell grouper_soc_chip_core
Note:  Implicit pin Z in instance clkload165 of gf180mcu_fd_sc_mcu7t5v0__clkbuf_16 in cell grouper_soc_chip_core
Note:  Implicit pin ZN in instance clkload166 of gf180mcu_fd_sc_mcu7t5v0__clkinv_1 in cell grouper_soc_chip_core
Note:  Implicit pin ZN in instance clkload167 of gf180mcu_fd_sc_mcu7t5v0__inv_4 in cell grouper_soc_chip_core
Note:  Implicit pin Z in instance clkload168 of gf180mcu_fd_sc_mcu7t5v0__clkbuf_12 in cell grouper_soc_chip_core
Note:  Implicit pin ZN in instance clkload169 of gf180mcu_fd_sc_mcu7t5v0__inv_2 in cell grouper_soc_chip_core
Note:  Implicit pin ZN in instance clkload17 of gf180mcu_fd_sc_mcu7t5v0__inv_3 in cell grouper_soc_chip_core
Note:  Implicit pin Z in instance clkload170 of gf180mcu_fd_sc_mcu7t5v0__clkbuf_16 in cell grouper_soc_chip_core
Note:  Implicit pin ZN in instance clkload171 of gf180mcu_fd_sc_mcu7t5v0__clkinv_8 in cell grouper_soc_chip_core
Note:  Implicit pin Z in instance clkload172 of gf180mcu_fd_sc_mcu7t5v0__clkbuf_4 in cell grouper_soc_chip_core
Note:  Implicit pin Z in instance clkload173 of gf180mcu_fd_sc_mcu7t5v0__clkbuf_16 in cell grouper_soc_chip_core
Note:  Implicit pin Z in instance clkload174 of gf180mcu_fd_sc_mcu7t5v0__clkbuf_4 in cell grouper_soc_chip_core
Note:  Implicit pin ZN in instance clkload175 of gf180mcu_fd_sc_mcu7t5v0__inv_3 in cell grouper_soc_chip_core
Note:  Implicit pin ZN in instance clkload176 of gf180mcu_fd_sc_mcu7t5v0__inv_2 in cell grouper_soc_chip_core
Note:  Implicit pin ZN in instance clkload177 of gf180mcu_fd_sc_mcu7t5v0__clkinv_12 in cell grouper_soc_chip_core
Note:  Implicit pin Z in instance clkload178 of gf180mcu_fd_sc_mcu7t5v0__clkbuf_16 in cell grouper_soc_chip_core
Note:  Implicit pin Z in instance clkload179 of gf180mcu_fd_sc_mcu7t5v0__clkbuf_16 in cell grouper_soc_chip_core
Note:  Implicit pin Z in instance clkload18 of gf180mcu_fd_sc_mcu7t5v0__clkbuf_8 in cell grouper_soc_chip_core
Note:  Implicit pin ZN in instance clkload180 of gf180mcu_fd_sc_mcu7t5v0__clkinv_8 in cell grouper_soc_chip_core
Note:  Implicit pin Z in instance clkload181 of gf180mcu_fd_sc_mcu7t5v0__clkbuf_16 in cell grouper_soc_chip_core
Note:  Implicit pin ZN in instance clkload182 of gf180mcu_fd_sc_mcu7t5v0__clkinv_12 in cell grouper_soc_chip_core
Note:  Implicit pin ZN in instance clkload183 of gf180mcu_fd_sc_mcu7t5v0__inv_8 in cell grouper_soc_chip_core
Note:  Implicit pin Z in instance clkload184 of gf180mcu_fd_sc_mcu7t5v0__clkbuf_12 in cell grouper_soc_chip_core
Note:  Implicit pin ZN in instance clkload185 of gf180mcu_fd_sc_mcu7t5v0__clkinv_12 in cell grouper_soc_chip_core
Note:  Implicit pin ZN in instance clkload186 of gf180mcu_fd_sc_mcu7t5v0__clkinv_8 in cell grouper_soc_chip_core
Note:  Implicit pin Z in instance clkload187 of gf180mcu_fd_sc_mcu7t5v0__clkbuf_16 in cell grouper_soc_chip_core
Note:  Implicit pin ZN in instance clkload188 of gf180mcu_fd_sc_mcu7t5v0__clkinv_8 in cell grouper_soc_chip_core
Note:  Implicit pin Z in instance clkload189 of gf180mcu_fd_sc_mcu7t5v0__clkbuf_16 in cell grouper_soc_chip_core
Note:  Implicit pin Z in instance clkload19 of gf180mcu_fd_sc_mcu7t5v0__clkbuf_16 in cell grouper_soc_chip_core
Note:  Implicit pin ZN in instance clkload190 of gf180mcu_fd_sc_mcu7t5v0__clkinv_1 in cell grouper_soc_chip_core
Note:  Implicit pin Z in instance clkload191 of gf180mcu_fd_sc_mcu7t5v0__clkbuf_12 in cell grouper_soc_chip_core
Note:  Implicit pin Z in instance clkload192 of gf180mcu_fd_sc_mcu7t5v0__clkbuf_8 in cell grouper_soc_chip_core
Note:  Implicit pin ZN in instance clkload193 of gf180mcu_fd_sc_mcu7t5v0__clkinv_8 in cell grouper_soc_chip_core
Note:  Implicit pin ZN in instance clkload194 of gf180mcu_fd_sc_mcu7t5v0__clkinv_2 in cell grouper_soc_chip_core
Note:  Implicit pin Z in instance clkload195 of gf180mcu_fd_sc_mcu7t5v0__clkbuf_12 in cell grouper_soc_chip_core
Note:  Implicit pin ZN in instance clkload196 of gf180mcu_fd_sc_mcu7t5v0__inv_3 in cell grouper_soc_chip_core
Note:  Implicit pin ZN in instance clkload197 of gf180mcu_fd_sc_mcu7t5v0__inv_3 in cell grouper_soc_chip_core
Note:  Implicit pin ZN in instance clkload198 of gf180mcu_fd_sc_mcu7t5v0__clkinv_8 in cell grouper_soc_chip_core
Note:  Implicit pin Z in instance clkload199 of gf180mcu_fd_sc_mcu7t5v0__clkbuf_16 in cell grouper_soc_chip_core
Note:  Implicit pin ZN in instance clkload2 of gf180mcu_fd_sc_mcu7t5v0__clkinv_12 in cell grouper_soc_chip_core
Note:  Implicit pin ZN in instance clkload20 of gf180mcu_fd_sc_mcu7t5v0__inv_8 in cell grouper_soc_chip_core
Note:  Implicit pin ZN in instance clkload200 of gf180mcu_fd_sc_mcu7t5v0__inv_3 in cell grouper_soc_chip_core
Note:  Implicit pin Z in instance clkload201 of gf180mcu_fd_sc_mcu7t5v0__clkbuf_16 in cell grouper_soc_chip_core
Note:  Implicit pin Z in instance clkload202 of gf180mcu_fd_sc_mcu7t5v0__clkbuf_12 in cell grouper_soc_chip_core
Note:  Implicit pin ZN in instance clkload203 of gf180mcu_fd_sc_mcu7t5v0__clkinv_2 in cell grouper_soc_chip_core
Note:  Implicit pin Z in instance clkload204 of gf180mcu_fd_sc_mcu7t5v0__clkbuf_8 in cell grouper_soc_chip_core
Note:  Implicit pin ZN in instance clkload205 of gf180mcu_fd_sc_mcu7t5v0__clkinv_2 in cell grouper_soc_chip_core
Note:  Implicit pin Z in instance clkload206 of gf180mcu_fd_sc_mcu7t5v0__clkbuf_8 in cell grouper_soc_chip_core
Note:  Implicit pin ZN in instance clkload207 of gf180mcu_fd_sc_mcu7t5v0__clkinv_2 in cell grouper_soc_chip_core
Note:  Implicit pin Z in instance clkload208 of gf180mcu_fd_sc_mcu7t5v0__clkbuf_12 in cell grouper_soc_chip_core
Note:  Implicit pin Z in instance clkload209 of gf180mcu_fd_sc_mcu7t5v0__clkbuf_16 in cell grouper_soc_chip_core
Note:  Implicit pin ZN in instance clkload21 of gf180mcu_fd_sc_mcu7t5v0__clkinv_8 in cell grouper_soc_chip_core
Note:  Implicit pin ZN in instance clkload210 of gf180mcu_fd_sc_mcu7t5v0__clkinv_2 in cell grouper_soc_chip_core
Note:  Implicit pin ZN in instance clkload211 of gf180mcu_fd_sc_mcu7t5v0__clkinv_8 in cell grouper_soc_chip_core
Note:  Implicit pin Z in instance clkload212 of gf180mcu_fd_sc_mcu7t5v0__clkbuf_12 in cell grouper_soc_chip_core
Note:  Implicit pin ZN in instance clkload213 of gf180mcu_fd_sc_mcu7t5v0__clkinv_8 in cell grouper_soc_chip_core
Note:  Implicit pin ZN in instance clkload214 of gf180mcu_fd_sc_mcu7t5v0__clkinv_2 in cell grouper_soc_chip_core
Note:  Implicit pin ZN in instance clkload215 of gf180mcu_fd_sc_mcu7t5v0__inv_3 in cell grouper_soc_chip_core
Note:  Implicit pin ZN in instance clkload216 of gf180mcu_fd_sc_mcu7t5v0__clkinv_8 in cell grouper_soc_chip_core
Note:  Implicit pin ZN in instance clkload217 of gf180mcu_fd_sc_mcu7t5v0__inv_3 in cell grouper_soc_chip_core
Note:  Implicit pin ZN in instance clkload218 of gf180mcu_fd_sc_mcu7t5v0__clkinv_2 in cell grouper_soc_chip_core
Note:  Implicit pin Z in instance clkload219 of gf180mcu_fd_sc_mcu7t5v0__clkbuf_16 in cell grouper_soc_chip_core
Note:  Implicit pin ZN in instance clkload22 of gf180mcu_fd_sc_mcu7t5v0__clkinv_8 in cell grouper_soc_chip_core
Note:  Implicit pin ZN in instance clkload220 of gf180mcu_fd_sc_mcu7t5v0__clkinv_8 in cell grouper_soc_chip_core
Note:  Implicit pin Z in instance clkload221 of gf180mcu_fd_sc_mcu7t5v0__clkbuf_16 in cell grouper_soc_chip_core
Note:  Implicit pin ZN in instance clkload222 of gf180mcu_fd_sc_mcu7t5v0__inv_3 in cell grouper_soc_chip_core
Note:  Implicit pin Z in instance clkload223 of gf180mcu_fd_sc_mcu7t5v0__clkbuf_16 in cell grouper_soc_chip_core
Note:  Implicit pin Z in instance clkload224 of gf180mcu_fd_sc_mcu7t5v0__clkbuf_8 in cell grouper_soc_chip_core
Note:  Implicit pin Z in instance clkload225 of gf180mcu_fd_sc_mcu7t5v0__clkbuf_16 in cell grouper_soc_chip_core
Note:  Implicit pin Z in instance clkload226 of gf180mcu_fd_sc_mcu7t5v0__clkbuf_8 in cell grouper_soc_chip_core
Note:  Implicit pin Z in instance clkload227 of gf180mcu_fd_sc_mcu7t5v0__clkbuf_16 in cell grouper_soc_chip_core
Note:  Implicit pin Z in instance clkload228 of gf180mcu_fd_sc_mcu7t5v0__clkbuf_16 in cell grouper_soc_chip_core
Note:  Implicit pin ZN in instance clkload229 of gf180mcu_fd_sc_mcu7t5v0__inv_3 in cell grouper_soc_chip_core
Note:  Implicit pin Z in instance clkload23 of gf180mcu_fd_sc_mcu7t5v0__clkbuf_16 in cell grouper_soc_chip_core
Note:  Implicit pin Z in instance clkload230 of gf180mcu_fd_sc_mcu7t5v0__clkbuf_12 in cell grouper_soc_chip_core
Note:  Implicit pin Z in instance clkload231 of gf180mcu_fd_sc_mcu7t5v0__clkbuf_8 in cell grouper_soc_chip_core
Note:  Implicit pin ZN in instance clkload232 of gf180mcu_fd_sc_mcu7t5v0__clkinv_8 in cell grouper_soc_chip_core
Note:  Implicit pin ZN in instance clkload233 of gf180mcu_fd_sc_mcu7t5v0__clkinv_8 in cell grouper_soc_chip_core
Note:  Implicit pin ZN in instance clkload234 of gf180mcu_fd_sc_mcu7t5v0__clkinv_12 in cell grouper_soc_chip_core
Note:  Implicit pin ZN in instance clkload235 of gf180mcu_fd_sc_mcu7t5v0__clkinv_8 in cell grouper_soc_chip_core
Note:  Implicit pin ZN in instance clkload236 of gf180mcu_fd_sc_mcu7t5v0__clkinv_8 in cell grouper_soc_chip_core
Note:  Implicit pin ZN in instance clkload237 of gf180mcu_fd_sc_mcu7t5v0__clkinv_12 in cell grouper_soc_chip_core
Note:  Implicit pin ZN in instance clkload238 of gf180mcu_fd_sc_mcu7t5v0__clkinv_12 in cell grouper_soc_chip_core
Note:  Implicit pin ZN in instance clkload239 of gf180mcu_fd_sc_mcu7t5v0__clkinv_12 in cell grouper_soc_chip_core
Note:  Implicit pin Z in instance clkload24 of gf180mcu_fd_sc_mcu7t5v0__clkbuf_16 in cell grouper_soc_chip_core
Note:  Implicit pin ZN in instance clkload240 of gf180mcu_fd_sc_mcu7t5v0__clkinv_8 in cell grouper_soc_chip_core
Note:  Implicit pin ZN in instance clkload241 of gf180mcu_fd_sc_mcu7t5v0__inv_12 in cell grouper_soc_chip_core
Note:  Implicit pin ZN in instance clkload242 of gf180mcu_fd_sc_mcu7t5v0__clkinv_8 in cell grouper_soc_chip_core
Note:  Implicit pin ZN in instance clkload243 of gf180mcu_fd_sc_mcu7t5v0__clkinv_12 in cell grouper_soc_chip_core
Note:  Implicit pin Z in instance clkload244 of gf180mcu_fd_sc_mcu7t5v0__clkbuf_16 in cell grouper_soc_chip_core
Note:  Implicit pin ZN in instance clkload245 of gf180mcu_fd_sc_mcu7t5v0__clkinv_8 in cell grouper_soc_chip_core
Note:  Implicit pin ZN in instance clkload246 of gf180mcu_fd_sc_mcu7t5v0__clkinv_8 in cell grouper_soc_chip_core
Note:  Implicit pin Z in instance clkload247 of gf180mcu_fd_sc_mcu7t5v0__clkbuf_16 in cell grouper_soc_chip_core
Note:  Implicit pin ZN in instance clkload248 of gf180mcu_fd_sc_mcu7t5v0__clkinv_8 in cell grouper_soc_chip_core
Note:  Implicit pin ZN in instance clkload249 of gf180mcu_fd_sc_mcu7t5v0__clkinv_8 in cell grouper_soc_chip_core
Note:  Implicit pin ZN in instance clkload25 of gf180mcu_fd_sc_mcu7t5v0__inv_3 in cell grouper_soc_chip_core
Note:  Implicit pin Z in instance clkload250 of gf180mcu_fd_sc_mcu7t5v0__clkbuf_16 in cell grouper_soc_chip_core
Note:  Implicit pin ZN in instance clkload251 of gf180mcu_fd_sc_mcu7t5v0__inv_12 in cell grouper_soc_chip_core
Note:  Implicit pin Z in instance clkload252 of gf180mcu_fd_sc_mcu7t5v0__clkbuf_8 in cell grouper_soc_chip_core
Note:  Implicit pin ZN in instance clkload253 of gf180mcu_fd_sc_mcu7t5v0__inv_3 in cell grouper_soc_chip_core
Note:  Implicit pin Z in instance clkload254 of gf180mcu_fd_sc_mcu7t5v0__clkbuf_12 in cell grouper_soc_chip_core
Note:  Implicit pin ZN in instance clkload255 of gf180mcu_fd_sc_mcu7t5v0__clkinv_2 in cell grouper_soc_chip_core
Note:  Implicit pin ZN in instance clkload256 of gf180mcu_fd_sc_mcu7t5v0__clkinv_1 in cell grouper_soc_chip_core
Note:  Implicit pin Z in instance clkload257 of gf180mcu_fd_sc_mcu7t5v0__clkbuf_16 in cell grouper_soc_chip_core
Note:  Implicit pin Z in instance clkload258 of gf180mcu_fd_sc_mcu7t5v0__clkbuf_8 in cell grouper_soc_chip_core
Note:  Implicit pin ZN in instance clkload259 of gf180mcu_fd_sc_mcu7t5v0__clkinv_2 in cell grouper_soc_chip_core
Note:  Implicit pin Z in instance clkload26 of gf180mcu_fd_sc_mcu7t5v0__clkbuf_16 in cell grouper_soc_chip_core
Note:  Implicit pin Z in instance clkload260 of gf180mcu_fd_sc_mcu7t5v0__clkbuf_16 in cell grouper_soc_chip_core
Note:  Implicit pin ZN in instance clkload261 of gf180mcu_fd_sc_mcu7t5v0__clkinv_1 in cell grouper_soc_chip_core
Note:  Implicit pin Z in instance clkload262 of gf180mcu_fd_sc_mcu7t5v0__clkbuf_16 in cell grouper_soc_chip_core
Note:  Implicit pin ZN in instance clkload263 of gf180mcu_fd_sc_mcu7t5v0__inv_3 in cell grouper_soc_chip_core
Note:  Implicit pin Z in instance clkload264 of gf180mcu_fd_sc_mcu7t5v0__clkbuf_12 in cell grouper_soc_chip_core
Note:  Implicit pin Z in instance clkload265 of gf180mcu_fd_sc_mcu7t5v0__clkbuf_8 in cell grouper_soc_chip_core
Note:  Implicit pin Z in instance clkload266 of gf180mcu_fd_sc_mcu7t5v0__clkbuf_12 in cell grouper_soc_chip_core
Note:  Implicit pin Z in instance clkload267 of gf180mcu_fd_sc_mcu7t5v0__clkbuf_8 in cell grouper_soc_chip_core
Note:  Implicit pin Z in instance clkload268 of gf180mcu_fd_sc_mcu7t5v0__clkbuf_12 in cell grouper_soc_chip_core
Note:  Implicit pin ZN in instance clkload269 of gf180mcu_fd_sc_mcu7t5v0__clkinv_8 in cell grouper_soc_chip_core
Note:  Implicit pin ZN in instance clkload27 of gf180mcu_fd_sc_mcu7t5v0__clkinv_2 in cell grouper_soc_chip_core
Note:  Implicit pin ZN in instance clkload270 of gf180mcu_fd_sc_mcu7t5v0__clkinv_8 in cell grouper_soc_chip_core
Note:  Implicit pin ZN in instance clkload271 of gf180mcu_fd_sc_mcu7t5v0__clkinv_8 in cell grouper_soc_chip_core
Note:  Implicit pin ZN in instance clkload272 of gf180mcu_fd_sc_mcu7t5v0__clkinv_8 in cell grouper_soc_chip_core
Note:  Implicit pin Z in instance clkload273 of gf180mcu_fd_sc_mcu7t5v0__clkbuf_16 in cell grouper_soc_chip_core
Note:  Implicit pin Z in instance clkload274 of gf180mcu_fd_sc_mcu7t5v0__clkbuf_12 in cell grouper_soc_chip_core
Note:  Implicit pin ZN in instance clkload275 of gf180mcu_fd_sc_mcu7t5v0__clkinv_8 in cell grouper_soc_chip_core
Note:  Implicit pin Z in instance clkload276 of gf180mcu_fd_sc_mcu7t5v0__clkbuf_8 in cell grouper_soc_chip_core
Note:  Implicit pin Z in instance clkload277 of gf180mcu_fd_sc_mcu7t5v0__clkbuf_8 in cell grouper_soc_chip_core
Note:  Implicit pin Z in instance clkload278 of gf180mcu_fd_sc_mcu7t5v0__clkbuf_16 in cell grouper_soc_chip_core
Note:  Implicit pin ZN in instance clkload279 of gf180mcu_fd_sc_mcu7t5v0__inv_8 in cell grouper_soc_chip_core
Note:  Implicit pin Z in instance clkload28 of gf180mcu_fd_sc_mcu7t5v0__clkbuf_16 in cell grouper_soc_chip_core
Note:  Implicit pin Z in instance clkload280 of gf180mcu_fd_sc_mcu7t5v0__clkbuf_16 in cell grouper_soc_chip_core
Note:  Implicit pin ZN in instance clkload281 of gf180mcu_fd_sc_mcu7t5v0__inv_3 in cell grouper_soc_chip_core
Note:  Implicit pin Z in instance clkload282 of gf180mcu_fd_sc_mcu7t5v0__clkbuf_8 in cell grouper_soc_chip_core
Note:  Implicit pin ZN in instance clkload283 of gf180mcu_fd_sc_mcu7t5v0__clkinv_8 in cell grouper_soc_chip_core
Note:  Implicit pin Z in instance clkload284 of gf180mcu_fd_sc_mcu7t5v0__clkbuf_4 in cell grouper_soc_chip_core
Note:  Implicit pin ZN in instance clkload285 of gf180mcu_fd_sc_mcu7t5v0__clkinv_4 in cell grouper_soc_chip_core
Note:  Implicit pin Z in instance clkload286 of gf180mcu_fd_sc_mcu7t5v0__clkbuf_4 in cell grouper_soc_chip_core
Note:  Implicit pin ZN in instance clkload287 of gf180mcu_fd_sc_mcu7t5v0__clkinv_1 in cell grouper_soc_chip_core
Note:  Implicit pin ZN in instance clkload288 of gf180mcu_fd_sc_mcu7t5v0__inv_4 in cell grouper_soc_chip_core
Note:  Implicit pin ZN in instance clkload289 of gf180mcu_fd_sc_mcu7t5v0__clkinv_4 in cell grouper_soc_chip_core
Note:  Implicit pin Z in instance clkload29 of gf180mcu_fd_sc_mcu7t5v0__clkbuf_16 in cell grouper_soc_chip_core
Note:  Implicit pin Z in instance clkload290 of gf180mcu_fd_sc_mcu7t5v0__clkbuf_4 in cell grouper_soc_chip_core
Note:  Implicit pin Z in instance clkload291 of gf180mcu_fd_sc_mcu7t5v0__clkbuf_16 in cell grouper_soc_chip_core
Note:  Implicit pin ZN in instance clkload292 of gf180mcu_fd_sc_mcu7t5v0__inv_8 in cell grouper_soc_chip_core
Note:  Implicit pin ZN in instance clkload293 of gf180mcu_fd_sc_mcu7t5v0__inv_4 in cell grouper_soc_chip_core
Note:  Implicit pin ZN in instance clkload294 of gf180mcu_fd_sc_mcu7t5v0__inv_8 in cell grouper_soc_chip_core
Note:  Implicit pin Z in instance clkload295 of gf180mcu_fd_sc_mcu7t5v0__clkbuf_16 in cell grouper_soc_chip_core
Note:  Implicit pin ZN in instance clkload296 of gf180mcu_fd_sc_mcu7t5v0__inv_12 in cell grouper_soc_chip_core
Note:  Implicit pin Z in instance clkload297 of gf180mcu_fd_sc_mcu7t5v0__clkbuf_16 in cell grouper_soc_chip_core
Note:  Implicit pin ZN in instance clkload298 of gf180mcu_fd_sc_mcu7t5v0__inv_12 in cell grouper_soc_chip_core
Note:  Implicit pin ZN in instance clkload299 of gf180mcu_fd_sc_mcu7t5v0__inv_12 in cell grouper_soc_chip_core
Note:  Implicit pin ZN in instance clkload3 of gf180mcu_fd_sc_mcu7t5v0__clkinv_12 in cell grouper_soc_chip_core
Note:  Implicit pin Z in instance clkload30 of gf180mcu_fd_sc_mcu7t5v0__clkbuf_16 in cell grouper_soc_chip_core
Note:  Implicit pin ZN in instance clkload300 of gf180mcu_fd_sc_mcu7t5v0__clkinv_8 in cell grouper_soc_chip_core
Note:  Implicit pin ZN in instance clkload301 of gf180mcu_fd_sc_mcu7t5v0__inv_12 in cell grouper_soc_chip_core
Note:  Implicit pin ZN in instance clkload302 of gf180mcu_fd_sc_mcu7t5v0__inv_12 in cell grouper_soc_chip_core
Note:  Implicit pin ZN in instance clkload303 of gf180mcu_fd_sc_mcu7t5v0__inv_12 in cell grouper_soc_chip_core
Note:  Implicit pin ZN in instance clkload304 of gf180mcu_fd_sc_mcu7t5v0__clkinv_1 in cell grouper_soc_chip_core
Note:  Implicit pin Z in instance clkload305 of gf180mcu_fd_sc_mcu7t5v0__clkbuf_16 in cell grouper_soc_chip_core
Note:  Implicit pin ZN in instance clkload306 of gf180mcu_fd_sc_mcu7t5v0__inv_2 in cell grouper_soc_chip_core
Note:  Implicit pin ZN in instance clkload307 of gf180mcu_fd_sc_mcu7t5v0__clkinv_1 in cell grouper_soc_chip_core
Note:  Implicit pin ZN in instance clkload308 of gf180mcu_fd_sc_mcu7t5v0__clkinv_1 in cell grouper_soc_chip_core
Note:  Implicit pin ZN in instance clkload309 of gf180mcu_fd_sc_mcu7t5v0__inv_2 in cell grouper_soc_chip_core
Note:  Implicit pin ZN in instance clkload31 of gf180mcu_fd_sc_mcu7t5v0__inv_3 in cell grouper_soc_chip_core
Note:  Implicit pin Z in instance clkload310 of gf180mcu_fd_sc_mcu7t5v0__clkbuf_12 in cell grouper_soc_chip_core
Note:  Implicit pin ZN in instance clkload311 of gf180mcu_fd_sc_mcu7t5v0__clkinv_1 in cell grouper_soc_chip_core
Note:  Implicit pin ZN in instance clkload312 of gf180mcu_fd_sc_mcu7t5v0__inv_3 in cell grouper_soc_chip_core
Note:  Implicit pin ZN in instance clkload313 of gf180mcu_fd_sc_mcu7t5v0__clkinv_1 in cell grouper_soc_chip_core
Note:  Implicit pin ZN in instance clkload314 of gf180mcu_fd_sc_mcu7t5v0__clkinv_2 in cell grouper_soc_chip_core
Note:  Implicit pin ZN in instance clkload315 of gf180mcu_fd_sc_mcu7t5v0__inv_2 in cell grouper_soc_chip_core
Note:  Implicit pin ZN in instance clkload316 of gf180mcu_fd_sc_mcu7t5v0__clkinv_2 in cell grouper_soc_chip_core
Note:  Implicit pin ZN in instance clkload317 of gf180mcu_fd_sc_mcu7t5v0__clkinv_1 in cell grouper_soc_chip_core
Note:  Implicit pin ZN in instance clkload318 of gf180mcu_fd_sc_mcu7t5v0__clkinv_2 in cell grouper_soc_chip_core
Note:  Implicit pin ZN in instance clkload319 of gf180mcu_fd_sc_mcu7t5v0__clkinv_1 in cell grouper_soc_chip_core
Note:  Implicit pin ZN in instance clkload32 of gf180mcu_fd_sc_mcu7t5v0__clkinv_8 in cell grouper_soc_chip_core
Note:  Implicit pin Z in instance clkload320 of gf180mcu_fd_sc_mcu7t5v0__clkbuf_16 in cell grouper_soc_chip_core
Note:  Implicit pin ZN in instance clkload321 of gf180mcu_fd_sc_mcu7t5v0__clkinv_8 in cell grouper_soc_chip_core
Note:  Implicit pin Z in instance clkload322 of gf180mcu_fd_sc_mcu7t5v0__clkbuf_16 in cell grouper_soc_chip_core
Note:  Implicit pin ZN in instance clkload323 of gf180mcu_fd_sc_mcu7t5v0__inv_2 in cell grouper_soc_chip_core
Note:  Implicit pin Z in instance clkload324 of gf180mcu_fd_sc_mcu7t5v0__clkbuf_16 in cell grouper_soc_chip_core
Note:  Implicit pin Z in instance clkload325 of gf180mcu_fd_sc_mcu7t5v0__clkbuf_16 in cell grouper_soc_chip_core
Note:  Implicit pin Z in instance clkload326 of gf180mcu_fd_sc_mcu7t5v0__clkbuf_16 in cell grouper_soc_chip_core
Note:  Implicit pin ZN in instance clkload327 of gf180mcu_fd_sc_mcu7t5v0__clkinv_1 in cell grouper_soc_chip_core
Note:  Implicit pin ZN in instance clkload328 of gf180mcu_fd_sc_mcu7t5v0__inv_2 in cell grouper_soc_chip_core
Note:  Implicit pin ZN in instance clkload329 of gf180mcu_fd_sc_mcu7t5v0__inv_2 in cell grouper_soc_chip_core
Note:  Implicit pin ZN in instance clkload33 of gf180mcu_fd_sc_mcu7t5v0__clkinv_2 in cell grouper_soc_chip_core
Note:  Implicit pin Z in instance clkload330 of gf180mcu_fd_sc_mcu7t5v0__clkbuf_12 in cell grouper_soc_chip_core
Note:  Implicit pin ZN in instance clkload331 of gf180mcu_fd_sc_mcu7t5v0__inv_3 in cell grouper_soc_chip_core
Note:  Implicit pin ZN in instance clkload332 of gf180mcu_fd_sc_mcu7t5v0__inv_3 in cell grouper_soc_chip_core
Note:  Implicit pin Z in instance clkload333 of gf180mcu_fd_sc_mcu7t5v0__clkbuf_12 in cell grouper_soc_chip_core
Note:  Implicit pin ZN in instance clkload334 of gf180mcu_fd_sc_mcu7t5v0__inv_4 in cell grouper_soc_chip_core
Note:  Implicit pin ZN in instance clkload335 of gf180mcu_fd_sc_mcu7t5v0__inv_4 in cell grouper_soc_chip_core
Note:  Implicit pin Z in instance clkload336 of gf180mcu_fd_sc_mcu7t5v0__clkbuf_12 in cell grouper_soc_chip_core
Note:  Implicit pin ZN in instance clkload337 of gf180mcu_fd_sc_mcu7t5v0__inv_3 in cell grouper_soc_chip_core
Note:  Implicit pin ZN in instance clkload338 of gf180mcu_fd_sc_mcu7t5v0__inv_4 in cell grouper_soc_chip_core
Note:  Implicit pin ZN in instance clkload339 of gf180mcu_fd_sc_mcu7t5v0__inv_4 in cell grouper_soc_chip_core
Note:  Implicit pin Z in instance clkload34 of gf180mcu_fd_sc_mcu7t5v0__clkbuf_12 in cell grouper_soc_chip_core
Note:  Implicit pin ZN in instance clkload340 of gf180mcu_fd_sc_mcu7t5v0__clkinv_2 in cell grouper_soc_chip_core
Note:  Implicit pin ZN in instance clkload341 of gf180mcu_fd_sc_mcu7t5v0__clkinv_8 in cell grouper_soc_chip_core
Note:  Implicit pin Z in instance clkload342 of gf180mcu_fd_sc_mcu7t5v0__clkbuf_16 in cell grouper_soc_chip_core
Note:  Implicit pin ZN in instance clkload343 of gf180mcu_fd_sc_mcu7t5v0__clkinv_4 in cell grouper_soc_chip_core
Note:  Implicit pin ZN in instance clkload344 of gf180mcu_fd_sc_mcu7t5v0__clkinv_8 in cell grouper_soc_chip_core
Note:  Implicit pin ZN in instance clkload345 of gf180mcu_fd_sc_mcu7t5v0__clkinv_4 in cell grouper_soc_chip_core
Note:  Implicit pin ZN in instance clkload346 of gf180mcu_fd_sc_mcu7t5v0__clkinv_8 in cell grouper_soc_chip_core
Note:  Implicit pin ZN in instance clkload347 of gf180mcu_fd_sc_mcu7t5v0__clkinv_4 in cell grouper_soc_chip_core
Note:  Implicit pin Z in instance clkload348 of gf180mcu_fd_sc_mcu7t5v0__clkbuf_16 in cell grouper_soc_chip_core
Note:  Implicit pin Z in instance clkload349 of gf180mcu_fd_sc_mcu7t5v0__clkbuf_16 in cell grouper_soc_chip_core
Note:  Implicit pin ZN in instance clkload35 of gf180mcu_fd_sc_mcu7t5v0__clkinv_8 in cell grouper_soc_chip_core
Note:  Implicit pin Z in instance clkload350 of gf180mcu_fd_sc_mcu7t5v0__clkbuf_16 in cell grouper_soc_chip_core
Note:  Implicit pin ZN in instance clkload351 of gf180mcu_fd_sc_mcu7t5v0__inv_4 in cell grouper_soc_chip_core
Note:  Implicit pin ZN in instance clkload352 of gf180mcu_fd_sc_mcu7t5v0__inv_8 in cell grouper_soc_chip_core
Note:  Implicit pin Z in instance clkload353 of gf180mcu_fd_sc_mcu7t5v0__clkbuf_16 in cell grouper_soc_chip_core
Note:  Implicit pin Z in instance clkload354 of gf180mcu_fd_sc_mcu7t5v0__clkbuf_12 in cell grouper_soc_chip_core
Note:  Implicit pin ZN in instance clkload355 of gf180mcu_fd_sc_mcu7t5v0__inv_3 in cell grouper_soc_chip_core
Note:  Implicit pin Z in instance clkload356 of gf180mcu_fd_sc_mcu7t5v0__clkbuf_12 in cell grouper_soc_chip_core
Note:  Implicit pin Z in instance clkload357 of gf180mcu_fd_sc_mcu7t5v0__clkbuf_12 in cell grouper_soc_chip_core
Note:  Implicit pin ZN in instance clkload358 of gf180mcu_fd_sc_mcu7t5v0__inv_4 in cell grouper_soc_chip_core
Note:  Implicit pin ZN in instance clkload359 of gf180mcu_fd_sc_mcu7t5v0__inv_4 in cell grouper_soc_chip_core
Note:  Implicit pin ZN in instance clkload36 of gf180mcu_fd_sc_mcu7t5v0__inv_3 in cell grouper_soc_chip_core
Note:  Implicit pin ZN in instance clkload360 of gf180mcu_fd_sc_mcu7t5v0__inv_4 in cell grouper_soc_chip_core
Note:  Implicit pin Z in instance clkload361 of gf180mcu_fd_sc_mcu7t5v0__clkbuf_16 in cell grouper_soc_chip_core
Note:  Implicit pin ZN in instance clkload362 of gf180mcu_fd_sc_mcu7t5v0__inv_4 in cell grouper_soc_chip_core
Note:  Implicit pin Z in instance clkload363 of gf180mcu_fd_sc_mcu7t5v0__clkbuf_16 in cell grouper_soc_chip_core
Note:  Implicit pin Z in instance clkload364 of gf180mcu_fd_sc_mcu7t5v0__clkbuf_16 in cell grouper_soc_chip_core
Note:  Implicit pin ZN in instance clkload365 of gf180mcu_fd_sc_mcu7t5v0__clkinv_1 in cell grouper_soc_chip_core
Note:  Implicit pin ZN in instance clkload366 of gf180mcu_fd_sc_mcu7t5v0__inv_4 in cell grouper_soc_chip_core
Note:  Implicit pin ZN in instance clkload367 of gf180mcu_fd_sc_mcu7t5v0__clkinv_8 in cell grouper_soc_chip_core
Note:  Implicit pin Z in instance clkload368 of gf180mcu_fd_sc_mcu7t5v0__clkbuf_16 in cell grouper_soc_chip_core
Note:  Implicit pin ZN in instance clkload369 of gf180mcu_fd_sc_mcu7t5v0__clkinv_8 in cell grouper_soc_chip_core
Note:  Implicit pin Z in instance clkload37 of gf180mcu_fd_sc_mcu7t5v0__clkbuf_12 in cell grouper_soc_chip_core
Note:  Implicit pin ZN in instance clkload370 of gf180mcu_fd_sc_mcu7t5v0__inv_4 in cell grouper_soc_chip_core
Note:  Implicit pin ZN in instance clkload371 of gf180mcu_fd_sc_mcu7t5v0__inv_1 in cell grouper_soc_chip_core
Note:  Implicit pin ZN in instance clkload372 of gf180mcu_fd_sc_mcu7t5v0__inv_4 in cell grouper_soc_chip_core
Note:  Implicit pin Z in instance clkload373 of gf180mcu_fd_sc_mcu7t5v0__clkbuf_16 in cell grouper_soc_chip_core
Note:  Implicit pin Z in instance clkload374 of gf180mcu_fd_sc_mcu7t5v0__clkbuf_16 in cell grouper_soc_chip_core
Note:  Implicit pin ZN in instance clkload375 of gf180mcu_fd_sc_mcu7t5v0__clkinv_8 in cell grouper_soc_chip_core
Note:  Implicit pin ZN in instance clkload376 of gf180mcu_fd_sc_mcu7t5v0__inv_8 in cell grouper_soc_chip_core
Note:  Implicit pin ZN in instance clkload377 of gf180mcu_fd_sc_mcu7t5v0__inv_4 in cell grouper_soc_chip_core
Note:  Implicit pin Z in instance clkload378 of gf180mcu_fd_sc_mcu7t5v0__clkbuf_16 in cell grouper_soc_chip_core
Note:  Implicit pin Z in instance clkload379 of gf180mcu_fd_sc_mcu7t5v0__clkbuf_12 in cell grouper_soc_chip_core
Note:  Implicit pin ZN in instance clkload38 of gf180mcu_fd_sc_mcu7t5v0__clkinv_8 in cell grouper_soc_chip_core
Note:  Implicit pin Z in instance clkload380 of gf180mcu_fd_sc_mcu7t5v0__clkbuf_4 in cell grouper_soc_chip_core
Note:  Implicit pin Z in instance clkload381 of gf180mcu_fd_sc_mcu7t5v0__clkbuf_4 in cell grouper_soc_chip_core
Note:  Implicit pin ZN in instance clkload382 of gf180mcu_fd_sc_mcu7t5v0__inv_3 in cell grouper_soc_chip_core
Note:  Implicit pin ZN in instance clkload383 of gf180mcu_fd_sc_mcu7t5v0__inv_4 in cell grouper_soc_chip_core
Note:  Implicit pin Z in instance clkload384 of gf180mcu_fd_sc_mcu7t5v0__clkbuf_12 in cell grouper_soc_chip_core
Note:  Implicit pin Z in instance clkload385 of gf180mcu_fd_sc_mcu7t5v0__clkbuf_4 in cell grouper_soc_chip_core
Note:  Implicit pin Z in instance clkload386 of gf180mcu_fd_sc_mcu7t5v0__clkbuf_12 in cell grouper_soc_chip_core
Note:  Implicit pin ZN in instance clkload387 of gf180mcu_fd_sc_mcu7t5v0__inv_4 in cell grouper_soc_chip_core
Note:  Implicit pin Z in instance clkload388 of gf180mcu_fd_sc_mcu7t5v0__clkbuf_16 in cell grouper_soc_chip_core
Note:  Implicit pin ZN in instance clkload389 of gf180mcu_fd_sc_mcu7t5v0__clkinv_8 in cell grouper_soc_chip_core
Note:  Implicit pin ZN in instance clkload39 of gf180mcu_fd_sc_mcu7t5v0__inv_8 in cell grouper_soc_chip_core
Note:  Implicit pin Z in instance clkload390 of gf180mcu_fd_sc_mcu7t5v0__clkbuf_16 in cell grouper_soc_chip_core
Note:  Implicit pin Z in instance clkload391 of gf180mcu_fd_sc_mcu7t5v0__clkbuf_16 in cell grouper_soc_chip_core
Note:  Implicit pin ZN in instance clkload392 of gf180mcu_fd_sc_mcu7t5v0__inv_3 in cell grouper_soc_chip_core
Note:  Implicit pin Z in instance clkload393 of gf180mcu_fd_sc_mcu7t5v0__clkbuf_16 in cell grouper_soc_chip_core
Note:  Implicit pin Z in instance clkload394 of gf180mcu_fd_sc_mcu7t5v0__clkbuf_16 in cell grouper_soc_chip_core
Note:  Implicit pin Z in instance clkload395 of gf180mcu_fd_sc_mcu7t5v0__clkbuf_16 in cell grouper_soc_chip_core
Note:  Implicit pin ZN in instance clkload396 of gf180mcu_fd_sc_mcu7t5v0__inv_4 in cell grouper_soc_chip_core
Note:  Implicit pin ZN in instance clkload397 of gf180mcu_fd_sc_mcu7t5v0__inv_4 in cell grouper_soc_chip_core
Note:  Implicit pin Z in instance clkload398 of gf180mcu_fd_sc_mcu7t5v0__clkbuf_16 in cell grouper_soc_chip_core
Note:  Implicit pin ZN in instance clkload399 of gf180mcu_fd_sc_mcu7t5v0__inv_3 in cell grouper_soc_chip_core
Note:  Implicit pin ZN in instance clkload4 of gf180mcu_fd_sc_mcu7t5v0__inv_20 in cell grouper_soc_chip_core
Note:  Implicit pin Z in instance clkload40 of gf180mcu_fd_sc_mcu7t5v0__clkbuf_8 in cell grouper_soc_chip_core
Note:  Implicit pin Z in instance clkload400 of gf180mcu_fd_sc_mcu7t5v0__clkbuf_16 in cell grouper_soc_chip_core
Note:  Implicit pin ZN in instance clkload401 of gf180mcu_fd_sc_mcu7t5v0__inv_2 in cell grouper_soc_chip_core
Note:  Implicit pin Z in instance clkload402 of gf180mcu_fd_sc_mcu7t5v0__clkbuf_12 in cell grouper_soc_chip_core
Note:  Implicit pin ZN in instance clkload403 of gf180mcu_fd_sc_mcu7t5v0__inv_4 in cell grouper_soc_chip_core
Note:  Implicit pin Z in instance clkload404 of gf180mcu_fd_sc_mcu7t5v0__clkbuf_12 in cell grouper_soc_chip_core
Note:  Implicit pin ZN in instance clkload405 of gf180mcu_fd_sc_mcu7t5v0__inv_4 in cell grouper_soc_chip_core
Note:  Implicit pin Z in instance clkload406 of gf180mcu_fd_sc_mcu7t5v0__clkbuf_16 in cell grouper_soc_chip_core
Note:  Implicit pin ZN in instance clkload407 of gf180mcu_fd_sc_mcu7t5v0__clkinv_8 in cell grouper_soc_chip_core
Note:  Implicit pin ZN in instance clkload408 of gf180mcu_fd_sc_mcu7t5v0__inv_3 in cell grouper_soc_chip_core
Note:  Implicit pin Z in instance clkload409 of gf180mcu_fd_sc_mcu7t5v0__clkbuf_12 in cell grouper_soc_chip_core
Note:  Implicit pin ZN in instance clkload41 of gf180mcu_fd_sc_mcu7t5v0__clkinv_1 in cell grouper_soc_chip_core
Note:  Implicit pin Z in instance clkload410 of gf180mcu_fd_sc_mcu7t5v0__clkbuf_4 in cell grouper_soc_chip_core
Note:  Implicit pin Z in instance clkload411 of gf180mcu_fd_sc_mcu7t5v0__clkbuf_12 in cell grouper_soc_chip_core
Note:  Implicit pin Z in instance clkload412 of gf180mcu_fd_sc_mcu7t5v0__clkbuf_16 in cell grouper_soc_chip_core
Note:  Implicit pin Z in instance clkload42 of gf180mcu_fd_sc_mcu7t5v0__clkbuf_12 in cell grouper_soc_chip_core
Note:  Implicit pin ZN in instance clkload43 of gf180mcu_fd_sc_mcu7t5v0__inv_3 in cell grouper_soc_chip_core
Note:  Implicit pin Z in instance clkload44 of gf180mcu_fd_sc_mcu7t5v0__clkbuf_16 in cell grouper_soc_chip_core
Note:  Implicit pin ZN in instance clkload45 of gf180mcu_fd_sc_mcu7t5v0__inv_3 in cell grouper_soc_chip_core
Note:  Implicit pin ZN in instance clkload46 of gf180mcu_fd_sc_mcu7t5v0__inv_3 in cell grouper_soc_chip_core
Note:  Implicit pin ZN in instance clkload47 of gf180mcu_fd_sc_mcu7t5v0__inv_2 in cell grouper_soc_chip_core
Note:  Implicit pin Z in instance clkload48 of gf180mcu_fd_sc_mcu7t5v0__clkbuf_4 in cell grouper_soc_chip_core
Note:  Implicit pin ZN in instance clkload49 of gf180mcu_fd_sc_mcu7t5v0__clkinv_1 in cell grouper_soc_chip_core
Note:  Implicit pin ZN in instance clkload5 of gf180mcu_fd_sc_mcu7t5v0__clkinv_12 in cell grouper_soc_chip_core
Note:  Implicit pin ZN in instance clkload50 of gf180mcu_fd_sc_mcu7t5v0__clkinv_8 in cell grouper_soc_chip_core
Note:  Implicit pin ZN in instance clkload51 of gf180mcu_fd_sc_mcu7t5v0__inv_8 in cell grouper_soc_chip_core
Note:  Implicit pin ZN in instance clkload52 of gf180mcu_fd_sc_mcu7t5v0__clkinv_4 in cell grouper_soc_chip_core
Note:  Implicit pin ZN in instance clkload53 of gf180mcu_fd_sc_mcu7t5v0__inv_8 in cell grouper_soc_chip_core
Note:  Implicit pin Z in instance clkload54 of gf180mcu_fd_sc_mcu7t5v0__clkbuf_16 in cell grouper_soc_chip_core
Note:  Implicit pin ZN in instance clkload55 of gf180mcu_fd_sc_mcu7t5v0__clkinv_2 in cell grouper_soc_chip_core
Note:  Implicit pin ZN in instance clkload56 of gf180mcu_fd_sc_mcu7t5v0__clkinv_8 in cell grouper_soc_chip_core
Note:  Implicit pin Z in instance clkload57 of gf180mcu_fd_sc_mcu7t5v0__clkbuf_16 in cell grouper_soc_chip_core
Note:  Implicit pin Z in instance clkload58 of gf180mcu_fd_sc_mcu7t5v0__clkbuf_12 in cell grouper_soc_chip_core
Note:  Implicit pin Z in instance clkload59 of gf180mcu_fd_sc_mcu7t5v0__clkbuf_16 in cell grouper_soc_chip_core
Note:  Implicit pin ZN in instance clkload6 of gf180mcu_fd_sc_mcu7t5v0__inv_20 in cell grouper_soc_chip_core
Note:  Implicit pin ZN in instance clkload60 of gf180mcu_fd_sc_mcu7t5v0__clkinv_8 in cell grouper_soc_chip_core
Note:  Implicit pin Z in instance clkload61 of gf180mcu_fd_sc_mcu7t5v0__clkbuf_8 in cell grouper_soc_chip_core
Note:  Implicit pin ZN in instance clkload62 of gf180mcu_fd_sc_mcu7t5v0__inv_3 in cell grouper_soc_chip_core
Note:  Implicit pin Z in instance clkload63 of gf180mcu_fd_sc_mcu7t5v0__clkbuf_12 in cell grouper_soc_chip_core
Note:  Implicit pin Z in instance clkload64 of gf180mcu_fd_sc_mcu7t5v0__clkbuf_12 in cell grouper_soc_chip_core
Note:  Implicit pin ZN in instance clkload65 of gf180mcu_fd_sc_mcu7t5v0__clkinv_8 in cell grouper_soc_chip_core
Note:  Implicit pin ZN in instance clkload66 of gf180mcu_fd_sc_mcu7t5v0__clkinv_1 in cell grouper_soc_chip_core
Note:  Implicit pin ZN in instance clkload67 of gf180mcu_fd_sc_mcu7t5v0__clkinv_8 in cell grouper_soc_chip_core
Note:  Implicit pin ZN in instance clkload68 of gf180mcu_fd_sc_mcu7t5v0__clkinv_2 in cell grouper_soc_chip_core
Note:  Implicit pin ZN in instance clkload69 of gf180mcu_fd_sc_mcu7t5v0__inv_3 in cell grouper_soc_chip_core
Note:  Implicit pin ZN in instance clkload7 of gf180mcu_fd_sc_mcu7t5v0__inv_8 in cell grouper_soc_chip_core
Note:  Implicit pin Z in instance clkload70 of gf180mcu_fd_sc_mcu7t5v0__clkbuf_4 in cell grouper_soc_chip_core
Note:  Implicit pin ZN in instance clkload71 of gf180mcu_fd_sc_mcu7t5v0__clkinv_3 in cell grouper_soc_chip_core
Note:  Implicit pin ZN in instance clkload72 of gf180mcu_fd_sc_mcu7t5v0__inv_2 in cell grouper_soc_chip_core
Note:  Implicit pin Z in instance clkload73 of gf180mcu_fd_sc_mcu7t5v0__clkbuf_12 in cell grouper_soc_chip_core
Note:  Implicit pin ZN in instance clkload74 of gf180mcu_fd_sc_mcu7t5v0__inv_4 in cell grouper_soc_chip_core
Note:  Implicit pin Z in instance clkload75 of gf180mcu_fd_sc_mcu7t5v0__clkbuf_8 in cell grouper_soc_chip_core
Note:  Implicit pin ZN in instance clkload76 of gf180mcu_fd_sc_mcu7t5v0__inv_1 in cell grouper_soc_chip_core
Note:  Implicit pin ZN in instance clkload77 of gf180mcu_fd_sc_mcu7t5v0__clkinv_1 in cell grouper_soc_chip_core
Note:  Implicit pin Z in instance clkload78 of gf180mcu_fd_sc_mcu7t5v0__clkbuf_8 in cell grouper_soc_chip_core
Note:  Implicit pin ZN in instance clkload79 of gf180mcu_fd_sc_mcu7t5v0__inv_2 in cell grouper_soc_chip_core
Note:  Implicit pin ZN in instance clkload8 of gf180mcu_fd_sc_mcu7t5v0__inv_20 in cell grouper_soc_chip_core
Note:  Implicit pin ZN in instance clkload80 of gf180mcu_fd_sc_mcu7t5v0__inv_4 in cell grouper_soc_chip_core
Note:  Implicit pin Z in instance clkload81 of gf180mcu_fd_sc_mcu7t5v0__clkbuf_16 in cell grouper_soc_chip_core
Note:  Implicit pin ZN in instance clkload82 of gf180mcu_fd_sc_mcu7t5v0__clkinv_8 in cell grouper_soc_chip_core
Note:  Implicit pin ZN in instance clkload83 of gf180mcu_fd_sc_mcu7t5v0__inv_8 in cell grouper_soc_chip_core
Note:  Implicit pin ZN in instance clkload84 of gf180mcu_fd_sc_mcu7t5v0__inv_12 in cell grouper_soc_chip_core
Note:  Implicit pin ZN in instance clkload85 of gf180mcu_fd_sc_mcu7t5v0__inv_8 in cell grouper_soc_chip_core
Note:  Implicit pin Z in instance clkload86 of gf180mcu_fd_sc_mcu7t5v0__clkbuf_16 in cell grouper_soc_chip_core
Note:  Implicit pin ZN in instance clkload87 of gf180mcu_fd_sc_mcu7t5v0__clkinv_8 in cell grouper_soc_chip_core
Note:  Implicit pin ZN in instance clkload88 of gf180mcu_fd_sc_mcu7t5v0__clkinv_12 in cell grouper_soc_chip_core
Note:  Implicit pin ZN in instance clkload89 of gf180mcu_fd_sc_mcu7t5v0__clkinv_8 in cell grouper_soc_chip_core
Note:  Implicit pin Z in instance clkload9 of gf180mcu_fd_sc_mcu7t5v0__clkbuf_16 in cell grouper_soc_chip_core
Note:  Implicit pin Z in instance clkload90 of gf180mcu_fd_sc_mcu7t5v0__clkbuf_16 in cell grouper_soc_chip_core
Note:  Implicit pin ZN in instance clkload91 of gf180mcu_fd_sc_mcu7t5v0__clkinv_8 in cell grouper_soc_chip_core
Note:  Implicit pin ZN in instance clkload92 of gf180mcu_fd_sc_mcu7t5v0__clkinv_12 in cell grouper_soc_chip_core
Note:  Implicit pin ZN in instance clkload93 of gf180mcu_fd_sc_mcu7t5v0__inv_8 in cell grouper_soc_chip_core
Note:  Implicit pin Z in instance clkload94 of gf180mcu_fd_sc_mcu7t5v0__clkbuf_12 in cell grouper_soc_chip_core
Note:  Implicit pin Z in instance clkload95 of gf180mcu_fd_sc_mcu7t5v0__clkbuf_16 in cell grouper_soc_chip_core
Note:  Implicit pin ZN in instance clkload96 of gf180mcu_fd_sc_mcu7t5v0__clkinv_8 in cell grouper_soc_chip_core
Note:  Implicit pin Z in instance clkload97 of gf180mcu_fd_sc_mcu7t5v0__clkbuf_12 in cell grouper_soc_chip_core
Note:  Implicit pin ZN in instance clkload98 of gf180mcu_fd_sc_mcu7t5v0__inv_4 in cell grouper_soc_chip_core
Note:  Implicit pin Z in instance clkload99 of gf180mcu_fd_sc_mcu7t5v0__clkbuf_16 in cell grouper_soc_chip_core
Creating placeholder cell definition for module gf180mcu_ocd_ip_sram__sram1024x8m8wm1.
Treating empty subcircuits as black-box cells
Generating JSON file result

Reading setup file /usr/local/lib/python3.12/dist-packages/librelane/scripts/netgen/setup.tcl

Model nfet_05v0 pin 1 == 3
No property par1 found for device nfet_05v0
No property NRD found for device nfet_05v0
No property NRS found for device nfet_05v0
No property par found for device nfet_05v0
No property sa found for device nfet_05v0
No property sb found for device nfet_05v0
No property sd found for device nfet_05v0
No property par found for device nfet_05v0
No property dtemp found for device nfet_05v0
No property nf found for device nfet_05v0
No property as found for device nfet_05v0
No property ad found for device nfet_05v0
No property ps found for device nfet_05v0
No property pd found for device nfet_05v0
No property $D found for device nfet_05v0
No property $X found for device nfet_05v0
No property $Y found for device nfet_05v0
Model pfet_05v0 pin 1 == 3
No property par1 found for device pfet_05v0
No property NRD found for device pfet_05v0
No property NRS found for device pfet_05v0
No property par found for device pfet_05v0
No property sa found for device pfet_05v0
No property sb found for device pfet_05v0
No property sd found for device pfet_05v0
No property par found for device pfet_05v0
No property dtemp found for device pfet_05v0
No property nf found for device pfet_05v0
No property as found for device pfet_05v0
No property ad found for device pfet_05v0
No property ps found for device pfet_05v0
No property pd found for device pfet_05v0
No property $D found for device pfet_05v0
No property $X found for device pfet_05v0
No property $Y found for device pfet_05v0
No property par1 found for device diode_nd2ps_06v0
No property par1 found for device diode_pd2nw_06v0
Comparison output logged to file /foss/runs/pnr-5357/grouper/librelane/classic/runs/sdc_falsepath_fix/68-netgen-lvs/reports/lvs.netgen.rpt
Logging to file "/foss/runs/pnr-5357/grouper/librelane/classic/runs/sdc_falsepath_fix/68-netgen-lvs/reports/lvs.netgen.rpt" enabled

Contents of circuit 1:  Circuit: 'gf180mcu_fd_sc_mcu7t5v0__nor2_1'
Circuit gf180mcu_fd_sc_mcu7t5v0__nor2_1 contains 0 device instances.
Circuit contains 0 nets, and 7 disconnected pins.
Contents of circuit 2:  Circuit: 'gf180mcu_fd_sc_mcu7t5v0__nor2_1'
Circuit gf180mcu_fd_sc_mcu7t5v0__nor2_1 contains 4 device instances.
  Class: pfet_05v0             instances:   2
  Class: nfet_05v0             instances:   2
Circuit contains 8 nets.

Circuit gf180mcu_fd_sc_mcu7t5v0__nor2_1 contains no devices.

Contents of circuit 1:  Circuit: 'gf180mcu_fd_sc_mcu7t5v0__oai211_1'
Circuit gf180mcu_fd_sc_mcu7t5v0__oai211_1 contains 0 device instances.
Circuit contains 0 nets, and 9 disconnected pins.
Contents of circuit 2:  Circuit: 'gf180mcu_fd_sc_mcu7t5v0__oai211_1'
Circuit gf180mcu_fd_sc_mcu7t5v0__oai211_1 contains 8 device instances.
  Class: pfet_05v0             instances:   4
  Class: nfet_05v0             instances:   4
Circuit contains 12 nets.

Circuit gf180mcu_fd_sc_mcu7t5v0__oai211_1 contains no devices.

Contents of circuit 1:  Circuit: 'gf180mcu_fd_sc_mcu7t5v0__nand2_2'
Circuit gf180mcu_fd_sc_mcu7t5v0__nand2_2 contains 0 device instances.
Circuit contains 0 nets, and 7 disconnected pins.
Contents of circuit 2:  Circuit: 'gf180mcu_fd_sc_mcu7t5v0__nand2_2'
Circuit gf180mcu_fd_sc_mcu7t5v0__nand2_2 contains 8 device instances.
  Class: pfet_05v0             instances:   4
  Class: nfet_05v0             instances:   4
Circuit contains 9 nets.

Circuit gf180mcu_fd_sc_mcu7t5v0__nand2_2 contains no devices.

Contents of circuit 1:  Circuit: 'gf180mcu_fd_sc_mcu7t5v0__clkinv_1'
Circuit gf180mcu_fd_sc_mcu7t5v0__clkinv_1 contains 0 device instances.
Circuit contains 0 nets, and 6 disconnected pins.
Contents of circuit 2:  Circuit: 'gf180mcu_fd_sc_mcu7t5v0__clkinv_1'
Circuit gf180mcu_fd_sc_mcu7t5v0__clkinv_1 contains 2 device instances.
  Class: pfet_05v0             instances:   1
  Class: nfet_05v0             instances:   1
Circuit contains 6 nets.

Circuit gf180mcu_fd_sc_mcu7t5v0__clkinv_1 contains no devices.

Contents of circuit 1:  Circuit: 'gf180mcu_fd_sc_mcu7t5v0__dffrnq_1'
Circuit gf180mcu_fd_sc_mcu7t5v0__dffrnq_1 contains 0 device instances.
Circuit contains 0 nets, and 8 disconnected pins.
Contents of circuit 2:  Circuit: 'gf180mcu_fd_sc_mcu7t5v0__dffrnq_1'
Circuit gf180mcu_fd_sc_mcu7t5v0__dffrnq_1 contains 28 device instances.
  Class: pfet_05v0             instances:  14
  Class: nfet_05v0             instances:  14
Circuit contains 20 nets.

Circuit gf180mcu_fd_sc_mcu7t5v0__dffrnq_1 contains no devices.

Contents of circuit 1:  Circuit: 'gf180mcu_fd_sc_mcu7t5v0__fillcap_4'
Circuit gf180mcu_fd_sc_mcu7t5v0__fillcap_4 contains 0 device instances.
Circuit contains 0 nets, and 4 disconnected pins.
Contents of circuit 2:  Circuit: 'gf180mcu_fd_sc_mcu7t5v0__fillcap_4'
Circuit gf180mcu_fd_sc_mcu7t5v0__fillcap_4 contains 2 device instances.
  Class: pfet_05v0             instances:   1
  Class: nfet_05v0             instances:   1
Circuit contains 6 nets.

Circuit gf180mcu_fd_sc_mcu7t5v0__fillcap_4 contains no devices.

Contents of circuit 1:  Circuit: 'gf180mcu_fd_sc_mcu7t5v0__fillcap_8'
Circuit gf180mcu_fd_sc_mcu7t5v0__fillcap_8 contains 0 device instances.
Circuit contains 0 nets, and 4 disconnected pins.
Contents of circuit 2:  Circuit: 'gf180mcu_fd_sc_mcu7t5v0__fillcap_8'
Circuit gf180mcu_fd_sc_mcu7t5v0__fillcap_8 contains 4 device instances.
  Class: pfet_05v0             instances:   2
  Class: nfet_05v0             instances:   2
Circuit contains 8 nets.

Circuit gf180mcu_fd_sc_mcu7t5v0__fillcap_8 contains no devices.

Contents of circuit 1:  Circuit: 'gf180mcu_fd_sc_mcu7t5v0__oai21_4'
Circuit gf180mcu_fd_sc_mcu7t5v0__oai21_4 contains 0 device instances.
Circuit contains 0 nets, and 8 disconnected pins.
Contents of circuit 2:  Circuit: 'gf180mcu_fd_sc_mcu7t5v0__oai21_4'
Circuit gf180mcu_fd_sc_mcu7t5v0__oai21_4 contains 24 device instances.
  Class: pfet_05v0             instances:  12
  Class: nfet_05v0             instances:  12
Circuit contains 13 nets.

Circuit gf180mcu_fd_sc_mcu7t5v0__oai21_4 contains no devices.

Contents of circuit 1:  Circuit: 'gf180mcu_fd_sc_mcu7t5v0__dffrnq_2'
Circuit gf180mcu_fd_sc_mcu7t5v0__dffrnq_2 contains 0 device instances.
Circuit contains 0 nets, and 8 disconnected pins.
Contents of circuit 2:  Circuit: 'gf180mcu_fd_sc_mcu7t5v0__dffrnq_2'
Circuit gf180mcu_fd_sc_mcu7t5v0__dffrnq_2 contains 30 device instances.
  Class: pfet_05v0             instances:  15
  Class: nfet_05v0             instances:  15
Circuit contains 20 nets.

Circuit gf180mcu_fd_sc_mcu7t5v0__dffrnq_2 contains no devices.

Contents of circuit 1:  Circuit: 'gf180mcu_fd_sc_mcu7t5v0__aoi21_1'
Circuit gf180mcu_fd_sc_mcu7t5v0__aoi21_1 contains 0 device instances.
Circuit contains 0 nets, and 8 disconnected pins.
Contents of circuit 2:  Circuit: 'gf180mcu_fd_sc_mcu7t5v0__aoi21_1'
Circuit gf180mcu_fd_sc_mcu7t5v0__aoi21_1 contains 6 device instances.
  Class: pfet_05v0             instances:   3
  Class: nfet_05v0             instances:   3
Circuit contains 10 nets.

Circuit gf180mcu_fd_sc_mcu7t5v0__aoi21_1 contains no devices.

Contents of circuit 1:  Circuit: 'gf180mcu_fd_sc_mcu7t5v0__oai21_1'
Circuit gf180mcu_fd_sc_mcu7t5v0__oai21_1 contains 0 device instances.
Circuit contains 0 nets, and 8 disconnected pins.
Contents of circuit 2:  Circuit: 'gf180mcu_fd_sc_mcu7t5v0__oai21_1'
Circuit gf180mcu_fd_sc_mcu7t5v0__oai21_1 contains 6 device instances.
  Class: pfet_05v0             instances:   3
  Class: nfet_05v0             instances:   3
Circuit contains 10 nets.

Circuit gf180mcu_fd_sc_mcu7t5v0__oai21_1 contains no devices.

Contents of circuit 1:  Circuit: 'gf180mcu_fd_sc_mcu7t5v0__nand2_1'
Circuit gf180mcu_fd_sc_mcu7t5v0__nand2_1 contains 0 device instances.
Circuit contains 0 nets, and 7 disconnected pins.
Contents of circuit 2:  Circuit: 'gf180mcu_fd_sc_mcu7t5v0__nand2_1'
Circuit gf180mcu_fd_sc_mcu7t5v0__nand2_1 contains 4 device instances.
  Class: pfet_05v0             instances:   2
  Class: nfet_05v0             instances:   2
Circuit contains 8 nets.

Circuit gf180mcu_fd_sc_mcu7t5v0__nand2_1 contains no devices.

Contents of circuit 1:  Circuit: 'gf180mcu_fd_sc_mcu7t5v0__fillcap_32'
Circuit gf180mcu_fd_sc_mcu7t5v0__fillcap_32 contains 0 device instances.
Circuit contains 0 nets, and 4 disconnected pins.
Contents of circuit 2:  Circuit: 'gf180mcu_fd_sc_mcu7t5v0__fillcap_32'
Circuit gf180mcu_fd_sc_mcu7t5v0__fillcap_32 contains 16 device instances.
  Class: pfet_05v0             instances:   8
  Class: nfet_05v0             instances:   8
Circuit contains 20 nets.

Circuit gf180mcu_fd_sc_mcu7t5v0__fillcap_32 contains no devices.

Contents of circuit 1:  Circuit: 'gf180mcu_fd_sc_mcu7t5v0__oai32_1'
Circuit gf180mcu_fd_sc_mcu7t5v0__oai32_1 contains 0 device instances.
Circuit contains 0 nets, and 10 disconnected pins.
Contents of circuit 2:  Circuit: 'gf180mcu_fd_sc_mcu7t5v0__oai32_1'
Circuit gf180mcu_fd_sc_mcu7t5v0__oai32_1 contains 10 device instances.
  Class: pfet_05v0             instances:   5
  Class: nfet_05v0             instances:   5
Circuit contains 14 nets.

Circuit gf180mcu_fd_sc_mcu7t5v0__oai32_1 contains no devices.

Contents of circuit 1:  Circuit: 'gf180mcu_fd_sc_mcu7t5v0__nor2_4'
Circuit gf180mcu_fd_sc_mcu7t5v0__nor2_4 contains 0 device instances.
Circuit contains 0 nets, and 7 disconnected pins.
Contents of circuit 2:  Circuit: 'gf180mcu_fd_sc_mcu7t5v0__nor2_4'
Circuit gf180mcu_fd_sc_mcu7t5v0__nor2_4 contains 16 device instances.
  Class: pfet_05v0             instances:   8
  Class: nfet_05v0             instances:   8
Circuit contains 11 nets.

Circuit gf180mcu_fd_sc_mcu7t5v0__nor2_4 contains no devices.

Contents of circuit 1:  Circuit: 'gf180mcu_fd_sc_mcu7t5v0__nand3_2'
Circuit gf180mcu_fd_sc_mcu7t5v0__nand3_2 contains 0 device instances.
Circuit contains 0 nets, and 8 disconnected pins.
Contents of circuit 2:  Circuit: 'gf180mcu_fd_sc_mcu7t5v0__nand3_2'
Circuit gf180mcu_fd_sc_mcu7t5v0__nand3_2 contains 12 device instances.
  Class: pfet_05v0             instances:   6
  Class: nfet_05v0             instances:   6
Circuit contains 12 nets.

Circuit gf180mcu_fd_sc_mcu7t5v0__nand3_2 contains no devices.

Contents of circuit 1:  Circuit: 'gf180mcu_fd_sc_mcu7t5v0__oai22_2'
Circuit gf180mcu_fd_sc_mcu7t5v0__oai22_2 contains 0 device instances.
Circuit contains 0 nets, and 9 disconnected pins.
Contents of circuit 2:  Circuit: 'gf180mcu_fd_sc_mcu7t5v0__oai22_2'
Circuit gf180mcu_fd_sc_mcu7t5v0__oai22_2 contains 16 device instances.
  Class: pfet_05v0             instances:   8
  Class: nfet_05v0             instances:   8
Circuit contains 14 nets.

Circuit gf180mcu_fd_sc_mcu7t5v0__oai22_2 contains no devices.

Contents of circuit 1:  Circuit: 'gf180mcu_fd_sc_mcu7t5v0__fillcap_16'
Circuit gf180mcu_fd_sc_mcu7t5v0__fillcap_16 contains 0 device instances.
Circuit contains 0 nets, and 4 disconnected pins.
Contents of circuit 2:  Circuit: 'gf180mcu_fd_sc_mcu7t5v0__fillcap_16'
Circuit gf180mcu_fd_sc_mcu7t5v0__fillcap_16 contains 8 device instances.
  Class: pfet_05v0             instances:   4
  Class: nfet_05v0             instances:   4
Circuit contains 12 nets.

Circuit gf180mcu_fd_sc_mcu7t5v0__fillcap_16 contains no devices.

Contents of circuit 1:  Circuit: 'gf180mcu_fd_sc_mcu7t5v0__nand3_1'
Circuit gf180mcu_fd_sc_mcu7t5v0__nand3_1 contains 0 device instances.
Circuit contains 0 nets, and 8 disconnected pins.
Contents of circuit 2:  Circuit: 'gf180mcu_fd_sc_mcu7t5v0__nand3_1'
Circuit gf180mcu_fd_sc_mcu7t5v0__nand3_1 contains 6 device instances.
  Class: pfet_05v0             instances:   3
  Class: nfet_05v0             instances:   3
Circuit contains 10 nets.

Circuit gf180mcu_fd_sc_mcu7t5v0__nand3_1 contains no devices.

Contents of circuit 1:  Circuit: 'gf180mcu_fd_sc_mcu7t5v0__nor2_2'
Circuit gf180mcu_fd_sc_mcu7t5v0__nor2_2 contains 0 device instances.
Circuit contains 0 nets, and 7 disconnected pins.
Contents of circuit 2:  Circuit: 'gf180mcu_fd_sc_mcu7t5v0__nor2_2'
Circuit gf180mcu_fd_sc_mcu7t5v0__nor2_2 contains 8 device instances.
  Class: pfet_05v0             instances:   4
  Class: nfet_05v0             instances:   4
Circuit contains 9 nets.

Circuit gf180mcu_fd_sc_mcu7t5v0__nor2_2 contains no devices.

Contents of circuit 1:  Circuit: 'gf180mcu_fd_sc_mcu7t5v0__inv_1'
Circuit gf180mcu_fd_sc_mcu7t5v0__inv_1 contains 0 device instances.
Circuit contains 0 nets, and 6 disconnected pins.
Contents of circuit 2:  Circuit: 'gf180mcu_fd_sc_mcu7t5v0__inv_1'
Circuit gf180mcu_fd_sc_mcu7t5v0__inv_1 contains 2 device instances.
  Class: pfet_05v0             instances:   1
  Class: nfet_05v0             instances:   1
Circuit contains 6 nets.

Circuit gf180mcu_fd_sc_mcu7t5v0__inv_1 contains no devices.

Contents of circuit 1:  Circuit: 'gf180mcu_fd_sc_mcu7t5v0__clkbuf_16'
Circuit gf180mcu_fd_sc_mcu7t5v0__clkbuf_16 contains 0 device instances.
Circuit contains 0 nets, and 6 disconnected pins.
Contents of circuit 2:  Circuit: 'gf180mcu_fd_sc_mcu7t5v0__clkbuf_16'
Circuit gf180mcu_fd_sc_mcu7t5v0__clkbuf_16 contains 46 device instances.
  Class: pfet_05v0             instances:  24
  Class: nfet_05v0             instances:  22
Circuit contains 7 nets.

Circuit gf180mcu_fd_sc_mcu7t5v0__clkbuf_16 contains no devices.

Contents of circuit 1:  Circuit: 'gf180mcu_fd_sc_mcu7t5v0__nor4_1'
Circuit gf180mcu_fd_sc_mcu7t5v0__nor4_1 contains 0 device instances.
Circuit contains 0 nets, and 9 disconnected pins.
Contents of circuit 2:  Circuit: 'gf180mcu_fd_sc_mcu7t5v0__nor4_1'
Circuit gf180mcu_fd_sc_mcu7t5v0__nor4_1 contains 8 device instances.
  Class: pfet_05v0             instances:   4
  Class: nfet_05v0             instances:   4
Circuit contains 12 nets.

Circuit gf180mcu_fd_sc_mcu7t5v0__nor4_1 contains no devices.

Contents of circuit 1:  Circuit: 'gf180mcu_fd_sc_mcu7t5v0__buf_1'
Circuit gf180mcu_fd_sc_mcu7t5v0__buf_1 contains 0 device instances.
Circuit contains 0 nets, and 6 disconnected pins.
Contents of circuit 2:  Circuit: 'gf180mcu_fd_sc_mcu7t5v0__buf_1'
Circuit gf180mcu_fd_sc_mcu7t5v0__buf_1 contains 4 device instances.
  Class: pfet_05v0             instances:   2
  Class: nfet_05v0             instances:   2
Circuit contains 7 nets.

Circuit gf180mcu_fd_sc_mcu7t5v0__buf_1 contains no devices.

Contents of circuit 1:  Circuit: 'gf180mcu_fd_sc_mcu7t5v0__clkinv_2'
Circuit gf180mcu_fd_sc_mcu7t5v0__clkinv_2 contains 0 device instances.
Circuit contains 0 nets, and 6 disconnected pins.
Contents of circuit 2:  Circuit: 'gf180mcu_fd_sc_mcu7t5v0__clkinv_2'
Circuit gf180mcu_fd_sc_mcu7t5v0__clkinv_2 contains 4 device instances.
  Class: pfet_05v0             instances:   2
  Class: nfet_05v0             instances:   2
Circuit contains 6 nets.

Circuit gf180mcu_fd_sc_mcu7t5v0__clkinv_2 contains no devices.

Contents of circuit 1:  Circuit: 'gf180mcu_fd_sc_mcu7t5v0__buf_4'
Circuit gf180mcu_fd_sc_mcu7t5v0__buf_4 contains 0 device instances.
Circuit contains 0 nets, and 6 disconnected pins.
Contents of circuit 2:  Circuit: 'gf180mcu_fd_sc_mcu7t5v0__buf_4'
Circuit gf180mcu_fd_sc_mcu7t5v0__buf_4 contains 12 device instances.
  Class: pfet_05v0             instances:   6
  Class: nfet_05v0             instances:   6
Circuit contains 7 nets.

Circuit gf180mcu_fd_sc_mcu7t5v0__buf_4 contains no devices.

Contents of circuit 1:  Circuit: 'gf180mcu_fd_sc_mcu7t5v0__aoi211_2'
Circuit gf180mcu_fd_sc_mcu7t5v0__aoi211_2 contains 0 device instances.
Circuit contains 0 nets, and 9 disconnected pins.
Contents of circuit 2:  Circuit: 'gf180mcu_fd_sc_mcu7t5v0__aoi211_2'
Circuit gf180mcu_fd_sc_mcu7t5v0__aoi211_2 contains 16 device instances.
  Class: pfet_05v0             instances:   8
  Class: nfet_05v0             instances:   8
Circuit contains 14 nets.

Circuit gf180mcu_fd_sc_mcu7t5v0__aoi211_2 contains no devices.

Contents of circuit 1:  Circuit: 'gf180mcu_fd_sc_mcu7t5v0__buf_2'
Circuit gf180mcu_fd_sc_mcu7t5v0__buf_2 contains 0 device instances.
Circuit contains 0 nets, and 6 disconnected pins.
Contents of circuit 2:  Circuit: 'gf180mcu_fd_sc_mcu7t5v0__buf_2'
Circuit gf180mcu_fd_sc_mcu7t5v0__buf_2 contains 6 device instances.
  Class: pfet_05v0             instances:   3
  Class: nfet_05v0             instances:   3
Circuit contains 7 nets.

Circuit gf180mcu_fd_sc_mcu7t5v0__buf_2 contains no devices.

Contents of circuit 1:  Circuit: 'gf180mcu_fd_sc_mcu7t5v0__aoi221_1'
Circuit gf180mcu_fd_sc_mcu7t5v0__aoi221_1 contains 0 device instances.
Circuit contains 0 nets, and 10 disconnected pins.
Contents of circuit 2:  Circuit: 'gf180mcu_fd_sc_mcu7t5v0__aoi221_1'
Circuit gf180mcu_fd_sc_mcu7t5v0__aoi221_1 contains 10 device instances.
  Class: pfet_05v0             instances:   5
  Class: nfet_05v0             instances:   5
Circuit contains 14 nets.

Circuit gf180mcu_fd_sc_mcu7t5v0__aoi221_1 contains no devices.

Contents of circuit 1:  Circuit: 'gf180mcu_fd_sc_mcu7t5v0__and2_1'
Circuit gf180mcu_fd_sc_mcu7t5v0__and2_1 contains 0 device instances.
Circuit contains 0 nets, and 7 disconnected pins.
Contents of circuit 2:  Circuit: 'gf180mcu_fd_sc_mcu7t5v0__and2_1'
Circuit gf180mcu_fd_sc_mcu7t5v0__and2_1 contains 6 device instances.
  Class: pfet_05v0             instances:   3
  Class: nfet_05v0             instances:   3
Circuit contains 9 nets.

Circuit gf180mcu_fd_sc_mcu7t5v0__and2_1 contains no devices.

Contents of circuit 1:  Circuit: 'gf180mcu_fd_sc_mcu7t5v0__dffq_1'
Circuit gf180mcu_fd_sc_mcu7t5v0__dffq_1 contains 0 device instances.
Circuit contains 0 nets, and 7 disconnected pins.
Contents of circuit 2:  Circuit: 'gf180mcu_fd_sc_mcu7t5v0__dffq_1'
Circuit gf180mcu_fd_sc_mcu7t5v0__dffq_1 contains 24 device instances.
  Class: pfet_05v0             instances:  12
  Class: nfet_05v0             instances:  12
Circuit contains 19 nets.

Circuit gf180mcu_fd_sc_mcu7t5v0__dffq_1 contains no devices.

Contents of circuit 1:  Circuit: 'gf180mcu_fd_sc_mcu7t5v0__oai22_1'
Circuit gf180mcu_fd_sc_mcu7t5v0__oai22_1 contains 0 device instances.
Circuit contains 0 nets, and 9 disconnected pins.
Contents of circuit 2:  Circuit: 'gf180mcu_fd_sc_mcu7t5v0__oai22_1'
Circuit gf180mcu_fd_sc_mcu7t5v0__oai22_1 contains 8 device instances.
  Class: pfet_05v0             instances:   4
  Class: nfet_05v0             instances:   4
Circuit contains 12 nets.

Circuit gf180mcu_fd_sc_mcu7t5v0__oai22_1 contains no devices.

Contents of circuit 1:  Circuit: 'gf180mcu_fd_sc_mcu7t5v0__dffq_2'
Circuit gf180mcu_fd_sc_mcu7t5v0__dffq_2 contains 0 device instances.
Circuit contains 0 nets, and 7 disconnected pins.
Contents of circuit 2:  Circuit: 'gf180mcu_fd_sc_mcu7t5v0__dffq_2'
Circuit gf180mcu_fd_sc_mcu7t5v0__dffq_2 contains 26 device instances.
  Class: pfet_05v0             instances:  13
  Class: nfet_05v0             instances:  13
Circuit contains 19 nets.

Circuit gf180mcu_fd_sc_mcu7t5v0__dffq_2 contains no devices.

Contents of circuit 1:  Circuit: 'gf180mcu_fd_sc_mcu7t5v0__inv_2'
Circuit gf180mcu_fd_sc_mcu7t5v0__inv_2 contains 0 device instances.
Circuit contains 0 nets, and 6 disconnected pins.
Contents of circuit 2:  Circuit: 'gf180mcu_fd_sc_mcu7t5v0__inv_2'
Circuit gf180mcu_fd_sc_mcu7t5v0__inv_2 contains 4 device instances.
  Class: pfet_05v0             instances:   2
  Class: nfet_05v0             instances:   2
Circuit contains 6 nets.

Circuit gf180mcu_fd_sc_mcu7t5v0__inv_2 contains no devices.

Contents of circuit 1:  Circuit: 'gf180mcu_fd_sc_mcu7t5v0__buf_8'
Circuit gf180mcu_fd_sc_mcu7t5v0__buf_8 contains 0 device instances.
Circuit contains 0 nets, and 6 disconnected pins.
Contents of circuit 2:  Circuit: 'gf180mcu_fd_sc_mcu7t5v0__buf_8'
Circuit gf180mcu_fd_sc_mcu7t5v0__buf_8 contains 24 device instances.
  Class: pfet_05v0             instances:  12
  Class: nfet_05v0             instances:  12
Circuit contains 7 nets.

Circuit gf180mcu_fd_sc_mcu7t5v0__buf_8 contains no devices.

Contents of circuit 1:  Circuit: 'gf180mcu_fd_sc_mcu7t5v0__clkbuf_8'
Circuit gf180mcu_fd_sc_mcu7t5v0__clkbuf_8 contains 0 device instances.
Circuit contains 0 nets, and 6 disconnected pins.
Contents of circuit 2:  Circuit: 'gf180mcu_fd_sc_mcu7t5v0__clkbuf_8'
Circuit gf180mcu_fd_sc_mcu7t5v0__clkbuf_8 contains 23 device instances.
  Class: pfet_05v0             instances:  12
  Class: nfet_05v0             instances:  11
Circuit contains 7 nets.

Circuit gf180mcu_fd_sc_mcu7t5v0__clkbuf_8 contains no devices.

Contents of circuit 1:  Circuit: 'gf180mcu_fd_sc_mcu7t5v0__aoi21_4'
Circuit gf180mcu_fd_sc_mcu7t5v0__aoi21_4 contains 0 device instances.
Circuit contains 0 nets, and 8 disconnected pins.
Contents of circuit 2:  Circuit: 'gf180mcu_fd_sc_mcu7t5v0__aoi21_4'
Circuit gf180mcu_fd_sc_mcu7t5v0__aoi21_4 contains 24 device instances.
  Class: pfet_05v0             instances:  12
  Class: nfet_05v0             instances:  12
Circuit contains 13 nets.

Circuit gf180mcu_fd_sc_mcu7t5v0__aoi21_4 contains no devices.

Contents of circuit 1:  Circuit: 'gf180mcu_fd_sc_mcu7t5v0__clkbuf_3'
Circuit gf180mcu_fd_sc_mcu7t5v0__clkbuf_3 contains 0 device instances.
Circuit contains 0 nets, and 6 disconnected pins.
Contents of circuit 2:  Circuit: 'gf180mcu_fd_sc_mcu7t5v0__clkbuf_3'
Circuit gf180mcu_fd_sc_mcu7t5v0__clkbuf_3 contains 11 device instances.
  Class: pfet_05v0             instances:   6
  Class: nfet_05v0             instances:   5
Circuit contains 7 nets.

Circuit gf180mcu_fd_sc_mcu7t5v0__clkbuf_3 contains no devices.

Contents of circuit 1:  Circuit: 'gf180mcu_fd_sc_mcu7t5v0__nand2_4'
Circuit gf180mcu_fd_sc_mcu7t5v0__nand2_4 contains 0 device instances.
Circuit contains 0 nets, and 7 disconnected pins.
Contents of circuit 2:  Circuit: 'gf180mcu_fd_sc_mcu7t5v0__nand2_4'
Circuit gf180mcu_fd_sc_mcu7t5v0__nand2_4 contains 16 device instances.
  Class: pfet_05v0             instances:   8
  Class: nfet_05v0             instances:   8
Circuit contains 11 nets.

Circuit gf180mcu_fd_sc_mcu7t5v0__nand2_4 contains no devices.

Contents of circuit 1:  Circuit: 'gf180mcu_fd_sc_mcu7t5v0__aoi21_2'
Circuit gf180mcu_fd_sc_mcu7t5v0__aoi21_2 contains 0 device instances.
Circuit contains 0 nets, and 8 disconnected pins.
Contents of circuit 2:  Circuit: 'gf180mcu_fd_sc_mcu7t5v0__aoi21_2'
Circuit gf180mcu_fd_sc_mcu7t5v0__aoi21_2 contains 12 device instances.
  Class: pfet_05v0             instances:   6
  Class: nfet_05v0             instances:   6
Circuit contains 11 nets.

Circuit gf180mcu_fd_sc_mcu7t5v0__aoi21_2 contains no devices.

Contents of circuit 1:  Circuit: 'gf180mcu_fd_sc_mcu7t5v0__oai21_2'
Circuit gf180mcu_fd_sc_mcu7t5v0__oai21_2 contains 0 device instances.
Circuit contains 0 nets, and 8 disconnected pins.
Contents of circuit 2:  Circuit: 'gf180mcu_fd_sc_mcu7t5v0__oai21_2'
Circuit gf180mcu_fd_sc_mcu7t5v0__oai21_2 contains 12 device instances.
  Class: pfet_05v0             instances:   6
  Class: nfet_05v0             instances:   6
Circuit contains 11 nets.

Circuit gf180mcu_fd_sc_mcu7t5v0__oai21_2 contains no devices.

Contents of circuit 1:  Circuit: 'gf180mcu_fd_sc_mcu7t5v0__or2_1'
Circuit gf180mcu_fd_sc_mcu7t5v0__or2_1 contains 0 device instances.
Circuit contains 0 nets, and 7 disconnected pins.
Contents of circuit 2:  Circuit: 'gf180mcu_fd_sc_mcu7t5v0__or2_1'
Circuit gf180mcu_fd_sc_mcu7t5v0__or2_1 contains 6 device instances.
  Class: pfet_05v0             instances:   3
  Class: nfet_05v0             instances:   3
Circuit contains 9 nets.

Circuit gf180mcu_fd_sc_mcu7t5v0__or2_1 contains no devices.

Contents of circuit 1:  Circuit: 'gf180mcu_fd_sc_mcu7t5v0__aoi22_1'
Circuit gf180mcu_fd_sc_mcu7t5v0__aoi22_1 contains 0 device instances.
Circuit contains 0 nets, and 9 disconnected pins.
Contents of circuit 2:  Circuit: 'gf180mcu_fd_sc_mcu7t5v0__aoi22_1'
Circuit gf180mcu_fd_sc_mcu7t5v0__aoi22_1 contains 8 device instances.
  Class: pfet_05v0             instances:   4
  Class: nfet_05v0             instances:   4
Circuit contains 12 nets.

Circuit gf180mcu_fd_sc_mcu7t5v0__aoi22_1 contains no devices.

Contents of circuit 1:  Circuit: 'gf180mcu_fd_sc_mcu7t5v0__inv_3'
Circuit gf180mcu_fd_sc_mcu7t5v0__inv_3 contains 0 device instances.
Circuit contains 0 nets, and 6 disconnected pins.
Contents of circuit 2:  Circuit: 'gf180mcu_fd_sc_mcu7t5v0__inv_3'
Circuit gf180mcu_fd_sc_mcu7t5v0__inv_3 contains 6 device instances.
  Class: pfet_05v0             instances:   3
  Class: nfet_05v0             instances:   3
Circuit contains 6 nets.

Circuit gf180mcu_fd_sc_mcu7t5v0__inv_3 contains no devices.

Contents of circuit 1:  Circuit: 'gf180mcu_fd_sc_mcu7t5v0__tiel'
Circuit gf180mcu_fd_sc_mcu7t5v0__tiel contains 0 device instances.
Circuit contains 0 nets, and 5 disconnected pins.
Contents of circuit 2:  Circuit: 'gf180mcu_fd_sc_mcu7t5v0__tiel'
Circuit gf180mcu_fd_sc_mcu7t5v0__tiel contains 2 device instances.
  Class: pfet_05v0             instances:   1
  Class: nfet_05v0             instances:   1
Circuit contains 6 nets.

Circuit gf180mcu_fd_sc_mcu7t5v0__tiel contains no devices.

Contents of circuit 1:  Circuit: 'gf180mcu_fd_sc_mcu7t5v0__oai32_4'
Circuit gf180mcu_fd_sc_mcu7t5v0__oai32_4 contains 0 device instances.
Circuit contains 0 nets, and 10 disconnected pins.
Contents of circuit 2:  Circuit: 'gf180mcu_fd_sc_mcu7t5v0__oai32_4'
Circuit gf180mcu_fd_sc_mcu7t5v0__oai32_4 contains 40 device instances.
  Class: pfet_05v0             instances:  20
  Class: nfet_05v0             instances:  20
Circuit contains 21 nets.

Circuit gf180mcu_fd_sc_mcu7t5v0__oai32_4 contains no devices.

Contents of circuit 1:  Circuit: 'gf180mcu_fd_sc_mcu7t5v0__and3_1'
Circuit gf180mcu_fd_sc_mcu7t5v0__and3_1 contains 0 device instances.
Circuit contains 0 nets, and 8 disconnected pins.
Contents of circuit 2:  Circuit: 'gf180mcu_fd_sc_mcu7t5v0__and3_1'
Circuit gf180mcu_fd_sc_mcu7t5v0__and3_1 contains 8 device instances.
  Class: pfet_05v0             instances:   4
  Class: nfet_05v0             instances:   4
Circuit contains 11 nets.

Circuit gf180mcu_fd_sc_mcu7t5v0__and3_1 contains no devices.

Contents of circuit 1:  Circuit: 'gf180mcu_fd_sc_mcu7t5v0__nand4_2'
Circuit gf180mcu_fd_sc_mcu7t5v0__nand4_2 contains 0 device instances.
Circuit contains 0 nets, and 9 disconnected pins.
Contents of circuit 2:  Circuit: 'gf180mcu_fd_sc_mcu7t5v0__nand4_2'
Circuit gf180mcu_fd_sc_mcu7t5v0__nand4_2 contains 16 device instances.
  Class: pfet_05v0             instances:   8
  Class: nfet_05v0             instances:   8
Circuit contains 15 nets.

Circuit gf180mcu_fd_sc_mcu7t5v0__nand4_2 contains no devices.

Contents of circuit 1:  Circuit: 'gf180mcu_fd_sc_mcu7t5v0__oai31_1'
Circuit gf180mcu_fd_sc_mcu7t5v0__oai31_1 contains 0 device instances.
Circuit contains 0 nets, and 9 disconnected pins.
Contents of circuit 2:  Circuit: 'gf180mcu_fd_sc_mcu7t5v0__oai31_1'
Circuit gf180mcu_fd_sc_mcu7t5v0__oai31_1 contains 8 device instances.
  Class: pfet_05v0             instances:   4
  Class: nfet_05v0             instances:   4
Circuit contains 12 nets.

Circuit gf180mcu_fd_sc_mcu7t5v0__oai31_1 contains no devices.

Contents of circuit 1:  Circuit: 'gf180mcu_fd_sc_mcu7t5v0__clkbuf_2'
Circuit gf180mcu_fd_sc_mcu7t5v0__clkbuf_2 contains 0 device instances.
Circuit contains 0 nets, and 6 disconnected pins.
Contents of circuit 2:  Circuit: 'gf180mcu_fd_sc_mcu7t5v0__clkbuf_2'
Circuit gf180mcu_fd_sc_mcu7t5v0__clkbuf_2 contains 6 device instances.
  Class: pfet_05v0             instances:   3
  Class: nfet_05v0             instances:   3
Circuit contains 7 nets.

Circuit gf180mcu_fd_sc_mcu7t5v0__clkbuf_2 contains no devices.

Contents of circuit 1:  Circuit: 'gf180mcu_fd_sc_mcu7t5v0__oai22_4'
Circuit gf180mcu_fd_sc_mcu7t5v0__oai22_4 contains 0 device instances.
Circuit contains 0 nets, and 9 disconnected pins.
Contents of circuit 2:  Circuit: 'gf180mcu_fd_sc_mcu7t5v0__oai22_4'
Circuit gf180mcu_fd_sc_mcu7t5v0__oai22_4 contains 32 device instances.
  Class: pfet_05v0             instances:  16
  Class: nfet_05v0             instances:  16
Circuit contains 18 nets.

Circuit gf180mcu_fd_sc_mcu7t5v0__oai22_4 contains no devices.

Contents of circuit 1:  Circuit: 'gf180mcu_fd_sc_mcu7t5v0__inv_12'
Circuit gf180mcu_fd_sc_mcu7t5v0__inv_12 contains 0 device instances.
Circuit contains 0 nets, and 6 disconnected pins.
Contents of circuit 2:  Circuit: 'gf180mcu_fd_sc_mcu7t5v0__inv_12'
Circuit gf180mcu_fd_sc_mcu7t5v0__inv_12 contains 24 device instances.
  Class: pfet_05v0             instances:  12
  Class: nfet_05v0             instances:  12
Circuit contains 6 nets.

Circuit gf180mcu_fd_sc_mcu7t5v0__inv_12 contains no devices.

Contents of circuit 1:  Circuit: 'gf180mcu_fd_sc_mcu7t5v0__nand4_4'
Circuit gf180mcu_fd_sc_mcu7t5v0__nand4_4 contains 0 device instances.
Circuit contains 0 nets, and 9 disconnected pins.
Contents of circuit 2:  Circuit: 'gf180mcu_fd_sc_mcu7t5v0__nand4_4'
Circuit gf180mcu_fd_sc_mcu7t5v0__nand4_4 contains 32 device instances.
  Class: pfet_05v0             instances:  16
  Class: nfet_05v0             instances:  16
Circuit contains 19 nets.

Circuit gf180mcu_fd_sc_mcu7t5v0__nand4_4 contains no devices.

Contents of circuit 1:  Circuit: 'gf180mcu_fd_sc_mcu7t5v0__aoi22_4'
Circuit gf180mcu_fd_sc_mcu7t5v0__aoi22_4 contains 0 device instances.
Circuit contains 0 nets, and 9 disconnected pins.
Contents of circuit 2:  Circuit: 'gf180mcu_fd_sc_mcu7t5v0__aoi22_4'
Circuit gf180mcu_fd_sc_mcu7t5v0__aoi22_4 contains 32 device instances.
  Class: pfet_05v0             instances:  16
  Class: nfet_05v0             instances:  16
Circuit contains 18 nets.

Circuit gf180mcu_fd_sc_mcu7t5v0__aoi22_4 contains no devices.

Contents of circuit 1:  Circuit: 'gf180mcu_fd_sc_mcu7t5v0__clkinv_4'
Circuit gf180mcu_fd_sc_mcu7t5v0__clkinv_4 contains 0 device instances.
Circuit contains 0 nets, and 6 disconnected pins.
Contents of circuit 2:  Circuit: 'gf180mcu_fd_sc_mcu7t5v0__clkinv_4'
Circuit gf180mcu_fd_sc_mcu7t5v0__clkinv_4 contains 8 device instances.
  Class: pfet_05v0             instances:   4
  Class: nfet_05v0             instances:   4
Circuit contains 6 nets.

Circuit gf180mcu_fd_sc_mcu7t5v0__clkinv_4 contains no devices.

Contents of circuit 1:  Circuit: 'gf180mcu_fd_sc_mcu7t5v0__and2_2'
Circuit gf180mcu_fd_sc_mcu7t5v0__and2_2 contains 0 device instances.
Circuit contains 0 nets, and 7 disconnected pins.
Contents of circuit 2:  Circuit: 'gf180mcu_fd_sc_mcu7t5v0__and2_2'
Circuit gf180mcu_fd_sc_mcu7t5v0__and2_2 contains 8 device instances.
  Class: pfet_05v0             instances:   4
  Class: nfet_05v0             instances:   4
Circuit contains 9 nets.

Circuit gf180mcu_fd_sc_mcu7t5v0__and2_2 contains no devices.

Contents of circuit 1:  Circuit: 'gf180mcu_fd_sc_mcu7t5v0__and3_4'
Circuit gf180mcu_fd_sc_mcu7t5v0__and3_4 contains 0 device instances.
Circuit contains 0 nets, and 8 disconnected pins.
Contents of circuit 2:  Circuit: 'gf180mcu_fd_sc_mcu7t5v0__and3_4'
Circuit gf180mcu_fd_sc_mcu7t5v0__and3_4 contains 20 device instances.
  Class: pfet_05v0             instances:  10
  Class: nfet_05v0             instances:  10
Circuit contains 13 nets.

Circuit gf180mcu_fd_sc_mcu7t5v0__and3_4 contains no devices.

Contents of circuit 1:  Circuit: 'gf180mcu_fd_sc_mcu7t5v0__oai221_1'
Circuit gf180mcu_fd_sc_mcu7t5v0__oai221_1 contains 0 device instances.
Circuit contains 0 nets, and 10 disconnected pins.
Contents of circuit 2:  Circuit: 'gf180mcu_fd_sc_mcu7t5v0__oai221_1'
Circuit gf180mcu_fd_sc_mcu7t5v0__oai221_1 contains 10 device instances.
  Class: pfet_05v0             instances:   5
  Class: nfet_05v0             instances:   5
Circuit contains 14 nets.

Circuit gf180mcu_fd_sc_mcu7t5v0__oai221_1 contains no devices.

Contents of circuit 1:  Circuit: 'gf180mcu_fd_sc_mcu7t5v0__buf_3'
Circuit gf180mcu_fd_sc_mcu7t5v0__buf_3 contains 0 device instances.
Circuit contains 0 nets, and 6 disconnected pins.
Contents of circuit 2:  Circuit: 'gf180mcu_fd_sc_mcu7t5v0__buf_3'
Circuit gf180mcu_fd_sc_mcu7t5v0__buf_3 contains 8 device instances.
  Class: pfet_05v0             instances:   4
  Class: nfet_05v0             instances:   4
Circuit contains 7 nets.

Circuit gf180mcu_fd_sc_mcu7t5v0__buf_3 contains no devices.

Contents of circuit 1:  Circuit: 'gf180mcu_fd_sc_mcu7t5v0__inv_8'
Circuit gf180mcu_fd_sc_mcu7t5v0__inv_8 contains 0 device instances.
Circuit contains 0 nets, and 6 disconnected pins.
Contents of circuit 2:  Circuit: 'gf180mcu_fd_sc_mcu7t5v0__inv_8'
Circuit gf180mcu_fd_sc_mcu7t5v0__inv_8 contains 16 device instances.
  Class: pfet_05v0             instances:   8
  Class: nfet_05v0             instances:   8
Circuit contains 6 nets.

Circuit gf180mcu_fd_sc_mcu7t5v0__inv_8 contains no devices.

Contents of circuit 1:  Circuit: 'gf180mcu_fd_sc_mcu7t5v0__clkbuf_1'
Circuit gf180mcu_fd_sc_mcu7t5v0__clkbuf_1 contains 0 device instances.
Circuit contains 0 nets, and 6 disconnected pins.
Contents of circuit 2:  Circuit: 'gf180mcu_fd_sc_mcu7t5v0__clkbuf_1'
Circuit gf180mcu_fd_sc_mcu7t5v0__clkbuf_1 contains 4 device instances.
  Class: pfet_05v0             instances:   2
  Class: nfet_05v0             instances:   2
Circuit contains 7 nets.

Circuit gf180mcu_fd_sc_mcu7t5v0__clkbuf_1 contains no devices.

Contents of circuit 1:  Circuit: 'gf180mcu_fd_sc_mcu7t5v0__nand4_1'
Circuit gf180mcu_fd_sc_mcu7t5v0__nand4_1 contains 0 device instances.
Circuit contains 0 nets, and 9 disconnected pins.
Contents of circuit 2:  Circuit: 'gf180mcu_fd_sc_mcu7t5v0__nand4_1'
Circuit gf180mcu_fd_sc_mcu7t5v0__nand4_1 contains 8 device instances.
  Class: pfet_05v0             instances:   4
  Class: nfet_05v0             instances:   4
Circuit contains 12 nets.

Circuit gf180mcu_fd_sc_mcu7t5v0__nand4_1 contains no devices.

Contents of circuit 1:  Circuit: 'gf180mcu_fd_sc_mcu7t5v0__nand3_4'
Circuit gf180mcu_fd_sc_mcu7t5v0__nand3_4 contains 0 device instances.
Circuit contains 0 nets, and 8 disconnected pins.
Contents of circuit 2:  Circuit: 'gf180mcu_fd_sc_mcu7t5v0__nand3_4'
Circuit gf180mcu_fd_sc_mcu7t5v0__nand3_4 contains 24 device instances.
  Class: pfet_05v0             instances:  12
  Class: nfet_05v0             instances:  12
Circuit contains 14 nets.

Circuit gf180mcu_fd_sc_mcu7t5v0__nand3_4 contains no devices.

Contents of circuit 1:  Circuit: 'gf180mcu_fd_sc_mcu7t5v0__inv_4'
Circuit gf180mcu_fd_sc_mcu7t5v0__inv_4 contains 0 device instances.
Circuit contains 0 nets, and 6 disconnected pins.
Contents of circuit 2:  Circuit: 'gf180mcu_fd_sc_mcu7t5v0__inv_4'
Circuit gf180mcu_fd_sc_mcu7t5v0__inv_4 contains 8 device instances.
  Class: pfet_05v0             instances:   4
  Class: nfet_05v0             instances:   4
Circuit contains 6 nets.

Circuit gf180mcu_fd_sc_mcu7t5v0__inv_4 contains no devices.

Contents of circuit 1:  Circuit: 'gf180mcu_fd_sc_mcu7t5v0__antenna'
Circuit gf180mcu_fd_sc_mcu7t5v0__antenna contains 0 device instances.
Circuit contains 0 nets, and 5 disconnected pins.
Contents of circuit 2:  Circuit: 'gf180mcu_fd_sc_mcu7t5v0__antenna'
Circuit gf180mcu_fd_sc_mcu7t5v0__antenna contains 2 device instances.
  Class: diode_pd2nw_06v0      instances:   1
  Class: diode_nd2ps_06v0      instances:   1
Circuit contains 3 nets, and 2 disconnected pins.

Circuit gf180mcu_fd_sc_mcu7t5v0__antenna contains no devices.

Contents of circuit 1:  Circuit: 'gf180mcu_fd_sc_mcu7t5v0__dffrnq_4'
Circuit gf180mcu_fd_sc_mcu7t5v0__dffrnq_4 contains 0 device instances.
Circuit contains 0 nets, and 8 disconnected pins.
Contents of circuit 2:  Circuit: 'gf180mcu_fd_sc_mcu7t5v0__dffrnq_4'
Circuit gf180mcu_fd_sc_mcu7t5v0__dffrnq_4 contains 34 device instances.
  Class: pfet_05v0             instances:  17
  Class: nfet_05v0             instances:  17
Circuit contains 20 nets.

Circuit gf180mcu_fd_sc_mcu7t5v0__dffrnq_4 contains no devices.

Contents of circuit 1:  Circuit: 'gf180mcu_fd_sc_mcu7t5v0__nor3_1'
Circuit gf180mcu_fd_sc_mcu7t5v0__nor3_1 contains 0 device instances.
Circuit contains 0 nets, and 8 disconnected pins.
Contents of circuit 2:  Circuit: 'gf180mcu_fd_sc_mcu7t5v0__nor3_1'
Circuit gf180mcu_fd_sc_mcu7t5v0__nor3_1 contains 6 device instances.
  Class: pfet_05v0             instances:   3
  Class: nfet_05v0             instances:   3
Circuit contains 10 nets.

Circuit gf180mcu_fd_sc_mcu7t5v0__nor3_1 contains no devices.

Contents of circuit 1:  Circuit: 'gf180mcu_fd_sc_mcu7t5v0__aoi221_2'
Circuit gf180mcu_fd_sc_mcu7t5v0__aoi221_2 contains 0 device instances.
Circuit contains 0 nets, and 10 disconnected pins.
Contents of circuit 2:  Circuit: 'gf180mcu_fd_sc_mcu7t5v0__aoi221_2'
Circuit gf180mcu_fd_sc_mcu7t5v0__aoi221_2 contains 20 device instances.
  Class: pfet_05v0             instances:  10
  Class: nfet_05v0             instances:  10
Circuit contains 16 nets.

Circuit gf180mcu_fd_sc_mcu7t5v0__aoi221_2 contains no devices.

Contents of circuit 1:  Circuit: 'gf180mcu_fd_sc_mcu7t5v0__oai31_2'
Circuit gf180mcu_fd_sc_mcu7t5v0__oai31_2 contains 0 device instances.
Circuit contains 0 nets, and 9 disconnected pins.
Contents of circuit 2:  Circuit: 'gf180mcu_fd_sc_mcu7t5v0__oai31_2'
Circuit gf180mcu_fd_sc_mcu7t5v0__oai31_2 contains 16 device instances.
  Class: pfet_05v0             instances:   8
  Class: nfet_05v0             instances:   8
Circuit contains 14 nets.

Circuit gf180mcu_fd_sc_mcu7t5v0__oai31_2 contains no devices.

Contents of circuit 1:  Circuit: 'gf180mcu_fd_sc_mcu7t5v0__buf_12'
Circuit gf180mcu_fd_sc_mcu7t5v0__buf_12 contains 0 device instances.
Circuit contains 0 nets, and 6 disconnected pins.
Contents of circuit 2:  Circuit: 'gf180mcu_fd_sc_mcu7t5v0__buf_12'
Circuit gf180mcu_fd_sc_mcu7t5v0__buf_12 contains 36 device instances.
  Class: pfet_05v0             instances:  18
  Class: nfet_05v0             instances:  18
Circuit contains 7 nets.

Circuit gf180mcu_fd_sc_mcu7t5v0__buf_12 contains no devices.

Contents of circuit 1:  Circuit: 'gf180mcu_fd_sc_mcu7t5v0__nor3_2'
Circuit gf180mcu_fd_sc_mcu7t5v0__nor3_2 contains 0 device instances.
Circuit contains 0 nets, and 8 disconnected pins.
Contents of circuit 2:  Circuit: 'gf180mcu_fd_sc_mcu7t5v0__nor3_2'
Circuit gf180mcu_fd_sc_mcu7t5v0__nor3_2 contains 12 device instances.
  Class: pfet_05v0             instances:   6
  Class: nfet_05v0             instances:   6
Circuit contains 12 nets.

Circuit gf180mcu_fd_sc_mcu7t5v0__nor3_2 contains no devices.

Contents of circuit 1:  Circuit: 'gf180mcu_fd_sc_mcu7t5v0__aoi22_2'
Circuit gf180mcu_fd_sc_mcu7t5v0__aoi22_2 contains 0 device instances.
Circuit contains 0 nets, and 9 disconnected pins.
Contents of circuit 2:  Circuit: 'gf180mcu_fd_sc_mcu7t5v0__aoi22_2'
Circuit gf180mcu_fd_sc_mcu7t5v0__aoi22_2 contains 16 device instances.
  Class: pfet_05v0             instances:   8
  Class: nfet_05v0             instances:   8
Circuit contains 14 nets.

Circuit gf180mcu_fd_sc_mcu7t5v0__aoi22_2 contains no devices.

Contents of circuit 1:  Circuit: 'gf180mcu_fd_sc_mcu7t5v0__or4_1'
Circuit gf180mcu_fd_sc_mcu7t5v0__or4_1 contains 0 device instances.
Circuit contains 0 nets, and 9 disconnected pins.
Contents of circuit 2:  Circuit: 'gf180mcu_fd_sc_mcu7t5v0__or4_1'
Circuit gf180mcu_fd_sc_mcu7t5v0__or4_1 contains 10 device instances.
  Class: pfet_05v0             instances:   5
  Class: nfet_05v0             instances:   5
Circuit contains 13 nets.

Circuit gf180mcu_fd_sc_mcu7t5v0__or4_1 contains no devices.

Contents of circuit 1:  Circuit: 'gf180mcu_fd_sc_mcu7t5v0__and4_1'
Circuit gf180mcu_fd_sc_mcu7t5v0__and4_1 contains 0 device instances.
Circuit contains 0 nets, and 9 disconnected pins.
Contents of circuit 2:  Circuit: 'gf180mcu_fd_sc_mcu7t5v0__and4_1'
Circuit gf180mcu_fd_sc_mcu7t5v0__and4_1 contains 10 device instances.
  Class: pfet_05v0             instances:   5
  Class: nfet_05v0             instances:   5
Circuit contains 13 nets.

Circuit gf180mcu_fd_sc_mcu7t5v0__and4_1 contains no devices.

Contents of circuit 1:  Circuit: 'gf180mcu_fd_sc_mcu7t5v0__aoi221_4'
Circuit gf180mcu_fd_sc_mcu7t5v0__aoi221_4 contains 0 device instances.
Circuit contains 0 nets, and 10 disconnected pins.
Contents of circuit 2:  Circuit: 'gf180mcu_fd_sc_mcu7t5v0__aoi221_4'
Circuit gf180mcu_fd_sc_mcu7t5v0__aoi221_4 contains 40 device instances.
  Class: pfet_05v0             instances:  20
  Class: nfet_05v0             instances:  20
Circuit contains 20 nets.

Circuit gf180mcu_fd_sc_mcu7t5v0__aoi221_4 contains no devices.

Contents of circuit 1:  Circuit: 'gf180mcu_fd_sc_mcu7t5v0__oai211_4'
Circuit gf180mcu_fd_sc_mcu7t5v0__oai211_4 contains 0 device instances.
Circuit contains 0 nets, and 9 disconnected pins.
Contents of circuit 2:  Circuit: 'gf180mcu_fd_sc_mcu7t5v0__oai211_4'
Circuit gf180mcu_fd_sc_mcu7t5v0__oai211_4 contains 32 device instances.
  Class: pfet_05v0             instances:  16
  Class: nfet_05v0             instances:  16
Circuit contains 18 nets.

Circuit gf180mcu_fd_sc_mcu7t5v0__oai211_4 contains no devices.

Contents of circuit 1:  Circuit: 'gf180mcu_fd_sc_mcu7t5v0__clkinv_8'
Circuit gf180mcu_fd_sc_mcu7t5v0__clkinv_8 contains 0 device instances.
Circuit contains 0 nets, and 6 disconnected pins.
Contents of circuit 2:  Circuit: 'gf180mcu_fd_sc_mcu7t5v0__clkinv_8'
Circuit gf180mcu_fd_sc_mcu7t5v0__clkinv_8 contains 16 device instances.
  Class: pfet_05v0             instances:   8
  Class: nfet_05v0             instances:   8
Circuit contains 6 nets.

Circuit gf180mcu_fd_sc_mcu7t5v0__clkinv_8 contains no devices.

Contents of circuit 1:  Circuit: 'gf180mcu_fd_sc_mcu7t5v0__nor4_2'
Circuit gf180mcu_fd_sc_mcu7t5v0__nor4_2 contains 0 device instances.
Circuit contains 0 nets, and 9 disconnected pins.
Contents of circuit 2:  Circuit: 'gf180mcu_fd_sc_mcu7t5v0__nor4_2'
Circuit gf180mcu_fd_sc_mcu7t5v0__nor4_2 contains 16 device instances.
  Class: pfet_05v0             instances:   8
  Class: nfet_05v0             instances:   8
Circuit contains 15 nets.

Circuit gf180mcu_fd_sc_mcu7t5v0__nor4_2 contains no devices.

Contents of circuit 1:  Circuit: 'gf180mcu_fd_sc_mcu7t5v0__clkbuf_4'
Circuit gf180mcu_fd_sc_mcu7t5v0__clkbuf_4 contains 0 device instances.
Circuit contains 0 nets, and 6 disconnected pins.
Contents of circuit 2:  Circuit: 'gf180mcu_fd_sc_mcu7t5v0__clkbuf_4'
Circuit gf180mcu_fd_sc_mcu7t5v0__clkbuf_4 contains 11 device instances.
  Class: pfet_05v0             instances:   6
  Class: nfet_05v0             instances:   5
Circuit contains 7 nets.

Circuit gf180mcu_fd_sc_mcu7t5v0__clkbuf_4 contains no devices.

Contents of circuit 1:  Circuit: 'gf180mcu_fd_sc_mcu7t5v0__clkbuf_12'
Circuit gf180mcu_fd_sc_mcu7t5v0__clkbuf_12 contains 0 device instances.
Circuit contains 0 nets, and 6 disconnected pins.
Contents of circuit 2:  Circuit: 'gf180mcu_fd_sc_mcu7t5v0__clkbuf_12'
Circuit gf180mcu_fd_sc_mcu7t5v0__clkbuf_12 contains 35 device instances.
  Class: pfet_05v0             instances:  18
  Class: nfet_05v0             instances:  17
Circuit contains 7 nets.

Circuit gf180mcu_fd_sc_mcu7t5v0__clkbuf_12 contains no devices.

Contents of circuit 1:  Circuit: 'gf180mcu_fd_sc_mcu7t5v0__oai221_2'
Circuit gf180mcu_fd_sc_mcu7t5v0__oai221_2 contains 0 device instances.
Circuit contains 0 nets, and 10 disconnected pins.
Contents of circuit 2:  Circuit: 'gf180mcu_fd_sc_mcu7t5v0__oai221_2'
Circuit gf180mcu_fd_sc_mcu7t5v0__oai221_2 contains 20 device instances.
  Class: pfet_05v0             instances:  10
  Class: nfet_05v0             instances:  10
Circuit contains 16 nets.

Circuit gf180mcu_fd_sc_mcu7t5v0__oai221_2 contains no devices.

Contents of circuit 1:  Circuit: 'gf180mcu_fd_sc_mcu7t5v0__clkinv_16'
Circuit gf180mcu_fd_sc_mcu7t5v0__clkinv_16 contains 0 device instances.
Circuit contains 0 nets, and 6 disconnected pins.
Contents of circuit 2:  Circuit: 'gf180mcu_fd_sc_mcu7t5v0__clkinv_16'
Circuit gf180mcu_fd_sc_mcu7t5v0__clkinv_16 contains 32 device instances.
  Class: pfet_05v0             instances:  16
  Class: nfet_05v0             instances:  16
Circuit contains 6 nets.

Circuit gf180mcu_fd_sc_mcu7t5v0__clkinv_16 contains no devices.

Contents of circuit 1:  Circuit: 'gf180mcu_fd_sc_mcu7t5v0__inv_20'
Circuit gf180mcu_fd_sc_mcu7t5v0__inv_20 contains 0 device instances.
Circuit contains 0 nets, and 6 disconnected pins.
Contents of circuit 2:  Circuit: 'gf180mcu_fd_sc_mcu7t5v0__inv_20'
Circuit gf180mcu_fd_sc_mcu7t5v0__inv_20 contains 40 device instances.
  Class: pfet_05v0             instances:  20
  Class: nfet_05v0             instances:  20
Circuit contains 6 nets.

Circuit gf180mcu_fd_sc_mcu7t5v0__inv_20 contains no devices.

Contents of circuit 1:  Circuit: 'gf180mcu_fd_sc_mcu7t5v0__aoi211_4'
Circuit gf180mcu_fd_sc_mcu7t5v0__aoi211_4 contains 0 device instances.
Circuit contains 0 nets, and 9 disconnected pins.
Contents of circuit 2:  Circuit: 'gf180mcu_fd_sc_mcu7t5v0__aoi211_4'
Circuit gf180mcu_fd_sc_mcu7t5v0__aoi211_4 contains 32 device instances.
  Class: pfet_05v0             instances:  16
  Class: nfet_05v0             instances:  16
Circuit contains 18 nets.

Circuit gf180mcu_fd_sc_mcu7t5v0__aoi211_4 contains no devices.

Contents of circuit 1:  Circuit: 'gf180mcu_fd_sc_mcu7t5v0__dffq_4'
Circuit gf180mcu_fd_sc_mcu7t5v0__dffq_4 contains 0 device instances.
Circuit contains 0 nets, and 7 disconnected pins.
Contents of circuit 2:  Circuit: 'gf180mcu_fd_sc_mcu7t5v0__dffq_4'
Circuit gf180mcu_fd_sc_mcu7t5v0__dffq_4 contains 32 device instances.
  Class: pfet_05v0             instances:  16
  Class: nfet_05v0             instances:  16
Circuit contains 19 nets.

Circuit gf180mcu_fd_sc_mcu7t5v0__dffq_4 contains no devices.

Contents of circuit 1:  Circuit: 'gf180mcu_fd_sc_mcu7t5v0__or2_2'
Circuit gf180mcu_fd_sc_mcu7t5v0__or2_2 contains 0 device instances.
Circuit contains 0 nets, and 7 disconnected pins.
Contents of circuit 2:  Circuit: 'gf180mcu_fd_sc_mcu7t5v0__or2_2'
Circuit gf180mcu_fd_sc_mcu7t5v0__or2_2 contains 8 device instances.
  Class: pfet_05v0             instances:   4
  Class: nfet_05v0             instances:   4
Circuit contains 9 nets.

Circuit gf180mcu_fd_sc_mcu7t5v0__or2_2 contains no devices.

Contents of circuit 1:  Circuit: 'gf180mcu_fd_sc_mcu7t5v0__and2_4'
Circuit gf180mcu_fd_sc_mcu7t5v0__and2_4 contains 0 device instances.
Circuit contains 0 nets, and 7 disconnected pins.
Contents of circuit 2:  Circuit: 'gf180mcu_fd_sc_mcu7t5v0__and2_4'
Circuit gf180mcu_fd_sc_mcu7t5v0__and2_4 contains 16 device instances.
  Class: pfet_05v0             instances:   8
  Class: nfet_05v0             instances:   8
Circuit contains 10 nets.

Circuit gf180mcu_fd_sc_mcu7t5v0__and2_4 contains no devices.

Contents of circuit 1:  Circuit: 'gf180mcu_fd_sc_mcu7t5v0__oai211_2'
Circuit gf180mcu_fd_sc_mcu7t5v0__oai211_2 contains 0 device instances.
Circuit contains 0 nets, and 9 disconnected pins.
Contents of circuit 2:  Circuit: 'gf180mcu_fd_sc_mcu7t5v0__oai211_2'
Circuit gf180mcu_fd_sc_mcu7t5v0__oai211_2 contains 16 device instances.
  Class: pfet_05v0             instances:   8
  Class: nfet_05v0             instances:   8
Circuit contains 14 nets.

Circuit gf180mcu_fd_sc_mcu7t5v0__oai211_2 contains no devices.

Contents of circuit 1:  Circuit: 'gf180mcu_fd_sc_mcu7t5v0__clkinv_3'
Circuit gf180mcu_fd_sc_mcu7t5v0__clkinv_3 contains 0 device instances.
Circuit contains 0 nets, and 6 disconnected pins.
Contents of circuit 2:  Circuit: 'gf180mcu_fd_sc_mcu7t5v0__clkinv_3'
Circuit gf180mcu_fd_sc_mcu7t5v0__clkinv_3 contains 6 device instances.
  Class: pfet_05v0             instances:   3
  Class: nfet_05v0             instances:   3
Circuit contains 6 nets.

Circuit gf180mcu_fd_sc_mcu7t5v0__clkinv_3 contains no devices.

Contents of circuit 1:  Circuit: 'gf180mcu_fd_sc_mcu7t5v0__clkinv_12'
Circuit gf180mcu_fd_sc_mcu7t5v0__clkinv_12 contains 0 device instances.
Circuit contains 0 nets, and 6 disconnected pins.
Contents of circuit 2:  Circuit: 'gf180mcu_fd_sc_mcu7t5v0__clkinv_12'
Circuit gf180mcu_fd_sc_mcu7t5v0__clkinv_12 contains 24 device instances.
  Class: pfet_05v0             instances:  12
  Class: nfet_05v0             instances:  12
Circuit contains 6 nets.

Circuit gf180mcu_fd_sc_mcu7t5v0__clkinv_12 contains no devices.

Contents of circuit 1:  Circuit: 'gf180mcu_fd_sc_mcu7t5v0__aoi211_1'
Circuit gf180mcu_fd_sc_mcu7t5v0__aoi211_1 contains 0 device instances.
Circuit contains 0 nets, and 9 disconnected pins.
Contents of circuit 2:  Circuit: 'gf180mcu_fd_sc_mcu7t5v0__aoi211_1'
Circuit gf180mcu_fd_sc_mcu7t5v0__aoi211_1 contains 8 device instances.
  Class: pfet_05v0             instances:   4
  Class: nfet_05v0             instances:   4
Circuit contains 12 nets.

Circuit gf180mcu_fd_sc_mcu7t5v0__aoi211_1 contains no devices.

Contents of circuit 1:  Circuit: 'gf180mcu_fd_sc_mcu7t5v0__nor3_4'
Circuit gf180mcu_fd_sc_mcu7t5v0__nor3_4 contains 0 device instances.
Circuit contains 0 nets, and 8 disconnected pins.
Contents of circuit 2:  Circuit: 'gf180mcu_fd_sc_mcu7t5v0__nor3_4'
Circuit gf180mcu_fd_sc_mcu7t5v0__nor3_4 contains 24 device instances.
  Class: pfet_05v0             instances:  12
  Class: nfet_05v0             instances:  12
Circuit contains 14 nets.

Circuit gf180mcu_fd_sc_mcu7t5v0__nor3_4 contains no devices.

Contents of circuit 1:  Circuit: 'gf180mcu_fd_sc_mcu7t5v0__tieh'
Circuit gf180mcu_fd_sc_mcu7t5v0__tieh contains 0 device instances.
Circuit contains 0 nets, and 5 disconnected pins.
Contents of circuit 2:  Circuit: 'gf180mcu_fd_sc_mcu7t5v0__tieh'
Circuit gf180mcu_fd_sc_mcu7t5v0__tieh contains 2 device instances.
  Class: pfet_05v0             instances:   1
  Class: nfet_05v0             instances:   1
Circuit contains 6 nets.

Circuit gf180mcu_fd_sc_mcu7t5v0__tieh contains no devices.

Contents of circuit 1:  Circuit: 'gf180mcu_fd_sc_mcu7t5v0__buf_16'
Circuit gf180mcu_fd_sc_mcu7t5v0__buf_16 contains 0 device instances.
Circuit contains 0 nets, and 6 disconnected pins.
Contents of circuit 2:  Circuit: 'gf180mcu_fd_sc_mcu7t5v0__buf_16'
Circuit gf180mcu_fd_sc_mcu7t5v0__buf_16 contains 48 device instances.
  Class: pfet_05v0             instances:  24
  Class: nfet_05v0             instances:  24
Circuit contains 7 nets.

Circuit gf180mcu_fd_sc_mcu7t5v0__buf_16 contains no devices.

Contents of circuit 1:  Circuit: 'gf180mcu_fd_sc_mcu7t5v0__inv_16'
Circuit gf180mcu_fd_sc_mcu7t5v0__inv_16 contains 0 device instances.
Circuit contains 0 nets, and 6 disconnected pins.
Contents of circuit 2:  Circuit: 'gf180mcu_fd_sc_mcu7t5v0__inv_16'
Circuit gf180mcu_fd_sc_mcu7t5v0__inv_16 contains 32 device instances.
  Class: pfet_05v0             instances:  16
  Class: nfet_05v0             instances:  16
Circuit contains 6 nets.

Circuit gf180mcu_fd_sc_mcu7t5v0__inv_16 contains no devices.

Contents of circuit 1:  Circuit: 'gf180mcu_fd_sc_mcu7t5v0__or3_1'
Circuit gf180mcu_fd_sc_mcu7t5v0__or3_1 contains 0 device instances.
Circuit contains 0 nets, and 8 disconnected pins.
Contents of circuit 2:  Circuit: 'gf180mcu_fd_sc_mcu7t5v0__or3_1'
Circuit gf180mcu_fd_sc_mcu7t5v0__or3_1 contains 8 device instances.
  Class: pfet_05v0             instances:   4
  Class: nfet_05v0             instances:   4
Circuit contains 11 nets.

Circuit gf180mcu_fd_sc_mcu7t5v0__or3_1 contains no devices.

Contents of circuit 1:  Circuit: 'gf180mcu_fd_sc_mcu7t5v0__oai32_2'
Circuit gf180mcu_fd_sc_mcu7t5v0__oai32_2 contains 0 device instances.
Circuit contains 0 nets, and 10 disconnected pins.
Contents of circuit 2:  Circuit: 'gf180mcu_fd_sc_mcu7t5v0__oai32_2'
Circuit gf180mcu_fd_sc_mcu7t5v0__oai32_2 contains 20 device instances.
  Class: pfet_05v0             instances:  10
  Class: nfet_05v0             instances:  10
Circuit contains 17 nets.

Circuit gf180mcu_fd_sc_mcu7t5v0__oai32_2 contains no devices.

Contents of circuit 1:  Circuit: 'gf180mcu_ocd_ip_sram__sram1024x8m8wm1'
Circuit gf180mcu_ocd_ip_sram__sram1024x8m8wm1 contains 0 device instances.
Circuit contains 0 nets, and 39 disconnected pins.
Contents of circuit 2:  Circuit: 'gf180mcu_ocd_ip_sram__sram1024x8m8wm1'
Circuit gf180mcu_ocd_ip_sram__sram1024x8m8wm1 contains 0 device instances.
Circuit contains 0 nets.

Circuit gf180mcu_ocd_ip_sram__sram1024x8m8wm1 contains no devices.

Contents of circuit 1:  Circuit: 'gf180mcu_fd_sc_mcu7t5v0__buf_20'
Circuit gf180mcu_fd_sc_mcu7t5v0__buf_20 contains 0 device instances.
Circuit contains 0 nets, and 6 disconnected pins.
Contents of circuit 2:  Circuit: 'gf180mcu_fd_sc_mcu7t5v0__buf_20'
Circuit gf180mcu_fd_sc_mcu7t5v0__buf_20 contains 60 device instances.
  Class: pfet_05v0             instances:  30
  Class: nfet_05v0             instances:  30
Circuit contains 7 nets.

Circuit gf180mcu_fd_sc_mcu7t5v0__buf_20 contains no devices.

Contents of circuit 1:  Circuit: 'gf180mcu_fd_sc_mcu7t5v0__or2_4'
Circuit gf180mcu_fd_sc_mcu7t5v0__or2_4 contains 0 device instances.
Circuit contains 0 nets, and 7 disconnected pins.
Contents of circuit 2:  Circuit: 'gf180mcu_fd_sc_mcu7t5v0__or2_4'
Circuit gf180mcu_fd_sc_mcu7t5v0__or2_4 contains 16 device instances.
  Class: pfet_05v0             instances:   8
  Class: nfet_05v0             instances:   8
Circuit contains 10 nets.

Circuit gf180mcu_fd_sc_mcu7t5v0__or2_4 contains no devices.

Contents of circuit 1:  Circuit: 'gf180mcu_fd_sc_mcu7t5v0__nor4_4'
Circuit gf180mcu_fd_sc_mcu7t5v0__nor4_4 contains 0 device instances.
Circuit contains 0 nets, and 9 disconnected pins.
Contents of circuit 2:  Circuit: 'gf180mcu_fd_sc_mcu7t5v0__nor4_4'
Circuit gf180mcu_fd_sc_mcu7t5v0__nor4_4 contains 32 device instances.
  Class: pfet_05v0             instances:  16
  Class: nfet_05v0             instances:  16
Circuit contains 19 nets.

Circuit gf180mcu_fd_sc_mcu7t5v0__nor4_4 contains no devices.

Contents of circuit 1:  Circuit: 'gf180mcu_fd_sc_mcu7t5v0__and3_2'
Circuit gf180mcu_fd_sc_mcu7t5v0__and3_2 contains 0 device instances.
Circuit contains 0 nets, and 8 disconnected pins.
Contents of circuit 2:  Circuit: 'gf180mcu_fd_sc_mcu7t5v0__and3_2'
Circuit gf180mcu_fd_sc_mcu7t5v0__and3_2 contains 10 device instances.
  Class: pfet_05v0             instances:   5
  Class: nfet_05v0             instances:   5
Circuit contains 11 nets.

Circuit gf180mcu_fd_sc_mcu7t5v0__and3_2 contains no devices.

Contents of circuit 1:  Circuit: 'gf180mcu_fd_sc_mcu7t5v0__or4_2'
Circuit gf180mcu_fd_sc_mcu7t5v0__or4_2 contains 0 device instances.
Circuit contains 0 nets, and 9 disconnected pins.
Contents of circuit 2:  Circuit: 'gf180mcu_fd_sc_mcu7t5v0__or4_2'
Circuit gf180mcu_fd_sc_mcu7t5v0__or4_2 contains 12 device instances.
  Class: pfet_05v0             instances:   6
  Class: nfet_05v0             instances:   6
Circuit contains 13 nets.

Circuit gf180mcu_fd_sc_mcu7t5v0__or4_2 contains no devices.

Contents of circuit 1:  Circuit: 'gf180mcu_fd_sc_mcu7t5v0__oai31_4'
Circuit gf180mcu_fd_sc_mcu7t5v0__oai31_4 contains 0 device instances.
Circuit contains 0 nets, and 9 disconnected pins.
Contents of circuit 2:  Circuit: 'gf180mcu_fd_sc_mcu7t5v0__oai31_4'
Circuit gf180mcu_fd_sc_mcu7t5v0__oai31_4 contains 32 device instances.
  Class: pfet_05v0             instances:  16
  Class: nfet_05v0             instances:  16
Circuit contains 16 nets.

Circuit gf180mcu_fd_sc_mcu7t5v0__oai31_4 contains no devices.

Contents of circuit 1:  Circuit: 'gf180mcu_fd_sc_mcu7t5v0__dlyc_1'
Circuit gf180mcu_fd_sc_mcu7t5v0__dlyc_1 contains 0 device instances.
Circuit contains 0 nets, and 6 disconnected pins.
Contents of circuit 2:  Circuit: 'gf180mcu_fd_sc_mcu7t5v0__dlyc_1'
Circuit gf180mcu_fd_sc_mcu7t5v0__dlyc_1 contains 20 device instances.
  Class: pfet_05v0             instances:  10
  Class: nfet_05v0             instances:  10
Circuit contains 19 nets.

Circuit gf180mcu_fd_sc_mcu7t5v0__dlyc_1 contains no devices.

Contents of circuit 1:  Circuit: 'gf180mcu_fd_sc_mcu7t5v0__and4_2'
Circuit gf180mcu_fd_sc_mcu7t5v0__and4_2 contains 0 device instances.
Circuit contains 0 nets, and 9 disconnected pins.
Contents of circuit 2:  Circuit: 'gf180mcu_fd_sc_mcu7t5v0__and4_2'
Circuit gf180mcu_fd_sc_mcu7t5v0__and4_2 contains 12 device instances.
  Class: pfet_05v0             instances:   6
  Class: nfet_05v0             instances:   6
Circuit contains 13 nets.

Circuit gf180mcu_fd_sc_mcu7t5v0__and4_2 contains no devices.

Contents of circuit 1:  Circuit: 'gf180mcu_fd_sc_mcu7t5v0__xnor2_1'
Circuit gf180mcu_fd_sc_mcu7t5v0__xnor2_1 contains 0 device instances.
Circuit contains 0 nets, and 7 disconnected pins.
Contents of circuit 2:  Circuit: 'gf180mcu_fd_sc_mcu7t5v0__xnor2_1'
Circuit gf180mcu_fd_sc_mcu7t5v0__xnor2_1 contains 10 device instances.
  Class: pfet_05v0             instances:   5
  Class: nfet_05v0             instances:   5
Circuit contains 11 nets.

Circuit gf180mcu_fd_sc_mcu7t5v0__xnor2_1 contains no devices.

Contents of circuit 1:  Circuit: 'gf180mcu_fd_sc_mcu7t5v0__oai221_4'
Circuit gf180mcu_fd_sc_mcu7t5v0__oai221_4 contains 0 device instances.
Circuit contains 0 nets, and 10 disconnected pins.
Contents of circuit 2:  Circuit: 'gf180mcu_fd_sc_mcu7t5v0__oai221_4'
Circuit gf180mcu_fd_sc_mcu7t5v0__oai221_4 contains 40 device instances.
  Class: pfet_05v0             instances:  20
  Class: nfet_05v0             instances:  20
Circuit contains 20 nets.

Circuit gf180mcu_fd_sc_mcu7t5v0__oai221_4 contains no devices.

Contents of circuit 1:  Circuit: 'gf180mcu_fd_sc_mcu7t5v0__or3_2'
Circuit gf180mcu_fd_sc_mcu7t5v0__or3_2 contains 0 device instances.
Circuit contains 0 nets, and 8 disconnected pins.
Contents of circuit 2:  Circuit: 'gf180mcu_fd_sc_mcu7t5v0__or3_2'
Circuit gf180mcu_fd_sc_mcu7t5v0__or3_2 contains 10 device instances.
  Class: pfet_05v0             instances:   5
  Class: nfet_05v0             instances:   5
Circuit contains 11 nets.

Circuit gf180mcu_fd_sc_mcu7t5v0__or3_2 contains no devices.

Contents of circuit 1:  Circuit: 'grouper_soc_chip_core'
Circuit grouper_soc_chip_core contains 41688 device instances.
  Class: gf180mcu_fd_sc_mcu7t5v0__oai32_2 instances:   4
  Class: gf180mcu_fd_sc_mcu7t5v0__dlyc_1 instances:  67
  Class: gf180mcu_fd_sc_mcu7t5v0__buf_8 instances: 307
  Class: gf180mcu_fd_sc_mcu7t5v0__nand4_4 instances:   8
  Class: gf180mcu_fd_sc_mcu7t5v0__nor4_4 instances:   7
  Class: gf180mcu_fd_sc_mcu7t5v0__aoi22_4 instances:  94
  Class: gf180mcu_fd_sc_mcu7t5v0__dffrnq_4 instances:  44
  Class: gf180mcu_fd_sc_mcu7t5v0__buf_16 instances:  10
  Class: gf180mcu_fd_sc_mcu7t5v0__clkbuf_16 instances: 579
  Class: gf180mcu_fd_sc_mcu7t5v0__clkbuf_8 instances: 171
  Class: gf180mcu_fd_sc_mcu7t5v0__oai221_2 instances:   8
  Class: gf180mcu_fd_sc_mcu7t5v0__clkinv_8 instances:  80
  Class: gf180mcu_fd_sc_mcu7t5v0__and4_1 instances:  26
  Class: gf180mcu_fd_sc_mcu7t5v0__nand4_1 instances: 237
  Class: gf180mcu_fd_sc_mcu7t5v0__nor2_2 instances: 260
  Class: gf180mcu_fd_sc_mcu7t5v0__aoi21_4 instances: 164
  Class: gf180mcu_fd_sc_mcu7t5v0__fillcap_8 instances: 4025
  Class: gf180mcu_fd_sc_mcu7t5v0__and3_1 instances:  34
  Class: gf180mcu_fd_sc_mcu7t5v0__dffq_4 instances:  18
  Class: gf180mcu_fd_sc_mcu7t5v0__oai32_1 instances:  18
  Class: gf180mcu_fd_sc_mcu7t5v0__dffrnq_1 instances: 1460
  Class: gf180mcu_fd_sc_mcu7t5v0__nor4_1 instances:  48
  Class: gf180mcu_fd_sc_mcu7t5v0__aoi22_1 instances: 347
  Class: gf180mcu_fd_sc_mcu7t5v0__nand3_1 instances: 1532
  Class: gf180mcu_fd_sc_mcu7t5v0__oai211_4 instances:   9
  Class: gf180mcu_fd_sc_mcu7t5v0__aoi221_2 instances:  30
  Class: gf180mcu_fd_sc_mcu7t5v0__antenna instances: 119
  Class: gf180mcu_fd_sc_mcu7t5v0__or2_2 instances:  21
  Class: gf180mcu_fd_sc_mcu7t5v0__oai21_2 instances: 609
  Class: gf180mcu_fd_sc_mcu7t5v0__dffq_1 instances: 1799
  Class: gf180mcu_fd_sc_mcu7t5v0__oai32_4 instances:  31
  Class: gf180mcu_fd_sc_mcu7t5v0__clkinv_12 instances:  25
  Class: gf180mcu_fd_sc_mcu7t5v0__oai221_1 instances: 158
  Class: gf180mcu_fd_sc_mcu7t5v0__and2_2 instances:  29
  Class: gf180mcu_fd_sc_mcu7t5v0__and4_2 instances:   1
  Class: gf180mcu_fd_sc_mcu7t5v0__and3_4 instances:   1
  Class: gf180mcu_fd_sc_mcu7t5v0__nor3_1 instances: 102
  Class: gf180mcu_fd_sc_mcu7t5v0__dffrnq_2 instances: 124
  Class: gf180mcu_fd_sc_mcu7t5v0__oai211_1 instances: 734
  Class: gf180mcu_fd_sc_mcu7t5v0__buf_2 instances: 929
  Class: gf180mcu_fd_sc_mcu7t5v0__inv_20 instances:  15
  Class: gf180mcu_fd_sc_mcu7t5v0__aoi22_2 instances:  85
  Class: gf180mcu_fd_sc_mcu7t5v0__tieh instances:   9
  Class: gf180mcu_fd_sc_mcu7t5v0__inv_16 instances:   9
  Class: gf180mcu_fd_sc_mcu7t5v0__buf_20 instances:   4
  Class: gf180mcu_fd_sc_mcu7t5v0__nand3_4 instances:  74
  Class: gf180mcu_fd_sc_mcu7t5v0__fillcap_16 instances: 770
  Class: gf180mcu_fd_sc_mcu7t5v0__aoi221_1 instances: 100
  Class: gf180mcu_fd_sc_mcu7t5v0__inv_3 instances: 146
  Class: gf180mcu_fd_sc_mcu7t5v0__clkbuf_2 instances: 757
  Class: gf180mcu_fd_sc_mcu7t5v0__dffq_2 instances:  79
  Class: gf180mcu_fd_sc_mcu7t5v0__oai21_1 instances: 1769
  Class: gf180mcu_fd_sc_mcu7t5v0__nor3_4 instances:  22
  Class: gf180mcu_fd_sc_mcu7t5v0__oai221_4 instances:   4
  Class: gf180mcu_fd_sc_mcu7t5v0__fillcap_32 instances:  66
  Class: gf180mcu_fd_sc_mcu7t5v0__or4_1 instances:  14
  Class: gf180mcu_fd_sc_mcu7t5v0__aoi211_2 instances:  54
  Class: gf180mcu_fd_sc_mcu7t5v0__oai31_4 instances:   6
  Class: gf180mcu_fd_sc_mcu7t5v0__oai22_4 instances:  83
  Class: gf180mcu_fd_sc_mcu7t5v0__inv_4 instances:  82
  Class: gf180mcu_fd_sc_mcu7t5v0__or2_4 instances:   8
  Class: gf180mcu_fd_sc_mcu7t5v0__aoi221_4 instances:  44
  Class: gf180mcu_fd_sc_mcu7t5v0__nand2_4 instances: 703
  Class: gf180mcu_fd_sc_mcu7t5v0__oai31_1 instances:  21
  Class: gf180mcu_fd_sc_mcu7t5v0__oai21_4 instances: 621
  Class: gf180mcu_fd_sc_mcu7t5v0__clkinv_3 instances:  15
  Class: gf180mcu_fd_sc_mcu7t5v0__buf_12 instances:  21
  Class: gf180mcu_fd_sc_mcu7t5v0__and2_4 instances:  22
  Class: gf180mcu_fd_sc_mcu7t5v0__or4_2 instances:   3
  Class: gf180mcu_fd_sc_mcu7t5v0__clkbuf_12 instances:  44
  Class: gf180mcu_fd_sc_mcu7t5v0__oai22_1 instances: 214
  Class: gf180mcu_fd_sc_mcu7t5v0__nand3_2 instances: 209
  Class: gf180mcu_fd_sc_mcu7t5v0__buf_4 instances: 337
  Class: gf180mcu_fd_sc_mcu7t5v0__nand2_1 instances: 8091
  Class: gf180mcu_fd_sc_mcu7t5v0__inv_1 instances: 186
  Class: gf180mcu_fd_sc_mcu7t5v0__or2_1 instances: 184
  Class: gf180mcu_fd_sc_mcu7t5v0__fillcap_4 instances: 4186
  Class: gf180mcu_fd_sc_mcu7t5v0__clkinv_4 instances:  23
  Class: gf180mcu_fd_sc_mcu7t5v0__and2_1 instances: 153
  Class: gf180mcu_fd_sc_mcu7t5v0__oai31_2 instances:  13
  Class: gf180mcu_fd_sc_mcu7t5v0__clkbuf_4 instances:  16
  Class: gf180mcu_fd_sc_mcu7t5v0__nor3_2 instances:  66
  Class: gf180mcu_fd_sc_mcu7t5v0__buf_1 instances: 433
  Class: gf180mcu_fd_sc_mcu7t5v0__aoi211_4 instances:  44
  Class: gf180mcu_fd_sc_mcu7t5v0__clkinv_16 instances:  18
  Class: gf180mcu_fd_sc_mcu7t5v0__oai22_2 instances:  45
  Class: gf180mcu_fd_sc_mcu7t5v0__nand4_2 instances:   7
  Class: gf180mcu_fd_sc_mcu7t5v0__nand2_2 instances: 946
  Class: gf180mcu_fd_sc_mcu7t5v0__inv_2 instances: 397
  Class: gf180mcu_fd_sc_mcu7t5v0__clkbuf_1 instances:  84
  Class: gf180mcu_fd_sc_mcu7t5v0__or3_2 instances:   3
  Class: gf180mcu_ocd_ip_sram__sram1024x8m8wm1 instances:   4
  Class: gf180mcu_fd_sc_mcu7t5v0__clkinv_1 instances: 2592
  Class: gf180mcu_fd_sc_mcu7t5v0__nor4_2 instances:  28
  Class: gf180mcu_fd_sc_mcu7t5v0__aoi211_1 instances:  26
  Class: gf180mcu_fd_sc_mcu7t5v0__xnor2_1 instances:   1
  Class: gf180mcu_fd_sc_mcu7t5v0__nor2_4 instances: 224
  Class: gf180mcu_fd_sc_mcu7t5v0__aoi21_2 instances: 274
  Class: gf180mcu_fd_sc_mcu7t5v0__tiel instances: 200
  Class: gf180mcu_fd_sc_mcu7t5v0__inv_12 instances:  23
  Class: gf180mcu_fd_sc_mcu7t5v0__or3_1 instances:  16
  Class: gf180mcu_fd_sc_mcu7t5v0__clkinv_2 instances:  67
  Class: gf180mcu_fd_sc_mcu7t5v0__oai211_2 instances:  25
  Class: gf180mcu_fd_sc_mcu7t5v0__buf_3 instances: 276
  Class: gf180mcu_fd_sc_mcu7t5v0__inv_8 instances:  80
  Class: gf180mcu_fd_sc_mcu7t5v0__nor2_1 instances: 1212
  Class: gf180mcu_fd_sc_mcu7t5v0__aoi21_1 instances: 975
  Class: gf180mcu_fd_sc_mcu7t5v0__and3_2 instances:   4
  Class: gf180mcu_fd_sc_mcu7t5v0__clkbuf_3 instances:  87
Circuit contains 32571 nets.
Contents of circuit 2:  Circuit: 'grouper_soc_chip_core'
Circuit grouper_soc_chip_core contains 41688 device instances.
  Class: gf180mcu_fd_sc_mcu7t5v0__oai32_2 instances:   4
  Class: gf180mcu_fd_sc_mcu7t5v0__dlyc_1 instances:  67
  Class: gf180mcu_fd_sc_mcu7t5v0__buf_8 instances: 307
  Class: gf180mcu_fd_sc_mcu7t5v0__nand4_4 instances:   8
  Class: gf180mcu_fd_sc_mcu7t5v0__nor4_4 instances:   7
  Class: gf180mcu_fd_sc_mcu7t5v0__aoi22_4 instances:  94
  Class: gf180mcu_fd_sc_mcu7t5v0__dffrnq_4 instances:  44
  Class: gf180mcu_fd_sc_mcu7t5v0__buf_16 instances:  10
  Class: gf180mcu_fd_sc_mcu7t5v0__clkbuf_16 instances: 579
  Class: gf180mcu_fd_sc_mcu7t5v0__clkbuf_8 instances: 171
  Class: gf180mcu_fd_sc_mcu7t5v0__oai221_2 instances:   8
  Class: gf180mcu_fd_sc_mcu7t5v0__clkinv_8 instances:  80
  Class: gf180mcu_fd_sc_mcu7t5v0__and4_1 instances:  26
  Class: gf180mcu_fd_sc_mcu7t5v0__nand4_1 instances: 237
  Class: gf180mcu_fd_sc_mcu7t5v0__nor2_2 instances: 260
  Class: gf180mcu_fd_sc_mcu7t5v0__aoi21_4 instances: 164
  Class: gf180mcu_fd_sc_mcu7t5v0__fillcap_8 instances: 4025
  Class: gf180mcu_fd_sc_mcu7t5v0__and3_1 instances:  34
  Class: gf180mcu_fd_sc_mcu7t5v0__dffq_4 instances:  18
  Class: gf180mcu_fd_sc_mcu7t5v0__oai32_1 instances:  18
  Class: gf180mcu_fd_sc_mcu7t5v0__dffrnq_1 instances: 1460
  Class: gf180mcu_fd_sc_mcu7t5v0__nor4_1 instances:  48
  Class: gf180mcu_fd_sc_mcu7t5v0__aoi22_1 instances: 347
  Class: gf180mcu_fd_sc_mcu7t5v0__nand3_1 instances: 1532
  Class: gf180mcu_fd_sc_mcu7t5v0__oai211_4 instances:   9
  Class: gf180mcu_fd_sc_mcu7t5v0__aoi221_2 instances:  30
  Class: gf180mcu_fd_sc_mcu7t5v0__antenna instances: 119
  Class: gf180mcu_fd_sc_mcu7t5v0__or2_2 instances:  21
  Class: gf180mcu_fd_sc_mcu7t5v0__oai21_2 instances: 609
  Class: gf180mcu_fd_sc_mcu7t5v0__dffq_1 instances: 1799
  Class: gf180mcu_fd_sc_mcu7t5v0__oai32_4 instances:  31
  Class: gf180mcu_fd_sc_mcu7t5v0__clkinv_12 instances:  25
  Class: gf180mcu_fd_sc_mcu7t5v0__oai221_1 instances: 158
  Class: gf180mcu_fd_sc_mcu7t5v0__and2_2 instances:  29
  Class: gf180mcu_fd_sc_mcu7t5v0__and4_2 instances:   1
  Class: gf180mcu_fd_sc_mcu7t5v0__and3_4 instances:   1
  Class: gf180mcu_fd_sc_mcu7t5v0__nor3_1 instances: 102
  Class: gf180mcu_fd_sc_mcu7t5v0__dffrnq_2 instances: 124
  Class: gf180mcu_fd_sc_mcu7t5v0__oai211_1 instances: 734
  Class: gf180mcu_fd_sc_mcu7t5v0__buf_2 instances: 929
  Class: gf180mcu_fd_sc_mcu7t5v0__inv_20 instances:  15
  Class: gf180mcu_fd_sc_mcu7t5v0__aoi22_2 instances:  85
  Class: gf180mcu_fd_sc_mcu7t5v0__tieh instances:   9
  Class: gf180mcu_fd_sc_mcu7t5v0__inv_16 instances:   9
  Class: gf180mcu_fd_sc_mcu7t5v0__buf_20 instances:   4
  Class: gf180mcu_fd_sc_mcu7t5v0__nand3_4 instances:  74
  Class: gf180mcu_fd_sc_mcu7t5v0__fillcap_16 instances: 770
  Class: gf180mcu_fd_sc_mcu7t5v0__aoi221_1 instances: 100
  Class: gf180mcu_fd_sc_mcu7t5v0__inv_3 instances: 146
  Class: gf180mcu_fd_sc_mcu7t5v0__clkbuf_2 instances: 757
  Class: gf180mcu_fd_sc_mcu7t5v0__oai21_1 instances: 1769
  Class: gf180mcu_fd_sc_mcu7t5v0__dffq_2 instances:  79
  Class: gf180mcu_fd_sc_mcu7t5v0__nor3_4 instances:  22
  Class: gf180mcu_fd_sc_mcu7t5v0__oai221_4 instances:   4
  Class: gf180mcu_fd_sc_mcu7t5v0__fillcap_32 instances:  66
  Class: gf180mcu_fd_sc_mcu7t5v0__or4_1 instances:  14
  Class: gf180mcu_fd_sc_mcu7t5v0__aoi211_2 instances:  54
  Class: gf180mcu_fd_sc_mcu7t5v0__oai31_4 instances:   6
  Class: gf180mcu_fd_sc_mcu7t5v0__oai22_4 instances:  83
  Class: gf180mcu_fd_sc_mcu7t5v0__inv_4 instances:  82
  Class: gf180mcu_fd_sc_mcu7t5v0__or2_4 instances:   8
  Class: gf180mcu_fd_sc_mcu7t5v0__aoi221_4 instances:  44
  Class: gf180mcu_fd_sc_mcu7t5v0__nand2_4 instances: 703
  Class: gf180mcu_fd_sc_mcu7t5v0__oai31_1 instances:  21
  Class: gf180mcu_fd_sc_mcu7t5v0__oai21_4 instances: 621
  Class: gf180mcu_fd_sc_mcu7t5v0__clkinv_3 instances:  15
  Class: gf180mcu_fd_sc_mcu7t5v0__buf_12 instances:  21
  Class: gf180mcu_fd_sc_mcu7t5v0__and2_4 instances:  22
  Class: gf180mcu_fd_sc_mcu7t5v0__or4_2 instances:   3
  Class: gf180mcu_fd_sc_mcu7t5v0__clkbuf_12 instances:  44
  Class: gf180mcu_fd_sc_mcu7t5v0__oai22_1 instances: 214
  Class: gf180mcu_fd_sc_mcu7t5v0__nand3_2 instances: 209
  Class: gf180mcu_fd_sc_mcu7t5v0__buf_4 instances: 337
  Class: gf180mcu_fd_sc_mcu7t5v0__nand2_1 instances: 8091
  Class: gf180mcu_fd_sc_mcu7t5v0__inv_1 instances: 186
  Class: gf180mcu_fd_sc_mcu7t5v0__or2_1 instances: 184
  Class: gf180mcu_fd_sc_mcu7t5v0__fillcap_4 instances: 4186
  Class: gf180mcu_fd_sc_mcu7t5v0__clkinv_4 instances:  23
  Class: gf180mcu_fd_sc_mcu7t5v0__and2_1 instances: 153
  Class: gf180mcu_fd_sc_mcu7t5v0__oai31_2 instances:  13
  Class: gf180mcu_fd_sc_mcu7t5v0__clkbuf_4 instances:  16
  Class: gf180mcu_fd_sc_mcu7t5v0__nor3_2 instances:  66
  Class: gf180mcu_fd_sc_mcu7t5v0__buf_1 instances: 433
  Class: gf180mcu_fd_sc_mcu7t5v0__aoi211_4 instances:  44
  Class: gf180mcu_fd_sc_mcu7t5v0__clkinv_16 instances:  18
  Class: gf180mcu_fd_sc_mcu7t5v0__oai22_2 instances:  45
  Class: gf180mcu_fd_sc_mcu7t5v0__nand4_2 instances:   7
  Class: gf180mcu_fd_sc_mcu7t5v0__nand2_2 instances: 946
  Class: gf180mcu_fd_sc_mcu7t5v0__inv_2 instances: 397
  Class: gf180mcu_fd_sc_mcu7t5v0__clkbuf_1 instances:  84
  Class: gf180mcu_fd_sc_mcu7t5v0__or3_2 instances:   3
  Class: gf180mcu_ocd_ip_sram__sram1024x8m8wm1 instances:   4
  Class: gf180mcu_fd_sc_mcu7t5v0__clkinv_1 instances: 2592
  Class: gf180mcu_fd_sc_mcu7t5v0__nor4_2 instances:  28
  Class: gf180mcu_fd_sc_mcu7t5v0__aoi211_1 instances:  26
  Class: gf180mcu_fd_sc_mcu7t5v0__xnor2_1 instances:   1
  Class: gf180mcu_fd_sc_mcu7t5v0__nor2_4 instances: 224
  Class: gf180mcu_fd_sc_mcu7t5v0__aoi21_2 instances: 274
  Class: gf180mcu_fd_sc_mcu7t5v0__tiel instances: 200
  Class: gf180mcu_fd_sc_mcu7t5v0__inv_12 instances:  23
  Class: gf180mcu_fd_sc_mcu7t5v0__or3_1 instances:  16
  Class: gf180mcu_fd_sc_mcu7t5v0__clkinv_2 instances:  67
  Class: gf180mcu_fd_sc_mcu7t5v0__oai211_2 instances:  25
  Class: gf180mcu_fd_sc_mcu7t5v0__buf_3 instances: 276
  Class: gf180mcu_fd_sc_mcu7t5v0__inv_8 instances:  80
  Class: gf180mcu_fd_sc_mcu7t5v0__nor2_1 instances: 1212
  Class: gf180mcu_fd_sc_mcu7t5v0__aoi21_1 instances: 975
  Class: gf180mcu_fd_sc_mcu7t5v0__clkbuf_3 instances:  87
  Class: gf180mcu_fd_sc_mcu7t5v0__and3_2 instances:   4
Circuit contains 34223 nets.

Circuit was modified by parallel/series device merging.
New circuit summary:

Contents of circuit 1:  Circuit: 'grouper_soc_chip_core'
Circuit grouper_soc_chip_core contains 32608 device instances.
  Class: gf180mcu_fd_sc_mcu7t5v0__oai32_2 instances:   4
  Class: gf180mcu_fd_sc_mcu7t5v0__dlyc_1 instances:  67
  Class: gf180mcu_fd_sc_mcu7t5v0__buf_8 instances: 307
  Class: gf180mcu_fd_sc_mcu7t5v0__nand4_4 instances:   8
  Class: gf180mcu_fd_sc_mcu7t5v0__nor4_4 instances:   7
  Class: gf180mcu_fd_sc_mcu7t5v0__aoi22_4 instances:  94
  Class: gf180mcu_fd_sc_mcu7t5v0__dffrnq_4 instances:  44
  Class: gf180mcu_fd_sc_mcu7t5v0__buf_16 instances:  10
  Class: gf180mcu_fd_sc_mcu7t5v0__clkbuf_16 instances: 579
  Class: gf180mcu_fd_sc_mcu7t5v0__clkbuf_8 instances: 171
  Class: gf180mcu_fd_sc_mcu7t5v0__oai221_2 instances:   8
  Class: gf180mcu_fd_sc_mcu7t5v0__clkinv_8 instances:  80
  Class: gf180mcu_fd_sc_mcu7t5v0__and4_1 instances:  26
  Class: gf180mcu_fd_sc_mcu7t5v0__nand4_1 instances: 237
  Class: gf180mcu_fd_sc_mcu7t5v0__nor2_2 instances: 260
  Class: gf180mcu_fd_sc_mcu7t5v0__aoi21_4 instances: 164
  Class: gf180mcu_fd_sc_mcu7t5v0__fillcap_8 instances:   1
  Class: gf180mcu_fd_sc_mcu7t5v0__and3_1 instances:  34
  Class: gf180mcu_fd_sc_mcu7t5v0__dffq_4 instances:  18
  Class: gf180mcu_fd_sc_mcu7t5v0__oai32_1 instances:  18
  Class: gf180mcu_fd_sc_mcu7t5v0__dffrnq_1 instances: 1460
  Class: gf180mcu_fd_sc_mcu7t5v0__nor4_1 instances:  48
  Class: gf180mcu_fd_sc_mcu7t5v0__aoi22_1 instances: 347
  Class: gf180mcu_fd_sc_mcu7t5v0__nand3_1 instances: 1532
  Class: gf180mcu_fd_sc_mcu7t5v0__oai211_4 instances:   9
  Class: gf180mcu_fd_sc_mcu7t5v0__aoi221_2 instances:  30
  Class: gf180mcu_fd_sc_mcu7t5v0__antenna instances:  82
  Class: gf180mcu_fd_sc_mcu7t5v0__or2_2 instances:  21
  Class: gf180mcu_fd_sc_mcu7t5v0__oai21_2 instances: 609
  Class: gf180mcu_fd_sc_mcu7t5v0__dffq_1 instances: 1799
  Class: gf180mcu_fd_sc_mcu7t5v0__oai32_4 instances:  31
  Class: gf180mcu_fd_sc_mcu7t5v0__clkinv_12 instances:  25
  Class: gf180mcu_fd_sc_mcu7t5v0__oai221_1 instances: 158
  Class: gf180mcu_fd_sc_mcu7t5v0__and2_2 instances:  29
  Class: gf180mcu_fd_sc_mcu7t5v0__and4_2 instances:   1
  Class: gf180mcu_fd_sc_mcu7t5v0__and3_4 instances:   1
  Class: gf180mcu_fd_sc_mcu7t5v0__nor3_1 instances: 102
  Class: gf180mcu_fd_sc_mcu7t5v0__dffrnq_2 instances: 124
  Class: gf180mcu_fd_sc_mcu7t5v0__oai211_1 instances: 734
  Class: gf180mcu_fd_sc_mcu7t5v0__buf_2 instances: 929
  Class: gf180mcu_fd_sc_mcu7t5v0__inv_20 instances:  15
  Class: gf180mcu_fd_sc_mcu7t5v0__aoi22_2 instances:  85
  Class: gf180mcu_fd_sc_mcu7t5v0__tieh instances:   9
  Class: gf180mcu_fd_sc_mcu7t5v0__inv_16 instances:   9
  Class: gf180mcu_fd_sc_mcu7t5v0__buf_20 instances:   4
  Class: gf180mcu_fd_sc_mcu7t5v0__nand3_4 instances:  74
  Class: gf180mcu_fd_sc_mcu7t5v0__fillcap_16 instances:   1
  Class: gf180mcu_fd_sc_mcu7t5v0__aoi221_1 instances: 100
  Class: gf180mcu_fd_sc_mcu7t5v0__inv_3 instances: 146
  Class: gf180mcu_fd_sc_mcu7t5v0__clkbuf_2 instances: 757
  Class: gf180mcu_fd_sc_mcu7t5v0__dffq_2 instances:  79
  Class: gf180mcu_fd_sc_mcu7t5v0__oai21_1 instances: 1769
  Class: gf180mcu_fd_sc_mcu7t5v0__nor3_4 instances:  22
  Class: gf180mcu_fd_sc_mcu7t5v0__oai221_4 instances:   4
  Class: gf180mcu_fd_sc_mcu7t5v0__fillcap_32 instances:   1
  Class: gf180mcu_fd_sc_mcu7t5v0__or4_1 instances:  14
  Class: gf180mcu_fd_sc_mcu7t5v0__aoi211_2 instances:  54
  Class: gf180mcu_fd_sc_mcu7t5v0__oai31_4 instances:   6
  Class: gf180mcu_fd_sc_mcu7t5v0__oai22_4 instances:  83
  Class: gf180mcu_fd_sc_mcu7t5v0__inv_4 instances:  82
  Class: gf180mcu_fd_sc_mcu7t5v0__or2_4 instances:   8
  Class: gf180mcu_fd_sc_mcu7t5v0__aoi221_4 instances:  44
  Class: gf180mcu_fd_sc_mcu7t5v0__nand2_4 instances: 703
  Class: gf180mcu_fd_sc_mcu7t5v0__oai31_1 instances:  21
  Class: gf180mcu_fd_sc_mcu7t5v0__oai21_4 instances: 621
  Class: gf180mcu_fd_sc_mcu7t5v0__clkinv_3 instances:  15
  Class: gf180mcu_fd_sc_mcu7t5v0__buf_12 instances:  21
  Class: gf180mcu_fd_sc_mcu7t5v0__and2_4 instances:  22
  Class: gf180mcu_fd_sc_mcu7t5v0__or4_2 instances:   3
  Class: gf180mcu_fd_sc_mcu7t5v0__clkbuf_12 instances:  44
  Class: gf180mcu_fd_sc_mcu7t5v0__oai22_1 instances: 214
  Class: gf180mcu_fd_sc_mcu7t5v0__nand3_2 instances: 209
  Class: gf180mcu_fd_sc_mcu7t5v0__buf_4 instances: 337
  Class: gf180mcu_fd_sc_mcu7t5v0__nand2_1 instances: 8091
  Class: gf180mcu_fd_sc_mcu7t5v0__inv_1 instances: 186
  Class: gf180mcu_fd_sc_mcu7t5v0__or2_1 instances: 184
  Class: gf180mcu_fd_sc_mcu7t5v0__fillcap_4 instances:   1
  Class: gf180mcu_fd_sc_mcu7t5v0__clkinv_4 instances:  23
  Class: gf180mcu_fd_sc_mcu7t5v0__and2_1 instances: 153
  Class: gf180mcu_fd_sc_mcu7t5v0__oai31_2 instances:  13
  Class: gf180mcu_fd_sc_mcu7t5v0__clkbuf_4 instances:  16
  Class: gf180mcu_fd_sc_mcu7t5v0__nor3_2 instances:  66
  Class: gf180mcu_fd_sc_mcu7t5v0__buf_1 instances: 433
  Class: gf180mcu_fd_sc_mcu7t5v0__aoi211_4 instances:  44
  Class: gf180mcu_fd_sc_mcu7t5v0__clkinv_16 instances:  18
  Class: gf180mcu_fd_sc_mcu7t5v0__oai22_2 instances:  45
  Class: gf180mcu_fd_sc_mcu7t5v0__nand4_2 instances:   7
  Class: gf180mcu_fd_sc_mcu7t5v0__nand2_2 instances: 946
  Class: gf180mcu_fd_sc_mcu7t5v0__inv_2 instances: 397
  Class: gf180mcu_fd_sc_mcu7t5v0__clkbuf_1 instances:  84
  Class: gf180mcu_fd_sc_mcu7t5v0__or3_2 instances:   3
  Class: gf180mcu_ocd_ip_sram__sram1024x8m8wm1 instances:   4
  Class: gf180mcu_fd_sc_mcu7t5v0__clkinv_1 instances: 2592
  Class: gf180mcu_fd_sc_mcu7t5v0__nor4_2 instances:  28
  Class: gf180mcu_fd_sc_mcu7t5v0__aoi211_1 instances:  26
  Class: gf180mcu_fd_sc_mcu7t5v0__xnor2_1 instances:   1
  Class: gf180mcu_fd_sc_mcu7t5v0__nor2_4 instances: 224
  Class: gf180mcu_fd_sc_mcu7t5v0__aoi21_2 instances: 274
  Class: gf180mcu_fd_sc_mcu7t5v0__tiel instances: 200
  Class: gf180mcu_fd_sc_mcu7t5v0__inv_12 instances:  23
  Class: gf180mcu_fd_sc_mcu7t5v0__or3_1 instances:  16
  Class: gf180mcu_fd_sc_mcu7t5v0__clkinv_2 instances:  67
  Class: gf180mcu_fd_sc_mcu7t5v0__oai211_2 instances:  25
  Class: gf180mcu_fd_sc_mcu7t5v0__buf_3 instances: 276
  Class: gf180mcu_fd_sc_mcu7t5v0__inv_8 instances:  80
  Class: gf180mcu_fd_sc_mcu7t5v0__nor2_1 instances: 1212
  Class: gf180mcu_fd_sc_mcu7t5v0__aoi21_1 instances: 975
  Class: gf180mcu_fd_sc_mcu7t5v0__and3_2 instances:   4
  Class: gf180mcu_fd_sc_mcu7t5v0__clkbuf_3 instances:  87
Circuit contains 32571 nets.
Contents of circuit 2:  Circuit: 'grouper_soc_chip_core'
Circuit grouper_soc_chip_core contains 32608 device instances.
  Class: gf180mcu_fd_sc_mcu7t5v0__oai32_2 instances:   4
  Class: gf180mcu_fd_sc_mcu7t5v0__dlyc_1 instances:  67
  Class: gf180mcu_fd_sc_mcu7t5v0__buf_8 instances: 307
  Class: gf180mcu_fd_sc_mcu7t5v0__nand4_4 instances:   8
  Class: gf180mcu_fd_sc_mcu7t5v0__nor4_4 instances:   7
  Class: gf180mcu_fd_sc_mcu7t5v0__aoi22_4 instances:  94
  Class: gf180mcu_fd_sc_mcu7t5v0__dffrnq_4 instances:  44
  Class: gf180mcu_fd_sc_mcu7t5v0__buf_16 instances:  10
  Class: gf180mcu_fd_sc_mcu7t5v0__clkbuf_16 instances: 579
  Class: gf180mcu_fd_sc_mcu7t5v0__clkbuf_8 instances: 171
  Class: gf180mcu_fd_sc_mcu7t5v0__oai221_2 instances:   8
  Class: gf180mcu_fd_sc_mcu7t5v0__clkinv_8 instances:  80
  Class: gf180mcu_fd_sc_mcu7t5v0__and4_1 instances:  26
  Class: gf180mcu_fd_sc_mcu7t5v0__nand4_1 instances: 237
  Class: gf180mcu_fd_sc_mcu7t5v0__nor2_2 instances: 260
  Class: gf180mcu_fd_sc_mcu7t5v0__aoi21_4 instances: 164
  Class: gf180mcu_fd_sc_mcu7t5v0__fillcap_8 instances:   1
  Class: gf180mcu_fd_sc_mcu7t5v0__and3_1 instances:  34
  Class: gf180mcu_fd_sc_mcu7t5v0__dffq_4 instances:  18
  Class: gf180mcu_fd_sc_mcu7t5v0__oai32_1 instances:  18
  Class: gf180mcu_fd_sc_mcu7t5v0__dffrnq_1 instances: 1460
  Class: gf180mcu_fd_sc_mcu7t5v0__nor4_1 instances:  48
  Class: gf180mcu_fd_sc_mcu7t5v0__aoi22_1 instances: 347
  Class: gf180mcu_fd_sc_mcu7t5v0__nand3_1 instances: 1532
  Class: gf180mcu_fd_sc_mcu7t5v0__oai211_4 instances:   9
  Class: gf180mcu_fd_sc_mcu7t5v0__aoi221_2 instances:  30
  Class: gf180mcu_fd_sc_mcu7t5v0__antenna instances:  82
  Class: gf180mcu_fd_sc_mcu7t5v0__or2_2 instances:  21
  Class: gf180mcu_fd_sc_mcu7t5v0__oai21_2 instances: 609
  Class: gf180mcu_fd_sc_mcu7t5v0__dffq_1 instances: 1799
  Class: gf180mcu_fd_sc_mcu7t5v0__oai32_4 instances:  31
  Class: gf180mcu_fd_sc_mcu7t5v0__clkinv_12 instances:  25
  Class: gf180mcu_fd_sc_mcu7t5v0__oai221_1 instances: 158
  Class: gf180mcu_fd_sc_mcu7t5v0__and2_2 instances:  29
  Class: gf180mcu_fd_sc_mcu7t5v0__and4_2 instances:   1
  Class: gf180mcu_fd_sc_mcu7t5v0__and3_4 instances:   1
  Class: gf180mcu_fd_sc_mcu7t5v0__nor3_1 instances: 102
  Class: gf180mcu_fd_sc_mcu7t5v0__dffrnq_2 instances: 124
  Class: gf180mcu_fd_sc_mcu7t5v0__oai211_1 instances: 734
  Class: gf180mcu_fd_sc_mcu7t5v0__buf_2 instances: 929
  Class: gf180mcu_fd_sc_mcu7t5v0__inv_20 instances:  15
  Class: gf180mcu_fd_sc_mcu7t5v0__aoi22_2 instances:  85
  Class: gf180mcu_fd_sc_mcu7t5v0__tieh instances:   9
  Class: gf180mcu_fd_sc_mcu7t5v0__inv_16 instances:   9
  Class: gf180mcu_fd_sc_mcu7t5v0__buf_20 instances:   4
  Class: gf180mcu_fd_sc_mcu7t5v0__nand3_4 instances:  74
  Class: gf180mcu_fd_sc_mcu7t5v0__fillcap_16 instances:   1
  Class: gf180mcu_fd_sc_mcu7t5v0__aoi221_1 instances: 100
  Class: gf180mcu_fd_sc_mcu7t5v0__inv_3 instances: 146
  Class: gf180mcu_fd_sc_mcu7t5v0__clkbuf_2 instances: 757
  Class: gf180mcu_fd_sc_mcu7t5v0__oai21_1 instances: 1769
  Class: gf180mcu_fd_sc_mcu7t5v0__dffq_2 instances:  79
  Class: gf180mcu_fd_sc_mcu7t5v0__nor3_4 instances:  22
  Class: gf180mcu_fd_sc_mcu7t5v0__oai221_4 instances:   4
  Class: gf180mcu_fd_sc_mcu7t5v0__fillcap_32 instances:   1
  Class: gf180mcu_fd_sc_mcu7t5v0__or4_1 instances:  14
  Class: gf180mcu_fd_sc_mcu7t5v0__aoi211_2 instances:  54
  Class: gf180mcu_fd_sc_mcu7t5v0__oai31_4 instances:   6
  Class: gf180mcu_fd_sc_mcu7t5v0__oai22_4 instances:  83
  Class: gf180mcu_fd_sc_mcu7t5v0__inv_4 instances:  82
  Class: gf180mcu_fd_sc_mcu7t5v0__or2_4 instances:   8
  Class: gf180mcu_fd_sc_mcu7t5v0__aoi221_4 instances:  44
  Class: gf180mcu_fd_sc_mcu7t5v0__nand2_4 instances: 703
  Class: gf180mcu_fd_sc_mcu7t5v0__oai31_1 instances:  21
  Class: gf180mcu_fd_sc_mcu7t5v0__oai21_4 instances: 621
  Class: gf180mcu_fd_sc_mcu7t5v0__clkinv_3 instances:  15
  Class: gf180mcu_fd_sc_mcu7t5v0__buf_12 instances:  21
  Class: gf180mcu_fd_sc_mcu7t5v0__and2_4 instances:  22
  Class: gf180mcu_fd_sc_mcu7t5v0__or4_2 instances:   3
  Class: gf180mcu_fd_sc_mcu7t5v0__clkbuf_12 instances:  44
  Class: gf180mcu_fd_sc_mcu7t5v0__oai22_1 instances: 214
  Class: gf180mcu_fd_sc_mcu7t5v0__nand3_2 instances: 209
  Class: gf180mcu_fd_sc_mcu7t5v0__buf_4 instances: 337
  Class: gf180mcu_fd_sc_mcu7t5v0__nand2_1 instances: 8091
  Class: gf180mcu_fd_sc_mcu7t5v0__inv_1 instances: 186
  Class: gf180mcu_fd_sc_mcu7t5v0__or2_1 instances: 184
  Class: gf180mcu_fd_sc_mcu7t5v0__fillcap_4 instances:   1
  Class: gf180mcu_fd_sc_mcu7t5v0__clkinv_4 instances:  23
  Class: gf180mcu_fd_sc_mcu7t5v0__and2_1 instances: 153
  Class: gf180mcu_fd_sc_mcu7t5v0__oai31_2 instances:  13
  Class: gf180mcu_fd_sc_mcu7t5v0__clkbuf_4 instances:  16
  Class: gf180mcu_fd_sc_mcu7t5v0__nor3_2 instances:  66
  Class: gf180mcu_fd_sc_mcu7t5v0__buf_1 instances: 433
  Class: gf180mcu_fd_sc_mcu7t5v0__aoi211_4 instances:  44
  Class: gf180mcu_fd_sc_mcu7t5v0__clkinv_16 instances:  18
  Class: gf180mcu_fd_sc_mcu7t5v0__oai22_2 instances:  45
  Class: gf180mcu_fd_sc_mcu7t5v0__nand4_2 instances:   7
  Class: gf180mcu_fd_sc_mcu7t5v0__nand2_2 instances: 946
  Class: gf180mcu_fd_sc_mcu7t5v0__inv_2 instances: 397
  Class: gf180mcu_fd_sc_mcu7t5v0__clkbuf_1 instances:  84
  Class: gf180mcu_fd_sc_mcu7t5v0__or3_2 instances:   3
  Class: gf180mcu_ocd_ip_sram__sram1024x8m8wm1 instances:   4
  Class: gf180mcu_fd_sc_mcu7t5v0__clkinv_1 instances: 2592
  Class: gf180mcu_fd_sc_mcu7t5v0__nor4_2 instances:  28
  Class: gf180mcu_fd_sc_mcu7t5v0__aoi211_1 instances:  26
  Class: gf180mcu_fd_sc_mcu7t5v0__xnor2_1 instances:   1
  Class: gf180mcu_fd_sc_mcu7t5v0__nor2_4 instances: 224
  Class: gf180mcu_fd_sc_mcu7t5v0__aoi21_2 instances: 274
  Class: gf180mcu_fd_sc_mcu7t5v0__tiel instances: 200
  Class: gf180mcu_fd_sc_mcu7t5v0__inv_12 instances:  23
  Class: gf180mcu_fd_sc_mcu7t5v0__or3_1 instances:  16
  Class: gf180mcu_fd_sc_mcu7t5v0__clkinv_2 instances:  67
  Class: gf180mcu_fd_sc_mcu7t5v0__oai211_2 instances:  25
  Class: gf180mcu_fd_sc_mcu7t5v0__buf_3 instances: 276
  Class: gf180mcu_fd_sc_mcu7t5v0__inv_8 instances:  80
  Class: gf180mcu_fd_sc_mcu7t5v0__nor2_1 instances: 1212
  Class: gf180mcu_fd_sc_mcu7t5v0__aoi21_1 instances: 975
  Class: gf180mcu_fd_sc_mcu7t5v0__clkbuf_3 instances:  87
  Class: gf180mcu_fd_sc_mcu7t5v0__and3_2 instances:   4
Circuit contains 34223 nets.

Circuit 1 contains 32608 devices, Circuit 2 contains 32608 devices.
Circuit 1 contains 32571 nets,    Circuit 2 contains 32571 nets.


Final result: 
Circuits match uniquely.
.
Logging to file "/foss/runs/pnr-5357/grouper/librelane/classic/runs/sdc_falsepath_fix/68-netgen-lvs/reports/lvs.netgen.rpt" disabled
LVS Done.
